timestamp,gnss_available,dr_error_x,dr_error_y,dr_error_m,ai_error_x,ai_error_y,ai_error_m,distance_since_outage_m
0.0,True,0.0,0.0,0.0,0.0074417057169969,-1.2417584351929636,1.241780733606725,
0.1,True,0.0028548389972771204,0.0095326992993123,0.009951003046501565,-0.002805659248969361,-0.0069165130332511995,0.007463904900282494,
0.2,True,0.009210639278696142,0.0222336054740591,0.02406593210948562,0.0078342130049327,-0.028101323206644498,0.02917291996648524,
0.3,True,0.01593274731636596,0.0332607065530807,0.03687990018231221,-0.00018106565791997653,-0.002463418014946303,0.002470063377494589,
0.4,True,0.016868942071654125,0.0423801806817362,0.04561404302661,0.0011457472086036091,0.0020159684804873026,0.002318806930372006,
0.5,True,0.019064696486301713,0.051502397391188504,0.05491775295070534,0.007520488645473833,-0.2313940396797024,0.23151621832769814,
0.6000000000000001,True,0.02408092464935141,0.06063418745756369,0.06524105778270854,0.0006979235358484104,-0.2599176229472717,0.25991855996796764,
0.7000000000000001,True,0.028184851188209237,0.06922557838818541,0.07474333776116975,0.0012762468533598081,-0.2083767413978463,0.20838064968133585,
0.8,True,0.0323697209818441,0.0888642580462348,0.09457618724895947,0.0015333360185003642,-0.5096320359545728,0.5096343426325866,
0.9,True,0.035124279841816985,0.10162382714654028,0.10752263612056844,0.001701828687377116,-0.10009040071554101,0.10010486769522625,
1.0,True,0.04115899782612864,0.1167003994274734,0.12374589418878953,-0.0002218747844100477,-0.02120864557806973,0.021209806120663473,
1.1,True,0.047185040934772715,0.1270231878513568,0.13550394215644523,0.0010640616771571132,-0.017761032795989118,0.01779287816046059,
1.2000000000000002,True,0.05166467081978787,0.13840329200235313,0.14773188365415799,-0.00163550571183535,-0.5636911786619259,0.5636935513026601,
1.3,True,0.05832071575709463,0.14812683507750912,0.1591944256451821,-0.0019443838613995013,-0.31257588708668754,0.31258193456537137,
1.4,True,0.06408270476865852,0.15093785673514148,0.163978137708248,0.0007892174202304147,-0.012614345466158028,0.012639010075000998,
1.5,True,0.06684335646292894,0.15813476535032567,0.17168179378033288,0.0034117000888791438,-0.014872057148766049,0.015258367584136295,
1.6,True,0.07213448796310118,0.1640254893240055,0.17918634295525493,0.00011294141595286078,-0.0010178328412052684,0.0010240798094257235,
1.7000000000000002,True,0.07488007001227004,0.16816310321841865,0.18408110758329055,0.0006152848799487742,0.00045672486622327924,0.0007662722015839083,
1.8,True,0.0809085304767585,0.17646343061378356,0.19412761948752724,0.0015512167331799276,0.000239795973047352,0.001569641826018641,
1.9,True,0.0841033254144854,0.19373098103786024,0.21119910596322747,-0.00021084564793483196,-0.006173582206684403,0.006177181651039843,
2.0,True,0.08747306236442043,0.20608892711769267,0.2238843061045848,0.0008027130925007953,-0.001623698638451243,0.001811282854051407,
2.1,True,0.08922532732736244,0.22322457794246953,0.2403962795765954,0.0011417520572258866,0.004040148208854122,0.004198380081613231,
2.2,True,0.09504757949474296,0.23768199557501246,0.25598197863976624,0.007024537379074047,0.00024220641698713408,0.00702871178370818,
2.3000000000000003,True,0.09788497602744783,0.2532167147063231,0.271477758091814,0.00076522074551022,0.0020892498243167967,0.0022249781162445134,
2.4000000000000004,True,0.1008925625774637,0.2625939030556177,0.2813092019565492,9.396886114387826e-05,0.0035861074843281937,0.0035873384334377157,
2.5,True,0.10329951841155349,0.2772363935475397,0.2958560602916648,-0.00010347208138483666,0.008432696451071031,0.008433331246164357,
2.6,True,0.10727574143066931,0.29292289641928804,0.31194856618706357,0.0001563022821713389,0.002369148837934265,0.002374299184959058,
2.7,True,0.11153910499925246,0.303821925732771,0.3236490916100394,-0.0002900486994548146,-0.0034710888680735685,0.0034831862106582353,
2.8000000000000003,True,0.11521900864322987,0.3189528588835677,0.339125855904161,0.0018069203120205657,0.0033782933693915496,0.003831165240976615,
2.9000000000000004,True,0.11886101961057705,0.3341586303118409,0.3546687640528153,-0.0007360867033057161,0.0008556795127967476,0.001128720985630885,
3.0,True,0.12646711410563682,0.34582378754334187,0.3682227898718799,0.0020166769438105803,-0.002327272936438085,0.003079478075319636,
3.1,True,0.12933099090224687,0.3546143140619362,0.37746233844633376,0.001759826252282437,0.006004311182257194,0.006256895493102088,
3.2,True,0.1319876100544093,0.3631684575813021,0.3864091844015316,-0.00014720099488840788,-0.004295383705209765,0.004297905223231163,
3.3000000000000003,True,0.13322681979881423,0.3763362828460606,0.3992222229537026,0.0002338893645941198,-0.0003044057618351026,0.00038388423086739353,
3.4000000000000004,True,0.1370807593254284,0.3909052033363558,0.4142439046898261,-0.0011106359180814707,-0.005502906355274284,0.005613865913739905,
3.5,True,0.1426255273646575,0.40153282063658136,0.4261110736702529,-0.003225055790977649,-0.01284984298195635,0.013248375353825514,
3.6,True,0.14514589406286404,0.4147868156839367,0.4394490107265327,-0.0007913961212366871,-0.014020816769379607,0.014043133934461527,
3.7,True,0.1458270553303791,0.4298124913530508,0.45387697428867857,0.0011610825942014458,-0.002965536627234755,0.0031847323714919037,
3.8,True,0.14646212374742618,0.44503550269509073,0.4685165443734922,0.00020930500432569943,0.009232573807073763,0.009234946003518391,
3.9,True,0.14929062148138428,0.4642861776033387,0.48769800530227403,-0.0012921952733364606,-0.013608471579829029,0.01366968424519921,
4.0,True,0.15244924739118204,0.48257209205906637,0.5060796351014352,-0.0012077456550656507,-0.0030444417174759764,0.003275251889311421,
4.1000000000000005,True,0.1568089083148294,0.49234184947569837,0.516710296464121,0.0044098453466432375,0.014277888032484753,0.014943387254885766,
4.2,True,0.15681428889001836,0.5116152627562887,0.5351083051918261,-0.00344029246335964,-0.016176793341979412,0.01653856871263528,
4.3,True,0.16017578216487038,0.5230381649756897,0.5470148107805352,0.001401753515835935,0.010563074413325602,0.010655677077530663,
4.4,True,0.16211053030713884,0.5402699050109572,0.5640668349557617,-0.0013489052886086483,-0.004396125949371665,0.004598420254867459,
4.5,True,0.16494760117134888,0.5539275295162565,0.5779648943388911,0.002562783190072082,0.01855413233677705,0.018730287890204783,
4.6000000000000005,True,0.16939915473734857,0.56607203001351,0.5908752971561295,3.0448074028299743e-05,-0.0028863160430878665,0.00288647663870651,
4.7,True,0.1736115057584584,0.5727898153207276,0.5985224536029308,0.0038739853509213162,0.0036657006813900495,0.00533339703985147,
4.800000000000001,True,0.17745111585973916,0.5857638010458572,0.6120523908421216,0.001581496168881813,0.005636939180430289,0.005854589093698887,
4.9,True,0.18114075857737078,0.5933533480360893,0.6203871130541171,0.005132281378365633,0.012186923531942284,0.013223517584974403,
5.0,True,0.1832625714376661,0.6103854563548694,0.6373033621592529,-0.0014343917948167473,-0.011299181052851992,0.011389862698301813,
5.1000000000000005,True,0.1855737186317299,0.6295914698469449,0.6563711023124381,0.0006108966527733628,-0.004786314158861771,0.0048251422722745034,
5.2,True,0.18563131451979586,0.6393694399323842,0.6657719321583014,-7.976887691540924e-05,0.012659903166788666,0.012660154472445825,
5.300000000000001,True,0.18700207928277734,0.6536762292341525,0.6798988088839856,-0.00039204695008265844,-0.0007887366789116612,0.0008807987055676861,
5.4,True,0.18888682920332656,0.664130956149128,0.6904695222542713,9.645391273238602e-05,0.0039336657088160365,0.003934848061361017,
5.5,True,0.19033955006180747,0.6748659809176321,0.7011941503732394,-2.254875651885868e-05,0.0015191013472328763,0.0015192686890689504,
5.6000000000000005,True,0.19130291284079703,0.6909069983569136,0.7169025630027653,0.00012116891741698055,-0.00013410925247647754,0.00018074069311530995,
5.7,True,0.19636717801262193,0.7047525407908157,0.7315983955366162,0.0013403636571496236,0.003730848334594583,0.003964316338179219,
5.800000000000001,True,0.19526686491461476,0.7240271743203266,0.7498963246261839,-0.001155928059418443,-0.006787464011958733,0.006885189713594377,
5.9,True,0.19961771405478146,0.7360107547664523,0.7626001985944793,0.0018368212207064971,0.009170114353269199,0.009352267609990183,
6.0,True,0.19748340639719686,0.7521605722328157,0.7776536647016056,-0.0007319583449429956,-0.005570841812470917,0.0056187224097926335,
6.1000000000000005,True,0.1987238700591547,0.7656464904471267,0.7910156287111462,-0.00028103373172427837,0.0018200171574278556,0.0018415869275433744,
6.2,True,0.20026462512973353,0.7818980883387514,0.8071372501787701,-0.00038762728435415283,-0.0029499530534664586,0.002975311400380111,
6.300000000000001,True,0.20370567870286038,0.793830805312771,0.8195507006886855,0.000894765807231579,0.002420744838389055,0.002580816038073623,
6.4,True,0.20698900620251948,0.8072639422268697,0.8333783781142714,0.00019540462716349793,-0.0014608650989273997,0.0014738757768486008,
6.5,True,0.210450073648758,0.8204952887281518,0.8470547516683091,0.0016466690978091947,0.0059558589950974294,0.006179302184483512,
6.6000000000000005,True,0.212330119044438,0.830551933773723,0.8572634333439727,0.001522476284918639,0.00011965354797283112,0.00152717091698413,
6.7,True,0.21253571822111894,0.8459295170449401,0.8722202584941791,-0.0004238749164358069,-0.005880955997339399,0.005896211782782713,
6.800000000000001,True,0.21525037990092244,0.861933783616541,0.8884045099992557,0.0018485202918725463,0.0015461501331586192,0.002409897820184702,
6.9,True,0.2159416214124832,0.8771705495151547,0.9033598157959932,0.0016129838208343017,0.00437615905517319,0.0046639559262977096,
7.0,True,0.213551934835138,0.8951678212800918,0.9202879207765238,0.0005757705717854833,-0.008462045950587083,0.00848161148728126,
7.1000000000000005,True,0.2114618240369026,0.9128973530098481,0.9370686635233307,-0.001712602902344429,-0.005974135998704,0.0062147654527045185,
7.2,True,0.21157195433292486,0.924244272886062,0.9481509203828992,-0.0012565983150381044,0.004322151007324138,0.0045011141571248406,
7.300000000000001,True,0.21359764601450593,0.9390117505912716,0.962998973068727,-0.00015801342536292395,0.008398087179289249,0.008399573591173385,
7.4,True,0.215921817662462,0.9500451379110224,0.97427305998423,-4.947272297783911e-05,0.0030012079576096085,0.0030016156907802303,
7.5,True,0.21857967891588714,0.9636670245124854,0.9881453385852303,0.0006625056853835076,0.0037779297915960797,0.0038355791340284806,
7.6,True,0.21970795616122984,0.9744465040255434,0.9989081915812625,-0.0006436473649245045,0.001242355756449598,0.001399188963634902,
7.7,True,0.21952381193607096,0.9933365204322371,1.0173043530976202,-0.0010455377300928603,-0.006982906381239218,0.007060745759068168,
7.800000000000001,True,0.22154099695073626,1.0080892931958836,1.0321455500006296,-0.0001818168934306641,0.001920078076764753,0.0019286672091393606,
7.9,True,0.2223622478458651,1.0202407389646808,1.0441916178126809,-0.0007632470910010625,0.0033529296864216462,0.0034387037679929834,
8.0,True,0.223026991859669,1.0377545546775409,1.0614497420283044,-0.0014339908378104838,-0.003834207011170321,0.004093589271950969,
8.1,True,0.22526047902709934,1.0428930220171218,1.066943362500336,4.699719666234614e-05,0.0038990035206794005,0.0038992867541083045,
8.200000000000001,True,0.22787111993220321,1.0487592639826175,1.0732293515779925,0.0009076725557406462,0.0017171023165403199,0.0019422435053084589,
8.3,True,0.22722752049703843,1.0643116849468122,1.0882976195809464,0.00033408287845304585,-0.00890427715199138,0.008910542237661589,
8.4,True,0.22584205821175374,1.076796183214558,1.1002248204084297,-0.0013873650753595257,-0.004275322579406549,0.004494793099833495,
8.5,True,0.22738119619931751,1.0909967309898398,1.1144398034059757,-0.00026494771955754004,0.0028590807452104627,0.002871330702258442,
8.6,True,0.22891422654318205,1.0991657381031956,1.1227497686189056,-7.933812099736315e-05,0.0009953880091480016,0.0009985448543751124,
8.700000000000001,True,0.2297933010367217,1.1121000981385833,1.1355930562843364,0.00029847020294937465,0.0017057393807533572,0.0017316556519994058,
8.8,True,0.22906880083914416,1.1322415982238603,1.155181177247277,-0.00019611809220521081,-0.00024206063082843343,0.0003115375660931932,
8.9,True,0.2296597351640628,1.1483299000703049,1.1710700890002717,2.9425304944652453e-05,0.0020639279656151643,0.0020641377124163583,
9.0,True,0.2314151363309236,1.162332411972745,1.1851453924499893,0.0011253958910089068,0.007217514887567944,0.007304727035541071,
9.1,True,0.23243961895106224,1.1737464207220505,1.1965403614654793,0.0006958728477997056,0.0015629492480115914,0.0017108621721707658,
9.2,True,0.23276532332818078,1.1850823700359534,1.2077251009704588,0.01279856605133034,0.004976331871883843,0.01373197625505493,
9.3,True,0.23584677614239524,1.1907928649766681,1.2139239469983705,0.006962291310557589,0.0049384894681168134,0.00853593454284687,
9.4,True,0.23291905319200623,1.2034223035293756,1.2257554919199054,7.491803523862473e-05,-0.008390196459579613,0.008390530933281057,
9.5,True,0.22965741154368402,1.2181731828661881,1.239632377009928,0.0022967988408311157,-0.006726196389195138,0.007107531412611897,
9.6,True,0.2296624161276668,1.2248885738372834,1.2462330615493764,-0.0007302644384878931,0.004799556736703181,0.004854794642304958,
9.7,True,0.22908925615095654,1.2348906596873555,1.2559605203456319,-0.0015758439910769084,-0.0016411118365837751,0.0022751994076099288,
9.8,True,0.23173127892192724,1.2442336842931354,1.265629032047093,0.0007257016886796919,0.0032735828721399685,0.0033530564805443882,
9.9,True,0.23166082771712126,1.253277446813243,1.2745081787847825,0.00018622908504539737,-0.028054875038769467,0.028055493129030665,
10.0,True,0.2312026507850078,1.2660968414298281,1.287033751542127,-0.001822352335011601,-0.030766722029149207,0.03082064490648853,
10.1,True,0.23664603571097587,1.273030316969681,1.2948388062386944,0.0020536667407498044,0.00784645680956686,0.008110760232337044,
10.2,True,0.2353847307902015,1.2877181420111086,1.3090546148857645,-6.012750893091834e-05,-0.0340052359313745,0.03400528908957802,
10.3,True,0.23590215268814063,1.3036941662034387,1.324865391138201,0.00019568920080814678,-0.0011662898205386796,0.0011825930021799878,
10.4,True,0.23464576311189944,1.3150698727799046,1.3358395878396927,-0.0013049271662737283,-0.1520936394940655,0.15209923737303893,
10.5,True,0.23773916834414877,1.3196278668740717,1.3408719622676806,0.001052616868463474,-0.024058085353861003,0.024081101992339034,
10.6,True,0.23739169590237452,1.3285266787324481,1.3495695437387711,0.00048099353318775684,-0.03029918707752799,0.030303004675081437,
10.7,True,0.23498347534038544,1.3452415445881591,1.3656105033899606,-0.0010350414099491445,-0.004327439892083618,0.0044494996055631005,
10.8,True,0.24035699414730516,1.3496808915714453,1.3709157500403222,0.0020692279732372754,0.004386671348509452,0.004850215451406399,
10.9,True,0.2375272707063516,1.3600876562656978,1.3806728928517165,0.00033543410913239313,-0.028587158327134432,0.02858912620669301,
11.0,True,0.23980410343008884,1.3695092736435868,1.3903458773332964,0.001085191857640666,0.00150054150712009,0.0018518277950392232,
11.1,True,0.2387376709831983,1.385283088808471,1.4057044183203025,0.0010535406763096944,-0.007210523835951221,0.0072870845984838,
11.2,True,0.23828342382682877,1.39553637519721,1.4157332957055166,0.0009624479349383819,0.000666559236904618,0.0011707293640163053,
11.3,True,0.23458697010295282,1.4085884391324726,1.4279889486266129,-0.001170385507549554,-0.0024044304325485655,0.0026741518171651568,
11.4,True,0.23330000857927757,1.4234559478344764,1.4424478255480988,-0.00022247592900725977,-0.0005665254849702706,0.0006086432979245262,
11.5,True,0.22883332603598205,1.4419219681841398,1.4599670042287647,-0.0029890041302564896,0.0023494154175907056,0.003801828309524677,
11.6,True,0.22884848534150137,1.45445008162136,1.4723439371191367,-0.0015442314929998702,0.0024967887965630098,0.0029357461059524837,
11.7,True,0.22746205092346372,1.468674551633299,1.4861843503501107,-0.001110985690814914,0.0016284199228451257,0.0019713043018048776,
11.8,True,0.23182321626734392,1.4783126165419915,1.496379028130161,0.0025677521852003338,0.004033332834822545,0.00478133088596248,
11.9,True,0.22839324933443095,1.494924682034572,1.5122709020865628,0.0002799514118123625,-0.0031219365830850165,0.003134463402526864,
12.0,True,0.22672933447850596,1.5045457265681037,1.5215334483498577,-0.0010999282377781583,0.003648962365318198,0.003811137424938957,
12.1,True,0.2267640730506173,1.5159380450996096,1.5328046520698364,-0.00027758280512557576,-0.0034845883164038582,0.0034956269750246035,
12.2,True,0.2258320686856905,1.5291043090504814,1.5456908200554238,-0.00087838760865111,-0.003273848782320954,0.003389638718290816,
12.3,True,0.2294980510196183,1.5384687712775715,1.5554920493586986,0.0013693741009603855,0.0023908666699696823,0.002755254772603249,
12.4,True,0.2289393222696674,1.5530594376302247,1.569842931663421,0.001594538546100921,0.00264152316252364,0.0030854817765059855,
12.5,True,0.22605424220262194,1.5695216533965919,1.5857171062010316,0.0005232692648462489,-0.003144499078942431,0.0031877398232921287,
12.6,True,0.22617377932186855,1.5849859601811502,1.6010418709153424,0.002192443547073708,0.0018027420847204212,0.002838430504896548,
12.7,True,0.22515876446956895,1.5918168399746122,1.6076620668673574,0.0008591397419195346,0.00672557812071517,0.006780230243434817,
12.8,True,0.22219383737049725,1.6038122741789635,1.6191306038033269,-0.001063909094796145,-0.002079701129083844,0.0023360349629880472,
12.9,True,0.21691720286719374,1.6181919763828745,1.6326660238179884,8.367512208451444e-06,-0.0021306856086269477,0.002130702038782182,
13.0,True,0.21761084606723102,1.624984295184639,1.639490298819366,0.0017726087154699144,-0.00029389335258400706,0.0017968068791200038,
13.1,True,0.2149584406087115,1.6332063525762095,1.6472917535410099,0.0012997933766314418,-0.000614077280381764,0.00143755129585557,
13.2,True,0.21153130243772011,1.6496731610188888,1.6631797948799918,0.001917507745815783,-0.003831990440176014,0.004284972192309291,
13.3,True,0.20778988317707103,1.6633054800744702,1.6762343975698937,0.007948300633159988,0.000994979605756896,0.008010335034876108,
13.4,True,0.20155102841113148,1.675929559680199,1.6880055408864778,0.0064813665208589555,0.00046164385660318885,0.006497786317512356,
13.5,True,0.19276447983159528,1.6934428222074587,1.7043786952349258,0.0008992143690420562,-0.0023574096696847846,0.002523086766683823,
13.6,True,0.1890062579173275,1.7082746926172803,1.7186988657029405,0.0005907045511150955,-1.6976455782469202e-05,0.0005909484467861986,
13.7,True,0.18550470860867563,1.724296916232639,1.734246767978934,0.004179086896527906,0.004723654236471475,0.006306954624417886,
13.8,True,0.17897441684303317,1.7478828177760874,1.7570219653041277,-0.0005082386865638,-0.004627401747967497,0.004655228619478612,
13.9,True,0.18043392834050564,1.7638203559815793,1.7730252820169745,0.0007734411342426029,0.002544351154583069,0.002659310810335392,
14.0,True,0.17916039545832518,1.774967872757017,1.7839869384668583,0.0029838145028122653,0.004809330123187294,0.005659753106009972,
14.1,True,0.17267567630975122,1.7880063981488448,1.796325073312243,0.0022105361715034633,0.00234345512467371,0.0032215294639168926,
14.2,True,0.16425648578859864,1.7996062589123056,1.8070868491137786,0.003975715352055431,0.0011830385302360469,0.0041479986408619164,
14.3,True,0.16175941924407766,1.8113878767000244,1.8185962030010963,0.0033377210307605765,-0.008672613276630159,0.009292717725464555,
14.4,True,0.15873328994047142,1.8202993547799906,1.8272071580277305,0.0030258330365597885,0.009650658092553499,0.01011389475842541,
14.5,True,0.14787625183404884,1.8394442425507265,1.845378689404834,0.0030803443291063104,-0.003296910326668012,0.004511999433504795,
14.6,True,0.1415580374053036,1.8525517725808385,1.8579522997231248,-7.903402800479853e-05,0.000607803899697501,0.0006129208416020402,
14.7,True,0.13852414713690564,1.8631998156979392,1.8683421775886884,-0.001790982371062455,-0.05931965822980345,0.05934668879014351,
14.8,True,0.13293533442507055,1.8802070847450238,1.8849006564442823,0.0028855161669412155,-0.0029987478147575075,0.004161573260942555,
14.9,True,0.12853238860355987,1.8930411735224695,1.8973996573129934,-0.0008688891427652834,0.003269376130830892,0.003382866924261456,
15.0,True,0.12393471445614068,1.9050309770878116,1.9090581020784745,0.0011629808308271095,-0.00779486379168759,0.007881143695164652,
15.1,True,0.11578957467190776,1.9181384740983702,1.9216301494874413,0.0007924257567992754,-0.0018994218497141446,0.0020580918208890505,
15.2,True,0.11156858685461657,1.925083090704419,1.9283133707177407,-0.001531818238845517,0.002943697827262781,0.0033184068489399247,
15.3,True,0.10457354116451256,1.9383160580239434,1.9411349170794814,-0.0012649940088067524,-0.007941902820121527,0.008042016553487767,
15.4,True,0.09382866771599652,1.9565338517374613,1.9587824105499787,-0.006141898223091857,-0.010529546256520916,0.012189924452228265,
15.5,True,0.08954856739816819,1.9732156386169493,1.9752465421829142,-0.0034924496605697186,-0.009803763340315186,0.010407256135241483,
15.6,True,0.08516609032750466,1.9852311502121296,1.9870571161177648,0.0021655690011073148,-0.00010097218491011972,0.002167921696160278,
15.7,True,0.08228165645203944,1.998079705227326,1.9997731819958506,0.002318889706572236,-0.013905741385954684,0.014097761984240604,
15.8,True,0.0769553809506931,2.0091072178720992,2.0105804991501914,-0.009378681566971636,-0.04084370789509251,0.04190665988305792,
15.9,True,0.07015745456843092,2.0195929834959827,2.0208111953910306,-0.0014454028999182356,-0.0132485770324422,0.013327189611003777,
16.0,True,0.06395772029875957,2.030040090495291,2.03104735518499,0.001256866493946518,-0.002328672084601635,0.0026462099427687776,
16.1,True,0.05432851025150853,2.0444233762530786,2.0451451118187642,-0.0037354563143310315,-0.0020934017468619004,0.004282051465132108,
16.2,True,0.05622201208669253,2.055519612364705,2.0562883531885854,-0.003125130276970367,0.006748942113631529,0.0074373825302445,
16.3,True,0.04646721398324871,2.0695983117583836,2.0701198936314094,-0.007378680685803829,-0.0004648614352475988,0.00739330946309127,
16.400000000000002,True,0.04254877862132389,2.0826341073790076,2.083068703567053,-0.0011373324459782452,-0.004007172000356718,0.004165447458931359,
16.5,True,0.03396752549701887,2.095242416534518,2.095517734793432,-0.003433061856497943,0.0025873346537821362,0.004298861979780582,
16.6,True,0.03226374321528169,2.1063481245875977,2.106595208168848,-0.0031201577553758852,0.0016767247332012403,0.0035421448656655836,
16.7,True,0.02251969093370576,2.123457058826716,2.1235764684043654,0.0017423585620406357,-0.007911335726788593,0.008100928733218058,
16.8,True,0.012220578334961374,2.1395420681423616,2.139576968441597,-0.0011848088144006397,-0.007679814035327581,0.007770670212014917,
16.900000000000002,True,0.0028719436859319103,2.155008030744753,2.1550099444399122,-0.007154564692115173,0.0034386993074804195,0.00793803809898437,
17.0,True,1.0609412441908717e-05,2.1627431005420874,2.1627431005681097,-0.004353293450122919,0.009572149031427557,0.010515569454040167,
17.1,True,-0.008392919350086459,2.1785657411167136,2.178581907907672,0.005050316697236212,-0.007877490522716357,0.009357379744237641,
17.2,True,-0.01678433128020629,2.191891744834564,2.1919560065955777,-0.005658331306619857,0.0076108053752648175,0.009483726674447879,
17.3,True,-0.02021573120319431,2.1985420752915275,2.1986350157803036,-0.003149827586241827,-0.041107585842780736,0.04122808542298123,
17.400000000000002,True,-0.028495283968084095,2.2094684678375387,2.209652210547348,-0.004198096294686593,-0.0004146107716849201,0.0042185204268153625,
17.5,True,-0.036032838152834756,2.2236085277266824,2.223900458654607,0.005415380362336464,-0.010042603309742049,0.011409654933678817,
17.6,True,-0.042302264833523395,2.240361774623281,2.240761112390882,0.009450050052919323,-0.018950004913364182,0.0211756022870474,
17.7,True,-0.04935168510053245,2.253966415263079,2.2545066400337253,-0.00014811813181836442,-0.0012470258528338718,0.0012557915665465378,
17.8,True,-0.05714963358860814,2.267467237064025,2.2681873273118507,-0.004914119838304032,0.006982060132656898,0.008538017186750686,
17.900000000000002,True,-0.06805639481078174,2.2848022215130186,2.2858155796794866,0.0075488117146278455,-0.018783608819816777,0.020243727882946885,
18.0,True,-0.07687812747326461,2.3029806299763464,2.304263445990941,0.006076472678813616,-0.019513694729056397,0.02043790112010457,
18.1,True,-0.0746406324152531,2.308294450201231,2.3095009185616604,-0.007605736282556563,0.020435989018096734,0.02180543215686329,
18.2,True,-0.08105120140720601,2.3196787945616393,2.3210943555117467,0.0014114509365583672,-0.030757266708008046,0.030789635416708844,
18.3,True,-0.08592877388258557,2.3337437101486813,2.3353251291500072,-0.002004878142628286,0.005221943624732717,0.005593588435581877,
18.4,True,-0.08684384774585396,2.3424433990458056,2.3440526725363005,-0.003839420965732643,-0.00040937589433553967,0.0038611840120577525,
18.5,True,-0.09197863500796188,2.3578519884308236,2.359645326875443,0.003090724033825154,-0.005019323743880477,0.005894589544586355,
18.6,True,-0.10248117774830234,2.3743704962148087,2.376581083213454,0.00838084933616301,-0.010691561029190666,0.0135848486497411,
18.7,True,-0.10765774263668959,2.3824161005989453,2.3848473045339214,-0.007537165232008647,0.02022001375256366,0.021579106002994272,
18.8,True,-0.11740468405074012,2.3941109513081926,2.3969879238350105,-0.0052785335949181444,0.0075709645819870275,0.009229432356021765,
18.9,True,-0.11929604776065617,2.406917343883009,2.4098719151224928,-0.004195027649359417,0.004679706056919031,0.006284735933836414,
19.0,True,-0.12184298143202454,2.4204941363732786,2.4235588658709464,0.00368741936389938,-0.01919239107616022,0.019543411595357003,
19.1,True,-0.13353490514666078,2.4370379701417164,2.440693679838784,-0.01137479614305903,0.019044525503360887,0.022182874902598036,
19.200000000000003,True,-0.13925969080739264,2.4477981256227253,2.451756294023918,0.011860142359978454,-0.005688422588860931,0.01315374959273661,
19.3,True,-0.14562797059321042,2.464045545246563,2.4683451855177245,-0.010504261450932972,0.00859269740404045,0.013571070602828651,
19.4,True,-0.1482251361333624,2.4701037381978352,2.4745470632907094,0.010122562191412499,-0.0379978067608846,0.03932301595702625,
19.5,True,-0.1619673470934515,2.4865707836233355,2.491840220297774,-0.0002488529462993938,-0.021330279162242505,0.021331730753224847,
19.6,True,-0.16978093160511776,2.5019462040043976,2.5077002158289807,-0.002719371698958639,-0.0640013489794029,0.06405909501093826,
19.700000000000003,True,-0.1765390924742576,2.513636783519601,2.519828551833319,-0.00316402872732624,-0.029831950745162317,0.029999272708669724,
19.8,True,-0.1850610939236219,2.5279536625541255,2.534718392347565,0.0013770732011835207,0.0047142002013202955,0.004911213102640339,
19.9,True,-0.18773095487443925,2.5366535107376933,2.5435907581519346,-0.0015943352493934526,-0.0271333377115468,0.02718013834137542,
20.0,True,-0.19755425904330082,2.5531102031140875,2.5607419617195726,0.0008479329257227164,-0.013142832045488717,0.013170156583064979,
20.1,True,-0.20133972842847925,2.5670816286887828,2.5749651987153355,-4.466351668952484e-06,-0.002058944093519699,0.0020589489378167896,
20.200000000000003,True,-0.2072014242810667,2.5794139173452777,2.587722664278113,0.005785518688242064,-7.174201886073206e-05,0.0057859634815014506,
20.3,True,-0.21141004568031008,2.5917817935830385,2.600389792504782,0.01190839191653481,0.004835692174296469,0.012852770784634095,
20.4,True,-0.21893435400249928,2.5999216679575454,2.609123402769144,-0.0027301687254919216,0.0036332239202323535,0.004544682312791812,
20.5,True,-0.22748659840482333,2.614470921207541,2.6243491288876957,0.010272380033683248,-0.004199099851973642,0.011097487604104783,
20.6,True,-0.23574469841997825,2.6266605369892346,2.637218447419497,0.004577885859049502,-0.005856000927266791,0.0074330199649022145,
20.700000000000003,True,-0.2456029823257211,2.639372965797236,2.6507754483374453,-0.002138285334297052,0.00048341747631752696,0.0021922492165078,
20.8,True,-0.2529963243679276,2.650796691978371,2.6628425117432606,-0.0013263773543030766,0.000465159421082717,0.0014055782344039188,
20.9,False,-0.26108202503849043,2.664434165799605,2.6771950335525494,-0.0006161223151934792,0.00029937692872294974,0.0006850060238647242,0.0
21.0,False,-0.2646791558030941,2.6773445095199406,2.6903956359935632,0.0045620242843256165,-0.0036665870694605474,0.005852856252182514,1.5077220916881515
21.1,False,-0.27885656346450105,2.694208261979554,2.708600956565238,-0.0068716723030206595,0.006036075049877354,0.009146260560898817,3.0106790560365653
21.200000000000003,False,-0.28027455974910254,2.7026760665043525,2.717169805017344,0.0057521960682151985,-0.007012052993246698,0.009069545015450906,4.508704553388213
21.3,False,-0.290293055124323,2.718141890920805,2.733599348301053,-0.002021316266393569,0.002292289700164929,0.0030561923235080377,6.0016358120353175
21.4,False,-0.3002715260880109,2.7341275014336475,2.750566520459926,-0.0003702844016402196,0.0004112873118913285,0.0005534146646239603,7.4893138186643
21.5,False,-0.3021113253557246,2.7459103654771297,2.7624798620339184,0.003915298560173142,-0.0032918015777738674,0.005115224378532031,8.971583504084037
21.6,False,-0.31297947702944384,2.765485088288443,2.783139221560316,-0.0008055731441345415,0.0018284138348292345,0.0019980103207805906,10.44829392398941
21.700000000000003,False,-0.3191879856541959,2.782797351272336,2.8010430322353694,-0.0022304265224875053,0.0037890282632133676,0.004396764452599822,11.91929843451578
21.8,False,-0.3273234222934889,2.7979400738074105,2.8170213487652767,-0.0014179929819420067,-0.0038556582859143873,0.004108138862621011,13.38445486235014
21.9,False,-0.3335974336018239,2.8097276045608623,2.8294622209064824,-0.0011127554614063229,-0.003702554006082437,0.003866151947977045,14.843625669168944
22.0,False,-0.33844060947853905,2.8214843891042563,2.8417100844567558,0.0010143148748511521,-0.003403936769274196,0.0035518474340209437,16.296678110183052
22.1,False,-0.34252522286737985,2.8338916896018986,2.854516708077753,2.0901193465761025e-05,-0.0016456029946994022,0.0016457357248513304,17.743484386576483
22.200000000000003,False,-0.3481510380170221,2.847853807801357,2.869055673193014,-0.0023025708860018312,0.0025085741216059887,0.0034051103959570114,19.183921791634816
22.3,False,-0.35809251569196476,2.8628774038676568,2.8851858309943594,-0.003192011261717198,0.003757894245012494,0.004930588712479215,20.61787285036729
22.4,False,-0.363075801570119,2.8761108488230605,2.8989373315757434,-0.0021682806561784673,-0.020368797598933952,0.02048388040949017,22.0452254524356
22.5,False,-0.36501127562388547,2.8864778717877755,2.90946519753254,-0.001387022480230371,-0.20251668791030397,0.20252143766406588,23.465872978211
22.6,False,-0.3677460855517438,2.904691631394627,2.927878183417577,-0.0031594043218206025,-0.034382225188238635,0.034527079873100906,24.879714417791604
22.700000000000003,False,-0.3715311338619358,2.92228139448639,2.945804462619686,-0.004247471035000672,-0.016461263457216546,0.017000417783132934,26.28665448282049
22.8,False,-0.37863147547801645,2.9354937797672847,2.959811738147391,-0.002628876029575622,-0.0020215882705088006,0.0033162943648500282,27.686603710955865
22.9,False,-0.38497952385944245,2.949678636451381,2.9746954956984624,-0.006002916063721386,-0.007121720308049362,0.009314177441629882,29.079478562852728
23.0,False,-0.39058861718990556,2.959499448800017,2.9851627184001086,-0.003716190765146621,-0.050281462186944736,0.050418602851131394,30.46520151152805
23.1,False,-0.39324417948529344,2.968611475642234,2.9945442187441187,-0.0022000167208489074,-0.1132746527393067,0.11329601505252751,31.843701123990115
23.200000000000003,False,-0.3945782508899356,2.9790308918594235,3.00504859373823,-0.00253935759263868,-0.2510738188373125,0.25108666002504976,33.21491213502344
23.3,False,-0.39270989291520664,2.988432747749073,3.014125303933555,0.0005448814926012346,-0.45481007110694804,0.4548103975022428,34.578775513032895
23.4,False,-0.3980104911080389,3.000500036877469,3.0267825859043382,-0.0014992299829259537,-0.2626963314376667,0.26270060951842145,35.93523851785778
23.5,False,-0.40238400984571854,3.011751599352692,3.0385128908041543,-0.001578287155439284,-0.0769826402628837,0.07699881747267025,37.28425475048243
23.6,False,-0.4082039451270134,3.02011468777161,3.047576609063514,-0.0007616080183083795,-0.013702314372892488,0.01372346406513777,38.6257841945764
23.700000000000003,False,-0.40536200990766247,3.024054504528266,3.0511020968551796,0.0013636914300150238,-0.0031748596322529465,0.00345534195135673,39.95979324981124
23.8,False,-0.40760636387472005,3.0315257309968047,3.058805519408987,0.0014274611502855805,-0.0056118243799403444,0.005790528318458296,41.28625475691189
23.9,False,-0.41407122884959335,3.046050696405132,3.074065683688493,-0.0016433212922493112,-0.0014476639332201557,0.0021900309890744464,42.605148014409
24.0,False,-0.41716789910105945,3.055275273432045,3.0836238506805023,0.0005225301355835654,-0.004856823551335765,0.004884851354074423,43.91645878707408
24.1,False,-0.4211457813468087,3.068193096446066,3.0969618412608044,7.359615756286075e-05,-0.00213382997802114,0.0021350987727760317,45.22017930602749
24.200000000000003,False,-0.42400413175221274,3.074319807452582,3.103420980504938,0.0034728069995821897,-0.006783006870193731,0.0076203392744314475,46.51630826052201
24.3,False,-0.4322408382743106,3.0883191529817395,3.118420647210047,-0.000673432847179356,-0.001142487481530452,0.0013261935926228451,47.804850781415496
24.4,False,-0.4314403741698811,3.1024718843628705,3.1323270247095767,-0.008895054840536432,0.0036959995608469853,0.00963236281344986,49.085818416357824
24.5,False,-0.4368704305389315,3.113543823771977,3.144043720374749,0.0015508165141682184,-0.0036650046318982277,0.003979609379380384,50.35922909672775
24.6,False,-0.4460799837103764,3.130144132157426,3.1617700169282736,-0.008100265716279864,-0.002297499001201686,0.008419786596753014,51.6251070963678
24.700000000000003,False,-0.44891862902824187,3.1481498018305274,3.1799960865155454,-0.041702263725824196,0.005006728814521466,0.04200173964588077,52.88348298217545
24.8,False,-0.44631609598451405,3.1626131306771015,3.1939505118060416,5.750447598984465e-05,0.0027422622274286823,0.0027428650875938074,54.13439355662024
24.9,False,-0.4495780209668965,3.1713400986694182,3.203048300972851,-0.002372418693596501,-0.0025422893635322907,0.003477298616117912,55.37788179226726
25.0,False,-0.4520443069923772,3.1816921368356077,3.213644178979022,0.0005397511248474984,0.00039081917046246417,0.0006663864500236394,56.613996758398514
25.1,False,-0.4549683188320728,3.195008006703688,3.227239119439642,0.00010760474310700374,0.0005965935063727557,0.0006062199209736212,57.84279353983436
25.200000000000003,False,-0.4544295217761487,3.2083701867022683,3.2403927918049757,-5.049924027389352e-05,0.00482450046385452,0.0048247647506381814,59.0643331480677
25.3,False,-0.4576159249241982,3.2176691130635504,3.2500472082582745,0.004189649342322355,-0.005466851173594023,0.0068876428018479945,60.27868242483413
25.4,False,-0.46314561133755205,3.2325287380708687,3.265539143809989,0.0002075057659567392,0.0030184821945340445,0.003025606286618329,61.48591393825143
25.5,False,-0.46396582485999716,3.244576898614895,3.2775819650564753,0.0013363471251750525,0.0009348477316564185,0.0016308782665627678,62.68610587167177
25.6,False,-0.4698632214367535,3.262207268106522,3.2958713122550676,0.0008844544784665231,0.0032058359020368243,0.0033256042391222305,63.879341905400224
25.700000000000003,False,-0.4728213233404972,3.2732886472977043,3.3072614913752276,0.0026134664233268268,-0.0005484357202192314,0.0026703910734327107,65.06571109144255
25.8,False,-0.47850836829900345,3.2888103146129595,3.323438512149242,0.0007582299139698989,0.005423636606678883,0.005476380797912617,66.2453077214551
25.9,False,-0.4834641623278344,3.2992594206399986,3.334494012730737,0.00172312888577153,-0.0025858726694139023,0.003107396115625109,67.4182311880773
26.0,False,-0.48766437298957044,3.3125104414041004,3.34821474297789,-0.0004672689530593743,0.002320967832901033,0.002367537107598215,68.58458583983958
26.1,False,-0.48877629430398883,3.321549996904338,3.3573198608128996,-0.00021345785768289716,-0.0013037040958465695,0.0013210634453097601,69.74448082984378
26.200000000000003,False,-0.488816492676051,3.3308342356173455,3.3665112904418875,0.0007522525631884491,0.001120921813935638,0.0013499443069180123,70.89802995842575
26.3,False,-0.49244239253886235,3.3423329775258424,3.378415196897232,-0.03030414764583611,0.0009168816695250825,0.03031801504941485,72.04535151001528
26.4,False,-0.49531015123142197,3.3562862950933834,3.392637593458011,-0.0011619283357049426,0.004463475990689858,0.004612233230960774,73.18656808441659
26.5,False,-0.49556029709202676,3.3685519236173604,3.404808668656751,-0.0008296405279111241,0.0026146923887324647,0.002743158707265792,74.32180642274255
26.6,False,-0.49481514429243134,3.3765801269089764,3.4126434593226667,-0.0007080036988895699,0.0017549603712723183,0.001892394024081028,75.45119722823915
26.700000000000003,False,-0.49358967203238535,3.3846355441804974,3.4204368918702546,-1.6867560134414816e-05,0.0016020648887717925,0.0016021536825224553,76.57487498224725
26.8,False,-0.4926989422460224,3.3921559980388736,3.427750656439505,0.0006300004910144708,-0.00048264582497381525,0.0007936293914939951,77.69297775555339
26.9,False,-0.491280359379175,3.398780510779517,3.434103282076182,0.0016779952602519188,0.0008844770191558382,0.0018968309600074281,78.80564701538708
27.0,False,-0.4941850342133307,3.4089862204481847,3.44461984829183,-2.177051555918297e-06,-0.000204779353197182,0.00020479092521235735,79.91302742833017
27.1,False,-0.4970623368080851,3.4227634725885707,3.458667482710601,-0.0013130131069942763,-0.000247468153219188,0.0013361301979958684,81.01526665940702
27.200000000000003,False,-0.49863238439780844,3.4333452796107906,3.4693650807886938,-0.0029091021282852125,0.002099370765193953,0.0035875106693283292,82.11251516763048
27.3,False,-0.4928450749617923,3.441116411283815,3.4762304906206802,0.0005967516476061974,-0.006131377823464845,0.006160349547143994,83.20492599828367
27.4,False,-0.4912700161196426,3.453140222117895,3.487911068583404,0.0025153215249247296,0.005109756101006724,0.005695300675603098,84.2926545722213
27.5,False,-0.4916273821505115,3.463838554511426,3.4985532745121906,0.0027585664032585555,-0.0011253768205961023,0.0029792887724290566,85.3758584724784
27.6,False,-0.49746321777786306,3.47846432359907,3.513855959425975,-0.00020550046741618644,-0.0034588600658480573,0.0034649593644409016,86.4546972284781
27.700000000000003,False,-0.49811860132291486,3.484397802050779,3.519822464829753,-0.00034519368978180864,-0.005517103344402585,0.005527891822049647,87.5293320981342
27.8,False,-0.49659800534379883,3.4953832101646185,3.530483446330283,-0.00018830070285957845,4.468522217848658e-05,0.00019353016245162398,88.59992584814415
27.9,False,-0.49984655505159026,3.510183294935814,3.5455935106330774,-0.00048297228056526365,0.0014542124418994717,0.0015323172158432587,89.66664253277486
28.0,False,-0.5006870490405504,3.5222784746767957,3.557686491843882,0.0005895120972354562,-0.0006007822519222827,0.0008417029327570121,90.72964727144108
28.1,False,-0.505339782634735,3.5321583637317246,3.5681242974976777,-0.0008851768667454962,-0.0006935833403076685,0.0011245425449371478,91.78910602538195
28.200000000000003,False,-0.5047727069785424,3.5439113183971074,3.5796791641673096,0.00045637785387953045,0.0018119406247762981,0.0018685313947660628,92.84518537373918
28.3,False,-0.5052526288375248,3.5556251587101713,3.591343827622184,8.70213190182767e-05,0.0055893077177131545,0.005589985104922151,93.89805228934188
28.4,False,-0.5089616077825099,3.5666688318068225,3.602800087984178,-0.00010277850600459715,0.0017326546481228888,0.001735700305628362,94.94787391450666
28.5,False,-0.5091886576295792,3.574696634404461,3.610779571931966,-0.00011040753344104814,0.000691127202202324,0.0006998904436156763,95.9948173371546
28.6,False,-0.5105737527068754,3.587420045794346,3.623571186263668,-0.0007448474895568324,0.003355335616646471,0.0034370154033747753,97.03904936755356
28.700000000000003,False,-0.5090007299119748,3.594652367121853,3.630510622971053,0.0004106305254367726,-0.0024071633557980476,0.002441936291125835,98.08073631598933
28.8,False,-0.5103900061496915,3.6054806994215483,3.6414267852421225,-0.0005105706498511609,4.2474039929629726e-05,0.0005123342976586483,99.12004377166691
28.9,False,-0.511177920342277,3.616143733349361,3.6520950653682758,-0.0006564231868537718,0.005508537795975599,0.0055475111581619165,100.15713638314628
29.0,False,-0.5110486427565775,3.6247830973969144,3.6606315327328027,-0.0004910433287932392,0.001228403898636543,0.001322913333872557,101.19217764060828
29.1,False,-0.5109869566401244,3.6352107781001166,3.6709487971192942,-0.0009169422012860196,0.001422130832821722,0.0016921108433437379,102.22532966024976
29.200000000000003,False,-0.5077628972072148,3.6455398136931194,3.6807314073431012,0.000748435212244658,0.001728370100011034,0.001883459176499416,103.25675297109969
29.3,False,-0.510886496341584,3.6507779342539664,3.686351114229332,-0.00037626566165727127,0.00020720391458439735,0.000429545469492442,104.2866063045476
29.4,False,-0.5108751084439973,3.6600047759822587,3.695487564130153,-0.0010915703003320232,0.0005664934663229815,0.0012298132248246359,105.31504638686977
29.5,False,-0.5090999909541551,3.667855360822699,3.7030184645374553,-0.00013535618126070403,-0.0010355017332983607,0.0010443108423593955,106.34222773503616
29.6,False,-0.508934366007793,3.6791790500326442,3.7142122544495035,-3.7892899626967846e-06,0.0012636992610168818,0.0012637049422286179,107.36830245607428
29.700000000000003,False,-0.5079752937184026,3.686367161927194,3.7212016542460384,-0.0057391428257460575,-0.0021489844602058383,0.00612828643133777,108.39342005026488
29.8,False,-0.5117908938925098,3.6966384997380715,3.7318984601429115,-0.001602159700212269,0.004801373149120991,0.005061630154612671,109.4177272184345
29.9,False,-0.5094756746269695,3.7043889010266184,3.739259631676544,-0.0008403793996194509,-0.003381256599197968,0.003484125962838393,110.44136767360844
30.0,False,-0.5054089215449267,3.714892613134424,3.7491152696466825,0.0009989547349391614,-0.0019706475117402533,0.0022093804964255074,111.46448195727896
30.1,False,-0.5070054220022939,3.722233195664046,3.756604112871504,0.00010434714948814872,0.0011899950302733941,0.0011945612163810101,112.48720726053756
30.200000000000003,False,-0.506696365396806,3.7364348079607907,3.7706347318253095,0.00014277426390663095,0.0038881350398298764,0.0038907555279645823,113.50967725031563
30.3,False,-0.5072219215371092,3.7471653089988024,3.781338642683552,-0.00011337409688394473,-0.0015410568097991018,0.0015452215947469913,114.5320219009667
30.4,False,-0.5065612603916065,3.7568343203964787,3.7908321542160643,2.628223563760912e-05,-0.001560224521000464,0.0015604458695646056,115.55436733142083
30.5,False,-0.508473813919295,3.7673336488943505,3.801492922725657,-0.007054220188877025,0.005735948467275875,0.009091926489606297,116.57683564812989
30.6,False,-0.5059861111487862,3.7721702691400196,3.805954608775486,-0.001065506174256825,-0.005870731092244341,0.005966639503508139,117.59954479401688
30.700000000000003,False,-0.502916917326786,3.783420868120288,3.816700000139067,-0.00012371613667028214,0.0037785798815264116,0.0037806046611023442,118.62260840363416
30.8,False,-0.5034543731972008,3.79900913923629,3.8322234728538787,-0.0008257918714207335,0.005489689625250094,0.005551452458274598,119.6461356647252
30.9,False,-0.4996854665630508,3.8110297394208033,3.843648428283228,-0.0024058925926055963,1.8000897853198694e-05,0.0024059599330574894,120.67023118637718
31.0,False,-0.4967881710349502,3.822412219663761,3.8545601128942186,-0.0004995769900233427,0.0010438609740788252,0.0011572479864599362,121.69499487394324
31.1,False,-0.4957118021698079,3.834354326959442,3.8662647730701316,-0.004675953565936197,-0.0009159482702330024,0.004764819302401117,122.72052181090096
31.200000000000003,False,-0.4925764609987482,3.8482254101188573,3.879622452895964,-0.0008074991434909862,0.003184164068187556,0.0032849590073356174,123.74690214780776
31.3,False,-0.48860901294784753,3.853863882454391,3.884714351406072,8.16155109077954e-05,0.0011870567402354482,0.001189859149714431,124.77422099850156
31.4,False,-0.48423011166676133,3.8605729371963378,3.8908228184353963,-0.000671097503754936,-0.006046362038688358,0.006083491247831112,125.80255834368648
31.5,False,-0.48388487011982306,3.8711037353654376,3.90122912650502,0.0015809489610205674,0.0037149814064036946,0.004037386093412071,126.83198894203171
31.6,False,-0.4818417390471268,3.8796086976985293,3.9094162107335206,-0.0003417526868929599,0.0010821053144240977,0.0011347893242815747,127.86258224890446
31.700000000000003,False,-0.4832573612644637,3.8926089379770588,3.9224918127684063,-0.0018588440997859834,0.0035143972817763824,0.00397571246966709,128.8944023428415
31.8,False,-0.47980593414087025,3.9028012165192365,3.9321840076604793,-0.0021458612997662385,0.0013600730450207266,0.002540574621149003,129.92750785986158
31.9,False,-0.47871513523097065,3.9072939598037237,3.9365104177453754,-0.0005551826701548634,0.003083976599214111,0.0031335506157936107,130.9619519357019
32.0,False,-0.47458506749484286,3.9148837361575204,3.943544808154175,-0.001199137796334071,0.0023213544045574963,0.002612779693383164,131.9977821560566
32.1,False,-0.4708085473223491,3.917981072638952,3.9461673017991585,-0.00026192252374812597,-0.005245885349552282,0.005252420062132679,133.0350405148809
32.2,False,-0.4668303628047852,3.9284509029961896,3.9560911370806444,0.0006550966602958397,-0.00137229266954364,0.0015206376311317476,134.0737633808168
32.300000000000004,False,-0.46361270019360745,3.938733389870521,3.965924539405879,-0.0019809094403058225,0.0012839462439728777,0.002360618598610285,135.1139814717804
32.4,False,-0.4580887520848478,3.949107217628722,3.975587141682838,0.0009144609699660577,-0.004731019065246755,0.004818586956911699,136.15571983774493
32.5,False,-0.4559065362726642,3.962639229338407,3.988779315994785,-0.0005008216688793254,0.0033829449549216406,0.00341981562544662,137.19899785173843
32.6,False,-0.4580881158310035,3.9749933195881795,4.001301864723063,0.0005157146359806575,0.0020733213154073837,0.0021364978031084576,138.24382920906476
32.7,False,-0.4561366726718461,3.9847553360474706,4.010777449861178,-0.00042855446605472025,0.001757719096957544,0.0018092084883132432,139.2902219347468
32.800000000000004,False,-0.4545825903296077,3.98868990746206,4.01451024526286,-0.0008067172452115301,-0.0003445438540836676,0.0008772133042245242,140.33817839917765
32.9,False,-0.45398458435789735,4.000249421368892,4.025928145905832,-0.0011640308736673433,0.0014928131288058921,0.0018930026181667038,141.3876953419549
33.0,False,-0.4493579903109435,4.012832256158816,4.037913485889085,-0.001166675391004901,-0.003762763391620183,0.003939482175272971,142.4387639038619
33.1,False,-0.4461110945496216,4.024242857788323,4.048894378363134,0.0005034804867705134,-0.002052820590307647,0.002113661509454555,143.4913696669489
33.2,False,-0.44584783360875235,4.036699925326019,4.061246924019851,0.00018996531542825323,0.003913855636625385,0.003918463061636546,144.5454927026558
33.300000000000004,False,-0.4445204894049084,4.04326420675946,4.067626323934265,-6.834801155264358e-05,0.0015901744929465167,0.0015916426636343071,145.60110762790652
33.4,False,-0.44336419444874764,4.0588823792693915,4.083025591110438,-0.0003046505227075613,-0.0003648658588701892,0.0004753304492193522,146.65818366909537
33.5,False,-0.4424535485052843,4.065892398021248,4.089895614177933,-0.0004794464779251939,0.0005520697792746887,0.0007311976247111837,147.716684733874
33.6,False,-0.4415440112094302,4.07778022987705,4.1016158665836855,-0.0005899202622572375,0.0026615899215869376,0.0027261817302804314,148.77656949063515
33.7,False,-0.43707329869459954,4.083495596197338,4.106819858795225,-0.0007588572632357682,-0.0027306641045186097,0.0028341472787545992,149.8377914555852
33.800000000000004,False,-0.4313596686773167,4.091606641760279,4.114281963436419,0.0019915263944767503,-0.0028720006921787444,0.0034949342419812067,150.90029908727655
33.9,False,-0.42808244645397053,4.106145749959467,4.128400113951192,0.0030885639864095538,0.0024833209354255814,0.00396309353491298,151.9640358884726
34.0,False,-0.4293502345465754,4.114629038683461,4.1369691502212556,0.001145909800015943,0.0027846746784803145,0.003011232693556249,153.02894051519786
34.1,False,-0.4260385036562866,4.127152961313612,4.149084281221269,0.0008213241354155798,-0.0007241515722853364,0.001094974353608099,154.094946892821
34.2,False,-0.42276005552832885,4.137907707836803,4.1594478315186905,0.0018067536411763285,0.00011245477972465778,0.0018102499267744338,155.1619843390106
34.300000000000004,False,-0.4185457001585746,4.147813500539826,4.168877227549604,0.0009474726057305816,-0.00256761449742271,0.002736850113905614,156.22997769338724
34.4,False,-0.41256072036668456,4.16216789538484,4.182564755907761,0.002528241509878626,0.0013778114525564433,0.00287930018078509,157.29884745369395
34.5,False,-0.4130099278655166,4.170875533139281,4.191274258916416,0.00206690577573454,0.006177989746959156,0.006514572649015226,158.36850991829385
34.6,False,-0.40984369397432374,4.175728021187467,4.195792697503146,0.000640348663353052,-0.004805706932472731,0.004848181672696941,159.4388773347934
34.7,False,-0.4046683719970474,4.183604883545627,4.203130537221222,0.004652045243403791,-0.00010587601872202868,0.004653249904960646,160.509858054588
34.800000000000004,False,-0.40423445147115444,4.194656033897218,4.214088837989361,0.0023088491929001975,0.004729521185424801,0.005262998692659719,161.5813566931111
34.9,False,-0.3975903355254786,4.206031372184839,4.224781411943859,0.0028302760445058084,0.001664673545747064,0.003283534757241584,162.65327429556453
35.0,False,-0.39242892564737986,4.211597709881602,4.229841100037294,0.002346900573684252,-0.000520677216002241,0.0024039648637247833,163.72550850789946
35.1,False,-0.38652436670247425,4.219593153581741,4.23725942890079,0.0018957323155177619,-0.0017791829887698896,0.0025998640579127387,164.79795375280816
35.2,False,-0.38342346608760636,4.227666558712002,4.245018031292496,0.0008672965576010938,-0.0014956789837583528,0.0017289473506394363,165.87050141048405
35.300000000000004,False,-0.37756594600966764,4.236582217010692,4.253373358297789,0.00225642409543525,-0.002088615930119886,0.003074697741569298,166.9430400038952
35.4,False,-0.37089969987528093,4.242656732324292,4.258838190833765,0.0016338848755026447,-0.0010294833955413196,0.0019311695544647492,168.0154553883167
35.5,False,-0.36602709410215084,4.250661406110709,4.2663917099835,0.003515107967587028,0.001278891113258851,0.0037405275701919735,169.0876309448558
35.6,False,-0.3610833706379708,4.258352924126683,4.273634381526986,0.0015638232479204817,0.0008370416635443689,0.0017737479801949569,170.1594477777008
35.7,False,-0.356319660997201,4.270237491620861,4.2850778214237355,0.0006722504857066269,-0.0012869371524288908,0.0014519393753991859,171.23078491482067
35.800000000000004,False,-0.35376324308549556,4.2820455167354226,4.296633826561475,0.0017437806120028654,0.001742118137997295,0.0024649029249721476,172.30151951183558
35.9,False,-0.34955797012071343,4.291239618402642,4.30545331376655,0.0021451778894743256,0.0031668038128884746,0.0038249751066921343,173.37152705877327
36.0,False,-0.3452835430242658,4.299715946780566,4.313557458534949,-0.0007655824936136923,-0.003161713076679007,0.0032530825587080924,174.44068158942747
36.1,False,-0.33997925389144257,4.309714393690854,4.323103520419411,2.2542487442933634e-05,0.0016546648145094878,0.0016548183622729815,175.50885589302237
36.2,False,-0.33328086991502914,4.31705484192355,4.329900535396499,0.0009567675681978471,-0.004176902949836858,0.004285081379846953,176.5759217278939
36.3,False,-0.33063227319473754,4.323269323106786,4.335893834054764,0.001096072626410205,7.158256724437706e-05,0.0010984076048075506,177.6417500368869
36.4,False,-0.326120841702334,4.330116464911953,4.342379923854455,-0.0013864032223409595,-0.0020494944798485903,0.002474376995901643,178.70621116417044
36.5,False,-0.318410680039392,4.3379124018838695,4.3495826659095735,0.00043613331888536777,0.0016907035808628734,0.0017460500766543062,179.76917507317
36.6,False,-0.31508002192163076,4.344053822745224,4.355465421183083,0.0006324877682004626,0.001111332659064601,0.0012787107006773655,180.83051156531235
36.7,False,-0.31201352602425914,4.3538603398732505,4.365026036525247,0.0005540061618489744,0.0013163383957248698,0.001428170017689125,181.89009049928103
36.8,False,-0.30693411376637414,4.365289834340729,4.376067171329989,-0.0004096427656463675,2.555479841248598e-05,0.00041043908581945204,182.94778201047444
36.9,False,-0.30036437307722963,4.370291582444111,4.380601245513671,-0.0016834505091765095,-0.0013963744449654314,0.002187205341845883,184.0034567303649
37.0,False,-0.29557672905554,4.379700131467388,4.3896627255786544,0.00038824022863082064,0.0009319363224449262,0.001009572079754331,185.05698600545048
37.1,False,-0.288127230873954,4.388481059897487,4.39792943488752,-0.0006920257609408509,-0.00019438450644315708,0.0007188080342837811,186.1082421154973
37.2,False,-0.2816596264116811,4.398762912807541,4.40777124046172,-0.0030105696567943596,-0.0011559474956470694,0.0032248634499934476,187.15709849076745
37.3,False,-0.27519013726123376,4.4080404762219985,4.4166220634844136,-0.011846297346664869,-0.0031609436717019435,0.012260763667947918,188.2034299279299
37.4,False,-0.2691926492529433,4.41332010886677,4.421522256614754,0.0066148071074394466,-0.001114614805516112,0.006708057783986893,189.247112804356
37.5,False,-0.25966168479237695,4.419196373865475,4.426818358746491,-0.017042214540822442,0.0034164828674363434,0.01738129545341503,190.28802529049776
37.6,False,-0.2552881408254848,4.428460095474378,4.435812310282646,-4.775443073867791e-06,-0.001433431397771301,0.0014334393523875147,191.3260475600572
37.7,False,-0.25459311969081,4.440306797128898,4.447599589578966,-0.006736966160985958,-0.0027016545515152757,0.007258488160078039,192.36106199765
37.8,False,-0.24645169484608687,4.443517748253981,4.4503469996103275,0.0036967395929536906,0.0025996542365192,0.004519301468984299,193.39295340367693
37.9,False,-0.24262169900492836,4.453546101711538,4.460150016411789,-0.0014427574519118025,-0.0036261150810616982,0.0039025965261797334,194.4216091961172
38.0,False,-0.23774163817643057,4.465856081068807,4.472179739605963,-0.0018266761898075856,0.001401320164234221,0.0023022693380878316,195.4469196089597
38.1,False,-0.2303520630963476,4.474595106018995,4.480520442513558,0.003499151490530039,0.003715869113733561,0.005104090949824233,196.4687778869988
38.2,False,-0.22885224921657255,4.4850042479301635,4.490839170569694,2.8169539291411638e-05,0.00033701167305366653,0.0003381869168349388,197.48708047672056
38.3,False,-0.22655154716147763,4.492066587176936,4.4977758756025965,0.0017170311317613596,0.007894212092764974,0.008078785829132646,198.5017272130134
38.400000000000006,False,-0.22500825312312145,4.500629653667573,4.506250769036874,0.0011711015046103057,0.0011016603139353265,0.0016078352469704738,199.5126215014422
38.5,False,-0.2217289186077096,4.505248900131818,4.510701870605716,-0.0003081100466033604,0.0011499825002090347,0.001190542545062942,200.51967049583067
38.6,False,-0.21592825246381153,4.5080243794323,4.513192751896161,0.005291521789956732,0.0014264769860119486,0.005480423290696498,201.5227852709048
38.7,False,-0.21027339238179366,4.519446219674933,4.524335203328527,-0.0013119128511789313,-0.0013013017798186866,0.0018478370196658887,202.52188098975296
38.8,False,-0.20492932098790106,4.525762879096078,4.530400166034407,0.002622688991607447,0.00033381448568547967,0.002643847510268387,203.5168770658712
38.900000000000006,False,-0.20302105066679133,4.533308329480434,4.537852130375176,-0.00019620780665263737,-0.0017334668249588958,0.001744535679378474,204.5076973195637
39.0,False,-0.20282004230045914,4.53834811547992,4.54287789697664,0.0001225725902713748,0.0021183685807955044,0.0021219117521676985,205.4942701284794
39.1,False,-0.1978970908147062,4.543491433827199,4.547799211466362,0.00019737920609941284,0.0015083358959770976,0.0015211954923984848,206.4765285720751
39.2,False,-0.1941654578735097,4.551751337011865,4.555890742656207,-0.001091489017596814,-0.0013889628063736836,0.0017665123699040198,207.45441056979809
39.3,False,-0.18851945965957384,4.558639997275236,4.562536379189529,0.0026449955312273232,0.0019455154512684203,0.0032834481465886856,208.42785901279584
39.400000000000006,False,-0.18252794489279722,4.56835245056908,4.571997436929214,-0.0006716826242154639,-0.0015177203262908279,0.0016597085697523254,209.3968218889683
39.5,False,-0.17768281913072315,4.578162481907015,4.5816092036483465,-0.00139764088191896,-0.0031349202209867144,0.003432364320226307,210.36125240117923
39.6,False,-0.17158983739182077,4.587664144003469,4.590871961890381,0.000630657507201704,-0.0016951782716034813,0.0018086896538396058,211.32110907846885
39.7,False,-0.166557568499627,4.59686854284061,4.599884979407862,-0.0008772761935915696,-0.0019702928281049026,0.002156772437769949,212.27635588010065
39.8,False,-0.16111877366643057,4.6094175001075826,4.612232534199226,-0.00076852808450667,0.000540693455178598,0.0009396727244889371,213.2269622922991
39.900000000000006,False,-0.15780225996127228,4.615205126621447,4.617902111786452,0.002276131902704037,0.0041339978422456625,0.004719185798228217,214.1729034175389
40.0,False,-0.1535791820667214,4.623529084594594,4.626079091547874,0.0001256207757478478,0.00042076991337580694,0.00043912173631212466,215.1141600562561
40.1,False,-0.148785686808651,4.634785650162968,4.637173191024429,-0.0009923523418819968,-0.0011762519600893029,0.0015389385445990398,216.05071878086693
40.2,False,-0.14278192174424476,4.6463948100658286,4.648588109112663,0.00040568099575466476,0.0020064296151076633,0.002047031233444566,216.98257200198128
40.3,False,-0.13882592962869467,4.651265303187898,4.653336604993978,0.003385972996113651,0.005622033400896953,0.006562931714654039,217.90971802672
40.400000000000006,False,-0.13321100705911704,4.658917446719386,4.660821488509079,0.0027638204396112087,0.0038588701398794,0.00474653370143577,218.8321611090468
40.5,False,-0.12944110732928493,4.670468576294695,4.6722619492514355,4.5016321905677614e-05,-0.0017787700191433942,0.0017793395545092866,219.74991149203964
40.6,False,-0.12525520090406417,4.679952352291991,4.681628230122172,0.0025553867422445364,0.001999704830097926,0.003244814449233749,220.66298544203968
40.7,False,-0.11914476537168639,4.688780946299204,4.690294472364601,0.001860586733926084,0.0017800121343611863,0.0025749225605704727,221.5714052746227
40.8,False,-0.11861361532447745,4.6962074662659745,4.697705158473936,0.0007608226312640909,0.0005067254677726396,0.0009141235014663037,222.47519937235265
40.900000000000006,False,-0.1166793875375447,4.70330633346984,4.704753399056495,0.0009632665063463719,-0.0005601318825085855,0.0011142845633191536,223.3744021942859
41.0,False,-0.11524764250401631,4.711920727557157,4.713329922876766,0.0005894847009244586,-0.0018152838362368584,0.0019085983387624552,224.2690542772072
41.1,False,-0.11543536933567111,4.719107177536102,4.72051881444894,-0.0010719091667397151,0.0010147684198216211,0.0014760569797971554,225.1592022285905
41.2,False,-0.11237822019444366,4.727005996835231,4.72834162878385,0.00014571211806924111,-0.0006699124259341716,0.0006855761662814945,226.04489871128504
41.3,False,-0.10651818829956028,4.7353918764173955,4.736589738163786,0.0008475009317407967,-0.00013093197441094162,0.0008575552525783199,226.92620241994467
41.400000000000006,False,-0.10259314479145587,4.741839586907872,4.742949295672981,-0.0004263711371663703,-0.0013509563640354827,0.0014166423134074867,227.80317804922453
41.5,False,-0.09797038064147046,4.751125208213693,4.752135197951195,-0.0017217614705486994,-0.002381183085901739,0.002938451199195003,228.67589625378133
41.6,False,-0.09212606342907748,4.765986060498335,4.766876371422629,0.006889315641444682,-0.00025041572925488254,0.006893865247081104,229.54443360012849
41.7,False,-0.08481471795425932,4.770188966617951,4.770942916617773,0.004212155384152538,0.0019205336901677583,0.004629330689777368,230.40887251040164
41.8,False,-0.08075999046513971,4.778875269113058,4.779557616955813,0.001050331046201336,5.013671312781298e-06,0.001050343012312847,231.26930119810945
41.900000000000006,False,-0.07365333340163716,4.785393458663378,4.785960234659229,0.0036184693872201024,0.0008946653475447874,0.003727431661391857,232.12581359594725
42.0,False,-0.06939739741068252,4.794636917569193,4.795139118950021,0.0011257082013003128,-0.0011754569756021738,0.0016275497092152348,232.9785092757672
42.1,False,-0.06688978158280179,4.802474239684074,4.802940043942805,0.0015387391107992698,0.0034014957295198656,0.0037333485303471478,233.82749336081
42.2,False,-0.06411158450583798,4.811925349467998,4.812352425178414,2.266226590563747e-05,-8.296342278413249e-05,8.600295236813986e-05,234.6728764303079
42.3,False,-0.06323874242821148,4.82204436528454,4.822459019972724,-0.00078392682962658,-0.00017068924216800951,0.0008022942674606808,235.51477441658625
42.400000000000006,False,-0.06095904888701398,4.830127252001887,4.830511906224071,-0.0008336959114103593,0.00035588111842344006,0.0009064768299039244,236.35330849479664
42.5,False,-0.057925634557761896,4.840373821163638,4.840720412061122,-0.0007853652182916449,0.001374034282264347,0.0015826461180377571,237.18860496542487
42.6,False,-0.05163834868221784,4.84334108805615,4.843616357052605,0.0026071451103462095,0.0027872439798102278,0.0038165343741921815,238.02079512973097
42.7,False,-0.04470983181471411,4.855116984722372,4.855322842448333,0.0029920407703798446,-0.0009625738782403914,0.0031430648168127174,238.8500151582813
42.8,False,-0.04359300763809415,4.863380998890591,4.863576368340994,0.001962366528402981,-0.0002674420461517002,0.0019805069148695685,239.67640595274943
42.900000000000006,False,-0.03922202520340079,4.8736518819107175,4.873809704257331,0.0009360858115883275,-0.0013178806031817203,0.0016164980454363663,240.5001130011663
43.0,False,-0.03698672286350302,4.878575376687309,4.878715581348015,0.0027763442178070363,0.001735823423388183,0.003274319803094016,241.32128622681097
43.1,False,-0.03190292183035126,4.884783192032529,4.884887371228206,0.0020896767721296783,0.0001713603858490842,0.002096691058266968,242.14007983094533
43.2,False,-0.028372072384797775,4.892884018315215,4.892966277338917,0.0004747850576904966,-0.0006125288436180654,0.0007749918936803485,242.9566521295962
43.3,False,-0.02817157540084736,4.900084049749466,4.900165031125962,0.0026977194011124084,0.0014571976671788889,0.0030661237757745345,243.7711653846058
43.400000000000006,False,-0.02266654602442486,4.908824697633605,4.908877028853579,0.0008431845897121093,-0.0008813221116668046,0.0012197085376600485,244.5837856291737
43.5,False,-0.020512753193486333,4.918729059763166,4.918771832114416,0.0003793529521090022,0.0004329721791691554,0.0005756505625883659,245.39468248812187
43.6,False,-0.017198920937914863,4.922675466213462,4.922705511051962,0.0011270688770537163,0.0025157376070410464,0.0027566682718643777,246.20402899312325
43.7,False,-0.015991868214769056,4.932163600477509,4.932189526135858,-0.0005304644230932354,-0.0005128925045028154,0.000737869382304761,247.0120013931389
43.8,False,-0.013625300896421777,4.939783861501752,4.939802652655031,-0.0028939231939943966,-0.00225415930157169,0.003668245576512142,247.81877896031816
43.900000000000006,False,-0.009075590130635192,4.947366069950192,4.9473743942045285,0.0005163605484881373,0.0002548618610944686,0.0005758322535908407,248.62454379161903
44.0,False,-0.0052582330261543575,4.952085665505194,4.952088457157907,0.0019053283410244148,0.0018248610477087368,0.0026382558500940498,249.4294806064148
44.1,False,-0.0012456549458761401,4.961119923004446,4.961120079386094,-0.0012822182655440884,-0.0022879058866749347,0.002622707956821863,250.23377654035727
44.2,False,0.004006241773822694,4.964111377185873,4.96411299378644,0.0010187315963321453,0.00216297574905866,0.0023908739315115115,251.0376209357716
44.3,False,0.009843949394053197,4.973865669957917,4.973875411198555,0.0016024311050841789,-0.0037439228400728553,0.004072437068753856,251.8412051288637
44.400000000000006,False,0.01331037474005825,4.978521899141612,4.978539692149528,0.00292110376619803,0.0007822514747601872,0.003024031180834748,252.6447222340242
44.5,False,0.013878701904502577,4.985922394976285,4.985941711160752,0.0034719212382583464,-0.0006891988664960991,0.0035396655438401066,253.4483669255177
44.6,False,0.01948098153684441,4.994027178076891,4.994065174185483,0.004159559094432552,0.0019608885705224566,0.004598588462352568,254.252335216851
44.7,False,0.021751442130380383,5.004229108224337,5.0042763805403965,0.00231758777857749,-0.0010204766875858695,0.002532308389852621,255.0568242381126
44.8,False,0.027435305035339752,5.0122650368628,5.012340121711578,0.004507753623215649,-0.001468255467216295,0.004740845583292536,255.86203201158563
44.900000000000006,False,0.031906949933215856,5.018936224746511,5.019037644960117,0.008514634111122632,-0.0007555265649727971,0.008548088349840138,256.66815722593213
45.0,False,0.03527495229968736,5.025791817876069,5.025915610004787,0.008346196500383485,0.0025695172558357626,0.008732778192021784,257.4753990092507
45.1,False,0.03873980546677558,5.036571271301369,5.03672025661798,-0.008057642747417049,-0.0006758984571888504,0.008085941217287746,258.2839567013163
45.2,False,0.04565956501897972,5.046543756106388,5.04675030868123,-0.005552072470322855,-0.00011955146166542363,0.005553359457814997,259.0940296253006
45.3,False,0.053245117219773874,5.054664235820127,5.0549446663031645,0.0025742850845063003,0.001588757166018695,0.0030250773591575086,259.90581685928504
45.400000000000006,False,0.05683161704979511,5.062236640146693,5.062555642512996,0.002900026574423009,0.003950042661841735,0.0049003052111811765,260.7195170078699
45.5,False,0.0612120769984017,5.067078107187768,5.067447825356669,0.0023412463326621946,2.534405209075885e-05,0.002341383503653461,261.5353279741856
45.6,False,0.06644094577893611,5.076454482521655,5.07688925547822,-0.0023585645988077886,-0.0028444365615030165,0.0036950840747085106,262.3534467326139
45.7,False,0.0689375265229728,5.080477965356238,5.080945654012977,0.006526542343920028,0.0027811976641771707,0.0070944214291375225,263.17406910252174
45.8,False,0.07251732162939106,5.090344884294751,5.090861400883159,-0.00033691688969383904,-0.003019949991937665,0.0030386857264885544,263.99738952331217
45.900000000000006,False,0.07569121807472357,5.098760426568646,5.099322214572846,0.001534822498797439,0.0018700731283445293,0.002419267163454898,264.8236008310942
46.0,False,0.07839211712990846,5.112164095692975,5.112765109539112,0.002309497886074041,0.0005251997627624405,0.0023684626398966457,265.6528940372705
46.1,False,0.08057374557887442,5.117654023147935,5.118288271396879,0.002383396588470532,0.002653775882578202,0.0035669462755817736,266.485458109341
46.2,False,0.08078378588589885,5.124960091138831,5.125596741436825,0.0027616121703886165,0.005440885180320265,0.006101617271270561,267.3214797542145
46.3,False,0.07908696625457878,5.136150597277236,5.136759455740814,0.002153297999541337,-0.001043339497556417,0.002392749377178897,268.1611432043206
46.400000000000006,False,0.07954185806977421,5.146523617535024,5.147138258589036,-0.0005315886689345461,0.0023952278473302613,0.0024535082949861736,269.00463000680867
46.5,False,0.08222050748582888,5.153148740832023,5.153804629299591,0.0004885666490395124,0.0020819212705589507,0.002138479260446426,269.8521188161139
46.6,False,0.08474203173017258,5.161886999427139,5.162582552056351,0.0055863635171817805,0.002984246654790468,0.006333497094238513,270.7037851901732
46.7,False,0.09170471635314925,5.1711996828412055,5.172012752770279,0.0014186276247301066,-0.0041761859281734814,0.004410559289287651,271.5598013905582
46.8,False,0.09688565765350177,5.180794667705811,5.181700514270187,0.002053851749280966,-0.0009304826846516789,0.0022547960072833817,272.4203361867996
46.900000000000006,False,0.09853490354680616,5.187312514943102,5.188248283852875,0.006393251802251143,0.004034291477154284,0.007559707423546707,273.28555466515826
47.0,False,0.10239558217284639,5.195826707497986,5.196835578464829,0.003571495639846489,0.0020517659821450707,0.004118898487572886,274.15561804210444
47.1,False,0.10556844805353194,5.200657178068155,5.201728537805127,0.0005000014129450392,0.0021890915181188575,0.0022454672314792218,275.03068348275275
47.2,False,0.10803235159085034,5.209475943012762,5.2105959918054445,-0.0001021404435164186,0.0008717124384816088,0.0008776760482121427,275.9109039244952
47.3,False,0.11120723038328606,5.219282027576298,5.220466639245047,-5.286446770469411e-05,-0.0018706392517913173,0.0018713860804997135,276.79642790606835
47.400000000000006,False,0.11557144299297306,5.227809852125432,5.229087167796614,-0.001612735641231211,-0.0024914639919302317,0.002967879558132771,277.6873994022861
47.5,False,0.11882461268231737,5.232753188774183,5.23410214107496,0.0014727008535828645,0.0030592922263963374,0.0033953080465007526,278.5839576646534
47.6,False,0.12328093271224816,5.244414669566851,5.245863457500431,0.001962860612820805,0.001079652230487227,0.002240194349640073,279.4862370680791
47.7,False,0.12378348007206341,5.253615060737104,5.2550731256893535,-0.0005887516070970378,0.0014474258916550298,0.0015625844510594308,280.394366963889
47.8,False,0.12711915507520644,5.260905224669614,5.262440789457214,0.000662612778228322,0.0023851196588111634,0.0024754497532203995,281.3084715393364
47.900000000000006,False,0.13516514956234005,5.270594967674583,5.27232784744394,0.0038866416880409815,-0.0022147249761133025,0.004473364542605277,282.22866968379816
48.0,False,0.1393258102624486,5.276271403785103,5.278110609660024,0.0008833394908833725,0.0013463800230226752,0.0016102881178685494,283.1550748618317
48.1,False,0.14549614347129136,5.283743727072107,5.2857465793527085,0.00029035040358849074,-0.0025485671437479596,0.0025650531852294276,284.0877949932656
48.2,False,0.1487192181481305,5.29174231743562,5.293831708695083,0.002872533014851797,0.0017187084109195894,0.00334744746384156,285.0269323404785
48.3,False,0.15165380074790846,5.304301270904347,5.306468773845631,0.0017056381435622825,-0.0038500372495775537,0.004210936748504931,285.9725834030199
48.400000000000006,False,0.1545608404635459,5.3120960399684805,5.314344116751719,0.0006155696867153893,-0.002408303940683254,0.0024857300557207277,286.9248388197096
48.5,False,0.15630213343388277,5.32298969599961,5.3252839981201,0.00020946450979408837,-0.0006129497913605064,0.0006477521343787036,287.8837832783457
48.6,False,0.1576432780916548,5.33074562022648,5.333076060838743,0.0009624839673278984,0.0008490568368983986,0.00128346129651313,288.8494954331414
48.7,False,0.16066715733779802,5.341178692146542,5.34359464750904,0.0020045043931986584,0.0033458869631886046,0.0039003842673239497,289.82204782999685
48.8,False,0.16145564906003074,5.349980080707468,5.352415790143744,0.00104734761725922,0.002864239146475711,0.0030497217774056824,290.80150683970584
48.900000000000006,False,0.16428004368958682,5.362262732080438,5.364778610587153,-0.0016745128622233096,-0.004307802928593674,0.004621813431690156,291.7879325991832
49.0,False,0.1689296689017965,5.371381766650586,5.374037524630959,-0.0003815139868947881,-0.0009440382010552639,0.0010182146371212778,292.7813789607888
49.1,False,0.1729808595579243,5.377533972020501,5.3803154180780135,0.0008211381557430286,0.0030348216214122203,0.003143948177786676,293.7818934498155
49.2,False,0.1755834144628352,5.383814438947837,5.386676846485005,0.0007140484766523514,0.0014696231157529382,0.0016339086049607908,294.78951723019105
49.3,False,0.1788057618817902,5.392771739564381,5.39573521732918,0.0016071777966999434,-0.0001034339761361025,0.00161050273443562,295.80428507844107
49.400000000000006,False,0.1811403014798998,5.39947892713414,5.402516496354812,0.0004073158524988685,0.0005385029942601705,0.0006751975107507797,296.826225365942
49.5,False,0.18425187562206702,5.411308473033699,5.414444398458309,0.0036035608143265563,-0.0014367962554899805,0.0038794373332146897,297.8553600494843
49.6,False,0.18287574108308036,5.419086799364834,5.422171638349978,0.0007553778798410349,-0.00016963269672487513,0.0007741905405979141,298.89170467015816
49.7,False,0.18148487642235978,5.435242030500916,5.438271112264794,-7.310114892788988e-05,0.0015082150156331409,0.0015099855334922427,299.9352683605543
49.8,False,0.18089987112341532,5.439712033572221,5.442719152368868,-0.0002894001228241905,0.0011377581794249636,0.0011739872682184694,300.98605386027106
49.900000000000006,False,0.17924866928001393,5.449584884495437,5.452532026385521,-0.0018662925431272015,0.001199621403600304,0.0022185894997741604,302.0440575397009
50.0,False,0.18419128431605714,5.458151526027763,5.461258509748205,-0.0001219595259271955,0.0007544059075996756,0.0007642004968499279,303.10926943205885
50.1,False,0.1875128992800228,5.4681039539992184,5.471318117157719,0.0018077408000181094,0.0013256317263312667,0.002241701646942815,304.18167327360965
50.2,False,0.18706628494999222,5.478556041998729,5.481748817693654,0.001309199381921644,-0.0033782465552860685,0.0036230584883391276,305.26124655203006
50.3,False,0.18780569611635656,5.481972450726516,5.485188504510874,0.0017653010663707391,-0.00059451706150071,0.0018627233802540589,306.347960562841
50.400000000000006,False,0.18292477406976104,5.490998598770716,5.494044692634966,-0.0006140630503068678,-0.0027662493694435852,0.0028335858913573113,307.4417804738278
50.5,False,0.18041517351048242,5.506411921039955,5.509366740289101,-0.0026759540751299937,-0.004599814276275538,0.005321561950070023,308.5426653973552
50.6,False,0.18599118379654556,5.518079977862413,5.521213576971651,-4.0104092249748646e-05,0.001515183668999498,0.0015157143164257426,309.6505684704795
50.7,False,0.18697540216669495,5.53008200504928,5.533241977682276,0.0001934123044975422,0.004124548751264001,0.0041290810988747215,310.76543694274056
50.8,False,0.18508289133228573,5.54334349808741,5.546432440267516,0.000235344072279986,0.0008030690806322127,0.0008368433429410756,311.8872122715134
50.900000000000006,False,0.18643333327850087,5.554366173842709,5.557494127831844,0.00030450869098785915,-0.0008681653866062788,0.0009200199353211696,313.0158302247867
51.0,False,0.184578211262874,5.562559433283866,5.565620950521902,-0.0007566937978253918,0.0011628526719107413,0.0013873758828224472,314.1512209912211
51.1,False,0.18715194120613887,5.567336575324134,5.570481342939682,0.00015560015003757144,0.00016326939811506236,0.00022554002538921884,315.2933092973396
51.2,False,0.18643860350732666,5.580375584740608,5.583489143863973,-5.000983105674095e-05,-0.0007810249879298681,0.000782624440567233,316.44201453168154
51.3,False,0.18632014334878022,5.591263144252338,5.594366697320801,0.0005911767680117919,0.00035321346709338286,0.0006886579153491204,317.59725087575185
51.400000000000006,False,0.18892536106557145,5.600570329357453,5.603755955261864,0.0006355178122703364,-0.0012844555149342796,0.0014330767109816418,318.7589274415828
51.5,False,0.1890176442906295,5.612605313572686,5.615787217817065,0.000572532489400146,1.5530024370491446e-05,0.0005727430777195621,319.9269484157151
51.6,False,0.19061163931428382,5.623067214733538,5.6262969792265025,0.0012398598825029694,-0.0006587193895484234,0.0014039813967454571,321.101213209405
51.7,False,0.18964974120513034,5.632424927196553,5.635616877045872,0.0006151660479645216,0.003035829774461263,0.0030975299330391966,322.2816166148432
51.8,False,0.18964233388157936,5.646452584453613,5.64963636026983,0.001343850510579614,-0.004512343468036306,0.00470820324203565,323.4680489671735
51.900000000000006,False,0.19379273311824363,5.655940213754434,5.659259255854425,0.002463886948362415,-0.00016005245370820376,0.0024690799262576876,324.6603963120884
52.0,False,0.18960257705850836,5.669397466258829,5.672567035095245,0.0005477998124661099,-0.0005052124022029147,0.0007452007822577381,325.8585405787649
52.1,False,0.18933541143087496,5.676299699688656,5.679456503813302,0.0015775160870816762,0.0008307193920984446,0.001782877369145139,327.0623597579101
52.2,False,0.19164082959957796,5.687501814551524,5.6907295752035605,0.002735209749516798,-9.173941711537736e-05,0.002736747795194949,328.2717280846637
52.3,False,0.1869466545143723,5.704228628464563,5.7072912399341265,-2.6034047664325044e-05,-0.0023697651098473216,0.002369908109502872,329.4865162261106
52.400000000000006,False,0.1861557227096,5.7204963571059295,5.723524484507753,-0.0003285649850113259,-0.0035285475175896863,0.0035438118648235028,330.7065914731425
52.5,False,0.18385376609921877,5.7320355909166665,5.734983367268317,-0.0009194241532668457,0.0015072719025397419,0.0017655620526609167,331.9318179364058
52.6,False,0.1864505243546546,5.742787351403649,5.745813289820151,-0.00027890460353319213,-0.000672892059952801,0.0007284033925096251,333.1620567460662
52.7,False,0.1860048562036809,5.753278294859086,5.756284300191229,1.8176593357566162e-05,0.004486868520814369,0.0044869053379385,334.3971662551143
52.8,False,0.18460276064786285,5.76557772166592,5.768532278128397,0.0011555549272088683,-0.004560510086093927,0.004704631700267422,335.6370022459344
52.900000000000006,False,0.185330238943493,5.779250541784393,5.782221383013803,0.0012651755789647723,-0.0026412011934553448,0.002928585493018564,336.8814181398513
53.0,False,0.18297989606412557,5.7904546687049105,5.7933450538259965,0.0004977354872153228,0.00037787281840451215,0.0006249227809277272,338.13026520936654
53.1,False,0.179459863095758,5.801178771682402,5.80395390948971,-0.0004907774763296402,0.0020373111333356064,0.0020955904144860232,339.38339279279586
53.2,False,0.17699493247937426,5.811971919190142,5.814666352902643,-0.0012089600494391561,-0.0022663404363640893,0.002568634535047541,340.64064851100915
53.3,False,0.17824837497130375,5.820485269513739,5.823213997081537,-7.909923374427308e-05,0.0025044077630127504,0.0025056565870480853,341.90187848597856
53.400000000000006,False,0.1743550667515592,5.8291738785461575,5.831780842558025,-0.00029186271581238543,0.0016541741858020487,0.0016797250018545453,343.1669275608332
53.5,False,0.1711181764109142,5.844305242009142,5.8468098303325835,0.004189170451695645,-0.0036131278692153046,0.005532073939551081,344.4356395211183
53.6,False,0.17040317292821783,5.851910505910439,5.854390985450919,0.001391898680481063,-0.0012526506743881782,0.0018725692640781226,345.7078573169581
53.7,False,0.1699382125136708,5.864711141274654,5.867172723438726,-5.694963954283594e-05,-0.001084022469598267,0.0010855173771239152,346.983423285814
53.8,False,0.1650185842713654,5.871542244826287,5.873860695142049,-0.0004186566433190819,0.0005003402946499591,0.0006523908302893357,348.26217937553525
53.900000000000006,False,0.16064765382009227,5.882794522981499,5.884987601371733,-0.0005234700529399561,-0.0005747398639073253,0.0007773974578612739,349.54396736739653
54.0,False,0.15580771436486884,5.891593943119545,5.893653810197756,-0.003382674092108573,0.0023191797787376345,0.004101350857891593,350.82862909881413
54.1,False,0.1482616268935999,5.906353027555582,5.908213570625568,-0.005283950605303289,0.0004269512289170052,0.005301171696064818,352.11600668544105
54.2,False,0.14432727848202376,5.919902654598957,5.92166174339955,-0.002926344817979043,0.0012545876919034527,0.0031839416248399454,353.4059427423294
54.3,False,0.14356011607992514,5.928142933813433,5.929880955858306,-0.0004163824405623018,0.0008848999888186881,0.0009779684693383183,354.6982806038646
54.400000000000006,False,0.13825413941299303,5.941442600464484,5.943050932112142,-0.000693752238930756,-0.000988194750391358,0.0012074025980270521,355.99286454216605
54.5,False,0.13618249363457835,5.951104037811888,5.952662004551702,0.0007854138524407972,-0.004443406384098125,0.004512287137788316,357.2895399836553
54.6,False,0.13413024425790354,5.961743603080663,5.963252276341987,-0.001662397099039481,0.0008852885536612121,0.0018834277098254775,358.58815372349903
54.7,False,0.12815410798702942,5.973044306895474,5.974418948109547,0.0009266309308486598,-0.0015049162977902597,0.0017673194236923317,359.88855413762866
54.8,False,0.12647374662867605,5.984559334354458,5.985895591721874,0.0010453701628421186,-0.00025718173611721795,0.001076541324219755,361.19059139205007
54.900000000000006,False,0.1214248469151471,5.99951029017376,6.000738930777542,0.0012716361062530268,-0.0007943830970589261,0.0014993674971864937,362.494117649157
55.0,False,0.1197431386159451,6.009864688243226,6.01105747687031,0.0025154492760748326,0.0005541230767676097,0.002575759585969118,363.7989872707628
55.1,False,0.11786360751568736,6.020836537478715,6.021990073141544,-0.000754651439024201,0.001353633564519896,0.0015497814753752017,365.1050570175791
55.2,False,0.11561210335514716,6.031347863977146,6.032455819543471,-8.515926117524941e-05,0.0006828860018117666,0.0006881754073158779,366.412186244862
55.3,False,0.11556423632407586,6.044490088335749,6.045594720183142,0.006233546673229284,-0.003484800751550665,0.007141494269782478,367.7202370939638
55.400000000000006,False,0.10837434280415437,6.058742192267005,6.059711375184021,0.005842724048079617,-0.0024371893173906756,0.006330664741621617,369.0290746795271
55.5,False,0.10191941102686997,6.0714970940137505,6.072352470744883,0.006144696476440004,0.0028372840087627083,0.006768121994612301,370.3385672720629
55.6,False,0.09210283366201111,6.086187191355293,6.086884051810565,2.6897082307186793e-05,-0.005241325409656383,0.0052413944235237915,371.6485864756698
55.7,False,0.08042743233556848,6.101754580768443,6.1022846160926285,-0.006271176425684644,0.0023611694535361494,0.006700953286688023,372.9590074006448
55.8,False,0.07652970413801086,6.109079999414405,6.109559332297262,-0.00237867663383895,0.004989870178064848,0.005527830218296535,374.2697088307554
55.900000000000006,False,0.07034971383836819,6.119519091962388,6.119923447162498,-0.003683817553337576,0.004004212382426431,0.005440976802914639,375.5805733849431
56.0,False,0.06835416933665783,6.1281582254266596,6.128539428634699,0.0023264379052534423,0.012892039071175532,0.013100266590406338,376.89148767323655
56.1,False,0.06587264398638126,6.1383186253722215,6.138672067460297,0.0013663418106943936,0.012968830893441918,0.013040608294337544,378.2023424466657
56.2,False,0.06258798172643765,6.148399339901175,6.148717890613766,-0.0024770686104602646,0.014403979378244003,0.01461541962551216,379.5130327409685
56.3,False,0.059232309076605816,6.156267779548216,6.156552723719831,0.00404069447290567,-0.0020138120560204698,0.004514714921270647,380.8234580138976
56.400000000000006,False,0.05808939853011452,6.166586858835672,6.166860454541386,0.0033234281886507233,0.01667082106507678,0.016998866135978775,382.1335222759397
56.5,False,0.05438408599832201,6.178768208003589,6.179007541429753,-0.001432462477964691,0.016829236697731176,0.01689009048463147,383.4431342142681
56.6,False,0.05217390040547798,6.187124751647389,6.187344730038183,0.009407286442410623,-0.0033573803281115033,0.00998844536838205,384.7522073097634
56.7,False,0.04402104470045742,6.199467069342404,6.199623359224125,0.004445295667210303,-0.008472287666222655,0.009567670137925284,386.06065994693967
56.8,False,0.04195624401245368,6.209547906635464,6.209689648542229,0.007673155790598685,0.003270611669961454,0.008341116261177887,387.3684155166301
56.900000000000006,False,0.029806708642581725,6.227572850010347,6.227644180752951,-0.0009762724131405776,0.0029851536056639816,0.0031407403385297545,388.67540251129225
57.0,False,0.023864417384174885,6.235720753909732,6.235766418906151,-0.0023916192822071025,-0.0007964249358565212,0.002520741055618145,389.9815546128015
57.1,False,0.018405308710839563,6.247112473453058,6.247139586351622,0.0009035003063218028,-0.0031395706017747216,0.0032669888838273813,391.2868107726193
57.2,False,0.016889187789843163,6.25587889528822,6.255901693375365,0.00019740431901027478,-0.0038120008353530466,0.0038171087008226834,392.5911152842216
57.3,False,0.006128944144279558,6.269693413181017,6.269696408857589,-0.0038451462377224743,-0.004654355981926983,0.006037232743233509,393.8944178476958
57.400000000000006,False,-0.001677449897670158,6.283814834881866,6.283815058777556,0.00749776528550683,-0.0003721247954331375,0.007506994148121302,395.1966736264157
57.5,False,-0.009533415003147638,6.293603744202869,6.293610964704285,0.0022551806249566653,0.006678666982395498,0.007049144083711137,396.49784329571975
57.6,False,-0.009471320718716925,6.3038431276344795,6.303850242807218,0.0036806705414846874,0.008495168709202972,0.009258251834594609,397.7978930835291
57.7,False,-0.013496825292804715,6.317483433804,6.3174978512604945,0.0011799102503573522,0.021118419787228504,0.021151355571416758,399.0967948028492
57.8,True,-0.016095778686803897,6.3258571008164495,6.3258775781737535,0.00759739406441895,-0.028631275438044668,0.02962212567962077,
57.900000000000006,True,-0.024439980368015313,6.341000379393165,6.341047478461634,-0.004553829872065762,-0.007375913901853437,0.008668418102011074,
58.0,True,-0.034769048743214626,6.3505250350900155,6.350620214440126,-0.0006347242850779367,-0.0021949861765051537,0.002284915585555933,
58.1,True,-0.0415946905028477,6.3603159919473455,6.360451999323568,-0.0028430803367882618,0.0010836325597551877,0.0030425918763438576,
58.2,True,-0.04086376260147517,6.3656249280485895,6.365756087982602,0.006664626258384487,-0.017380807290464872,0.018614771157127473,
58.3,True,-0.04480816397347098,6.373100806729099,6.373258323988583,-0.0003886414086764489,-0.0019327262051547223,0.0019714138907468894,
58.400000000000006,True,-0.050518199680368525,6.387037025708764,6.38723680915884,-0.0022561381944115055,0.0019234849371514429,0.002964785634026666,
58.5,True,-0.055777448264166196,6.404077757900268,6.404320655070902,-0.006970097160888145,0.017465416691891278,0.018804867312842585,
58.6,True,-0.06499987342556324,6.416197624139784,6.416526859256677,-0.0019283749996930055,0.0031754415709315253,0.003715112287649065,
58.7,True,-0.06701929996654599,6.4226393501737675,6.422989008940348,0.00457369603668667,-0.010411406410582913,0.011371722775478231,
58.8,True,-0.07223371316058547,6.435014423667326,6.43541982640787,-0.0008701300639586407,0.004400794356342885,0.00448599122770253,
58.900000000000006,True,-0.07729696117507956,6.451056982879152,6.451520054728247,-0.005324283544609898,0.01528792924523259,0.016188538410574365,
59.0,True,-0.07961656682584817,6.456793928223476,6.457284772197729,0.002901821764453416,-0.009129279399644474,0.00957936907679355,
59.1,True,-0.08392205169514,6.468498169252996,6.4690425471154605,-0.0009820125515034306,0.024101426461754727,0.02412142421464125,
59.2,True,-0.08670952381999086,6.483144175412633,6.483724002508731,-0.002349414647824233,0.027439648019253582,0.02754004416495983,
59.3,True,-0.09285170177020063,6.491436456434485,6.492100484931539,0.0031699856476734567,-0.0018160394389497014,0.003653328379748589,
59.400000000000006,True,-0.09470643389511224,6.496652221008844,6.497342486691023,0.001844681441184548,-0.0064391517683475286,0.0066981732670380965,
59.5,True,-0.09902115780573695,6.506677187891853,6.507430615621301,-0.001082282867628237,0.001961213830838915,0.0022400214052181403,
59.6,True,-0.10343515995919006,6.516568315105246,6.517389158071613,-0.001598008935843609,-0.0010845211886589823,0.0019312738717453606,
59.7,True,-0.10638181970830374,6.528794335885095,6.529660984450093,0.005687375978368436,-0.004520886656450784,0.007265305339749809,
59.8,True,-0.10910003237711408,6.539231870471383,6.54014191534506,0.005066547274395816,0.0211714704639121,0.021769268772468913,
59.900000000000006,True,-0.11491647279910921,6.547096310060056,6.5481047554939575,-0.0016255368232123146,-0.0023112885433533847,0.0028256724322284414,
60.0,True,-0.11843685429596462,6.5591739746540725,6.560243175236328,0.0007397658442869215,-0.001249662853240352,0.0014522089213134448,
60.1,True,-0.12461604511145197,6.570855959728533,6.572037522884299,-0.0025245686808830214,0.0063709860378935446,0.0068529490089690535,
60.2,True,-0.12637238127615547,6.583388245164542,6.5846010331165905,0.004646507582720005,-0.00525132224203162,0.00701187692461373,
60.3,True,-0.1305561809649589,6.592998051577467,6.594290577802319,0.0012631053429004169,-0.002917171284195774,0.0031788871336680077,
60.400000000000006,True,-0.13591424918399753,6.603803622074793,6.605202113641898,-0.0014618419393173099,0.0015363979331368682,0.0021207311155576124,
60.5,True,-0.13484161030169162,6.611436423704504,6.612811341975163,0.005926963113324746,-0.015573614532456759,0.016663323838666175,
60.6,True,-0.13906385901611884,6.625149208581604,6.626608543806848,4.9400294528823e-05,0.006069944186833709,0.006070145205872415,
60.7,True,-0.14259154018054687,6.6372842425614635,6.638815742576816,4.4484118689069874e-05,0.002714458031675804,0.002714822506637372,
60.8,True,-0.14925522510202427,6.646552917925305,6.648228546989164,-0.0028357949145174643,0.0021653778855466044,0.003567995821804924,
60.900000000000006,True,-0.15486934950797604,6.661155417186933,6.662955500927186,-0.004761215070061553,0.00990693425291056,0.010991656619221406,
61.0,True,-0.15593759527905604,6.666531984578512,6.66835551204566,0.005610046768538268,-0.010803159321085332,0.012172956751009163,
61.1,True,-0.1551105539388118,6.673611629335937,6.6754139544414075,0.005122214745142628,-0.010741555300171512,0.011900340085980706,
61.2,True,-0.16189768423760142,6.683878594623991,6.685839059372748,-0.002757429284883983,0.009157397884507645,0.00956354287261373,
61.3,True,-0.1653173811700981,6.696063973446485,6.698104401470976,0.0005992268735326434,-0.0017379368462115963,0.0018383409170726784,
61.400000000000006,True,-0.17095251900025232,6.706968697616901,6.709147030328482,-0.0017344818015772034,0.005493261427545804,0.005760585754188983,
61.5,True,-0.17580207637456624,6.715688653844779,6.717989317157114,0.004106791651679487,-0.0022092650447689266,0.00466332389056799,
61.6,True,-0.18036330625886876,6.729937284901894,6.732353732607735,-0.002252437959668896,-0.0015203928009555057,0.002717548717383868,
61.7,True,-0.18622426825720595,6.744218267809799,6.746788830395341,-2.025354399393109e-05,-0.001282260846949157,0.0012824207911848137,
61.8,True,-0.19227623558981577,6.756242907329977,6.758978352800015,-0.002421734723498048,0.0049652397648856095,0.0055243465671333,
61.900000000000006,True,-0.19357451819269045,6.769266803209689,6.772033974156527,-0.0015009341750555905,-0.0035393358307942435,0.0038444377379525585,
62.0,True,-0.19335951361927073,6.775118820390162,6.777877465100122,-0.0023501052831989,-0.0026725134777052517,0.0035588373284874374,
62.1,True,-0.1991070099851413,6.788814848378081,6.791733994127267,0.0044230670050637855,-0.0008126395100021,0.004497099588012298,
62.2,True,-0.20555166057977203,6.803995492300089,6.807099686680593,-0.004501979304109227,0.0033478739933343604,0.005610354528001983,
62.3,True,-0.21194777270375198,6.8165546416180405,6.819848901590015,-0.0005494282871723044,0.005026984554831415,0.005056920521153036,
62.400000000000006,True,-0.21319513748744612,6.826770187208638,6.830098341576712,0.004591959027038683,-0.006523487766855851,0.007977592390585018,
62.5,True,-0.21951609292261764,6.839589194656924,6.843110964080574,0.000909654181782571,0.003528318504947947,0.003643693483649885,
62.6,True,-0.22608180840006753,6.853084300696139,6.856812482235265,0.0006086281666739524,0.001203221868934179,0.001348395754647112,
62.7,True,-0.2316393278669011,6.87079327383276,6.874696865314144,-0.00742028435922748,0.011992240488496009,0.014102285343366123,
62.8,True,-0.23510148734339964,6.87906812865009,6.883084412380872,0.0098025371072481,-0.0008929502981231963,0.009843124197829378,
62.900000000000006,True,-0.24210086534424136,6.887215904858408,6.891469781486026,0.00456123117999141,-0.0009381959933421058,0.004656720047334713,
63.0,True,-0.24534693055579737,6.903287418799948,6.907645930626062,-0.0012846435610072149,0.02252726702926111,0.02256386644364108,
63.1,True,-0.24556751051215997,6.918837984293532,6.923194526742848,0.008194217127766024,-0.00551905360003957,0.009879531718511955,
63.2,True,-0.2474875223209665,6.9274216797783765,6.931841112083285,0.02446683491643853,-0.01335971790979329,0.027876658218974296,
63.3,True,-0.25523354521340025,6.938049581264693,6.942742696851827,0.000991698612892833,0.00659080510450849,0.006664996478950963,
63.400000000000006,True,-0.2609011616167436,6.951302995177684,6.95619743443925,0.0016137083948706277,0.0487809088788822,0.04880759291169238,
63.5,True,-0.2653846431118154,6.963329182628172,6.968384483826988,0.0031670190412569355,0.011566031702386681,0.01199179298304877,
63.6,True,-0.2700122293063032,6.975876241822903,6.981099909412856,0.0006298845277115106,0.04173693924008148,0.04174169200749418,
63.7,True,-0.2749278724473925,6.985978607847983,6.991386303470728,0.004307947517531829,0.04350375045135024,0.04371652679647784,
63.8,True,-0.2812649770077087,7.0030274048741035,7.008673399489298,0.006768124783093299,0.2790253435422869,0.2791074163327997,
63.900000000000006,True,-0.28217759709150414,7.013568201756016,7.019242346363562,0.005973206110525098,0.2691528271172956,0.2692190995016357,
64.0,True,-0.2868941434218186,7.022409654091234,7.028267610115845,0.0009326015118631403,0.2575830993770296,0.25758478765303017,
64.10000000000001,True,-0.28960332681401724,7.035750462572992,7.041708220204655,0.00344861205678626,0.20318254234126698,0.20321180683557477,
64.2,True,-0.29221427395680166,7.053276727283389,7.059327289022771,0.008579088552437497,0.08651208433951751,0.08693642215526445,
64.3,True,-0.29224450494609755,7.061799830979794,7.06784434629806,0.00740054302889348,0.0027131655827474788,0.007882214447850894,
64.4,True,-0.2934819762610914,7.070228772469989,7.0763173024852835,0.0014177180748902174,0.0035974964283695954,0.003866769335246469,
64.5,True,-0.2927432777719332,7.076858591058624,7.082910852504138,0.0035576928270302233,0.019292154106324233,0.019617451116637586,
64.60000000000001,True,-0.29555552348392666,7.090364620795469,7.096521931431618,0.0010403531965721413,0.0022324592940208277,0.002462967574508005,
64.7,True,-0.2993847568172896,7.0976838122433605,7.103995124660208,0.0014137624605154997,0.011266150577512235,0.011354508933896792,
64.8,True,-0.3019208811873568,7.10951075977971,7.1159187363207295,0.005672421501799363,0.007452701413285467,0.009365848816293319,
64.9,True,-0.30772247924028306,7.1237225443586,7.130365769947061,-0.0014076306275683237,0.0004377196549967266,0.0014741175258570281,
65.0,True,-0.30700433813854033,7.1369536818905885,7.143553703940883,0.00286278379576288,-0.002915196573837875,0.0040858171918722215,
65.10000000000001,True,-0.31146836720813553,7.150288936019479,7.157069540834004,-0.0008243018855864648,0.003775334407862374,0.0038642752864891682,
65.2,True,-0.311801385150261,7.164369306462106,7.1711510696092535,0.0048451785779661805,-0.009737591371049348,0.010876416742747452,
65.3,True,-0.3187458439559805,7.177971755863268,7.18504540284959,-0.002961881554710999,0.011472303377786375,0.011848480372440422,
65.4,True,-0.3225654026191478,7.193117303402687,7.200346170808595,0.0007016154550001374,0.0008023205099334518,0.001065824773288238,
65.5,True,-0.32411805089407153,7.20448036131927,7.211767452403773,0.002137548244490972,-0.004068738042519726,0.004596057196790929,
65.60000000000001,True,-0.328766723377953,7.2160147056494,7.223500245071572,-0.0004435423612676459,0.006481689046495376,0.006496847137011692,
65.7,True,-0.3345649939062696,7.232538123256063,7.240272193743812,-0.0008130426343768704,0.00039146007594581533,0.000902374266241001,
65.8,True,-0.33721462859205076,7.248394298511698,7.256234120563735,0.0010145537277139738,0.05060978091881907,0.050619949070670564,
65.9,True,-0.3381745715297484,7.25695037613815,7.264825586520365,0.0027749631523192875,0.0011243541848102723,0.0029940929894761398,
66.0,True,-0.3460810599897286,7.2702014355392635,7.278433967097646,-0.0018988137300084418,0.0023889453990477705,0.003051647702619043,
66.10000000000001,True,-0.347282181631158,7.28013992367579,7.288418362167243,0.0012393593707429318,0.04928392171819951,0.049299502548965604,
66.2,True,-0.35572827649536976,7.296798786759382,7.305464745048843,0.003041190434487362,0.01133346359637244,0.011734403962243534,
66.3,True,-0.3623880566490243,7.312986813236762,7.321960204356251,0.0027614771418029704,0.4177237904608546,0.41773291811035035,
66.4,True,-0.36692492743623006,7.327244874473934,7.336426333909352,0.0016873976120450607,0.0012907611595665003,0.00212447053925933,
66.5,True,-0.37376840456090576,7.3391899227751765,7.3487013507702645,-0.0014030777113021031,0.004985615114094344,0.005179284229489506,
66.60000000000001,True,-0.3796235539225563,7.350132146315843,7.3599291172536665,-0.0013166405445872442,0.02941441857205973,0.02944387138703033,
66.7,True,-0.3842140876938629,7.36643309076419,7.376446091844506,0.001002487571668098,0.12720129584880624,0.12720524614553788,
66.8,True,-0.3879559951110423,7.378239383188145,7.388431920899805,0.00045928322356303397,1.207971702806617,1.2079717901187086,
66.9,True,-0.3964252857605288,7.389597540216812,7.400223294845141,-0.0027056123906277207,0.032838292987776185,0.03294956486449174,
67.0,True,-0.4010277509514708,7.407025911722599,7.417874096664299,-0.0017857139505395025,0.002180693743980555,0.0028185456388334974,
67.10000000000001,True,-0.4030611058493605,7.419261736095109,7.430202080948641,-9.168831388706167e-05,-0.005202268382959119,0.0052030763088042,
67.2,True,-0.4065634657016517,7.430189657217511,7.441304468563654,9.950841388217668e-05,-0.00022196559950771189,0.00024325018355217024,
67.3,True,-0.4096770066001909,7.438556678806606,7.449829576141675,-0.0027950262478952936,0.05566271044148152,0.05573284045711864,
67.4,True,-0.4096114719383195,7.449897985429175,7.461150149356676,-0.0029693125271705867,-0.0027469710829564065,0.004045079358258731,
67.5,True,-0.40852084319408277,7.458174030229827,7.469353997804538,0.003194703291001133,-0.009907625147263843,0.010409955099625952,
67.60000000000001,True,-0.41021783316193705,7.47730474925504,7.488548923781967,0.0016386237260803682,0.007356629277524007,0.007536914623544366,
67.7,True,-0.41766883207844785,7.497750459612234,7.509374754791857,0.0014617744835732083,0.14385583017798353,0.1438632568129808,
67.8,True,-0.42423974987536894,7.516948087951619,7.528910141735908,-0.001642234341375115,0.018644905898668185,0.018717089773845275,
67.9,True,-0.42443805607035756,7.525354026853279,7.537313904363917,-0.007007839470247745,-0.007195038579823176,0.01004382368452902,
68.0,True,-0.4285947885271071,7.542816567518912,7.554983472118941,-0.0019040103057932356,0.008353905230706005,0.008568137945212132,
68.10000000000001,True,-0.43469737598331903,7.562454598195984,7.574937713173777,-0.0020038395035726353,0.008811239984879649,0.009036222818590749,
68.2,True,-0.43527587131666223,7.5764970670292655,7.588990241847299,-0.0008795304423756534,0.006858607479045986,0.00691477189433542,
68.3,True,-0.44005265824353046,7.590449517395996,7.6031947376194635,-0.0025265771644171764,0.01710451958200565,0.01729011805335548,
68.4,True,-0.43971210010874984,7.597314182496632,7.61002822061433,-0.0005465024154318598,0.014323421885876542,0.014333843846326775,
68.5,True,-0.44472819855718626,7.611970668148047,7.624951188259381,-0.0041159762133702316,0.00741736929273884,0.008482843120905552,
68.60000000000001,True,-0.4444907958021531,7.623488279946855,7.636435400240082,-0.00022476876188193273,0.006690082178238299,0.0066938569261599575,
68.7,True,-0.4459587660080615,7.640203082015091,7.653207324737279,0.0007929828626629387,0.006467119801868648,0.0065155552604669615,
68.8,True,-0.44657553579406795,7.648634686843138,7.661660543377642,0.0012898682971353992,0.020369952338512576,0.020410750071891744,
68.9,True,-0.45190253952580406,7.664507621608891,7.6778182439369225,-0.0015866161553503844,0.021081403802725163,0.02114102497794215,
69.0,True,-0.4570099406898862,7.6829327711144515,7.69651310993191,-0.0018181104796894942,0.020686585497969645,0.020766327197681463,
69.10000000000001,True,-0.45888530799447835,7.694395866217519,7.708067427829004,0.0005760326115478165,0.010683554459831157,0.010699072364730729,
69.2,True,-0.4578741300420006,7.7058852379891505,7.719476408411443,0.0016953753114421488,0.0001183980154451092,0.0016995044974076718,
69.3,True,-0.4600194054505664,7.710372110338653,7.724082853859041,-0.00015310796175072028,-0.0024839428121481433,0.0024886570559186907,
69.4,True,-0.4638093663389782,7.723165732982238,7.737080073736786,0.0009129362392741314,0.0013698709195182346,0.001646207433199634,
69.5,True,-0.46675587631716553,7.7349004520308995,7.748970644602057,0.0007081961695121208,0.006992187338596523,0.007027960272550007,
69.60000000000001,True,-0.4702117455063899,7.741581642978929,7.755848465546532,0.0014474957687298229,-0.004722337360192341,0.004939201771942417,
69.7,True,-0.47548932737652194,7.756982132816802,7.771541797435569,-0.0002217081903381768,0.006932980519422927,0.006936524591202775,
69.8,True,-0.4786809752899899,7.769158881177191,7.783891391654883,-0.002570845608943273,0.003024586465755874,0.003969555445368728,
69.9,True,-0.4792433493039425,7.779741008650717,7.794488074885594,-0.0003191203859387315,-0.0018215367327911736,0.001849279289244658,
70.0,True,-0.47846266286671835,7.793526501522706,7.808199654830443,0.0018401492033035538,-0.004750828305930099,0.0050947540355590635,
70.10000000000001,True,-0.483213873738805,7.812105874782105,7.827036083127427,-0.0014379877502506133,0.006075963737600887,0.006243808462029546,
70.2,True,-0.48827140366211097,7.828240775068252,7.843453486575627,-0.0015035933705576099,0.0005701944938891756,0.0016080779784719168,
70.3,True,-0.4900359477511529,7.842545308820888,7.85784017087373,-0.0006406758041066496,0.0013161133121570856,0.0014637690174357416,
70.4,True,-0.49111814082505134,7.860696017777855,7.876023039082357,-0.0008000577943221288,-0.0005843032450343344,0.0009907082095214732,
70.5,True,-0.49236199800623126,7.870295680285437,7.88568160859924,0.00014614867882301041,-0.005214956960173822,0.005217004459724671,
70.60000000000001,True,-0.4955697024621486,7.884518741796569,7.9000775388435125,-0.00142555195748173,0.0024081248827201307,0.002798439535572608,
70.7,True,-0.4961872824904958,7.9004488885709065,7.916015061899932,-0.0010807160296053553,-0.004216757258859616,0.00435304363828244,
70.8,True,-0.4969920050349401,7.913351888150146,7.928943129998987,-0.0005302457176412645,-0.0030525904428486683,0.0030983009751875184,
70.9,True,-0.4976407548200541,7.930459057449923,7.946057335732444,-0.0006622259425057564,0.005140207888473469,0.005182690453389293,
71.0,True,-0.49729758075761765,7.942316958611968,7.957870541475443,-6.788007510749594e-05,-0.0007623717306159961,0.000765387718897441,
71.10000000000001,True,-0.4976420821396914,7.959737762810391,7.975278859991424,-0.0002944529198884993,0.00815201846768332,0.008157334590384336,
71.2,True,-0.501097750138797,7.975981194046483,7.991706636443641,-0.0019455645401649235,0.007165918083273937,0.0074253352352698235,
71.3,True,-0.4971028546673324,7.979425329821424,7.994894611082384,0.001017902142393723,-0.003450918725889096,0.00359791117513784,
71.4,True,-0.49969573573378057,7.998789774830641,8.0143829263547,-5.712816403047327e-05,0.005976078477488045,0.005976351528836078,
71.5,True,-0.497704067730524,8.000805193368933,8.016270521961868,0.001001524663706732,-0.0031083287765341083,0.003265694326639116,
71.60000000000001,True,-0.4998358031056114,8.012123797666447,8.02769976887522,-0.0004351702738176755,-0.0019033009984354976,0.001952415902890599,
71.7,True,-0.499962897940577,8.031428254054845,8.046974754486781,-0.00039197556009185064,0.0013921010666990696,0.0014462331138561334,
71.8,True,-0.5000068717788508,8.044720625782816,8.06024421582383,-0.00016104264932437218,0.0007016215226940403,0.000719866304259976,
71.9,True,-0.49966672684718105,8.053025223908207,8.068511764558567,-0.0007018299087349078,-0.012137264999012132,0.012157539507525354,
72.0,True,-0.49797568474423315,8.063360488037802,8.07872280392425,-0.0002241268269926877,-0.005236646900470987,0.005241440984575731,
72.10000000000001,True,-0.4965708439942773,8.08279874836461,8.09803792345218,0.0009372760609949182,0.0037057600350749453,0.0038224525964454825,
72.2,True,-0.4978604643521294,8.088501892931106,8.103809469250557,0.0004548818843659319,-0.0022767519809576697,0.002321748718427335,
72.3,True,-0.5012618383359495,8.106688736992169,8.12217124351904,-0.0012261152933206176,0.0016659620943073605,0.0020685232442937814,
72.4,True,-0.5020156260758313,8.12051518193556,8.136017853278728,-0.002128115842651823,0.0008813503064857287,0.0023034008340903603,
72.5,True,-0.49678139285379075,8.131132382067449,8.146293977447145,0.00022229726209843648,0.00209682368574704,0.002108574314992541,
72.60000000000001,True,-0.49440302436983075,8.143464167590537,8.158458371490111,-0.0020358689023396437,-0.0033346513268384115,0.003907001620053261,
72.7,True,-0.490526689722401,8.154286152206112,8.169026813849394,0.0005080177935496977,0.0006966431825503605,0.0008622028777248415,
72.8,True,-0.49221920553850396,8.17149413329281,8.186305400896046,-0.0019128451249343925,-0.003227305627262922,0.0037515967378901737,
72.9,True,-0.4936012427776859,8.18814748567678,8.203011729484887,-0.0009136971493717283,0.006815386821813263,0.0068763609570554034,
73.0,True,-0.4894162193171496,8.19588514575338,8.210484855239159,-0.004602188712624411,-0.0025706726669909585,0.005271479764489468,
73.10000000000001,True,-0.487172037616574,8.208557007308627,8.223000956856994,-0.0008068163728012223,0.003540015757494075,0.0036307938832611346,
73.2,True,-0.4834572523808447,8.219597422883567,8.233803052609032,-0.0017582335647148284,-0.002430639565830006,0.00299989899281094,
73.3,True,-0.48303418853834046,8.238678875345556,8.252826887701087,-0.0011970338118771906,-0.0007883760670210904,0.0014333271677565034,
73.4,True,-0.4792725452398372,8.247584546494465,8.261498231204495,-0.0006500917950233998,-0.004510715166929913,0.004557320556986121,
73.5,True,-0.4781656518109685,8.26788429899392,8.2816998962847,0.0007521229841813692,0.006168534026414818,0.00621421765135172,
73.60000000000001,True,-0.47436066125249,8.282003307904404,8.295576943714245,-0.0006762456880551326,0.0022347932077195765,0.002334868071622616,
73.7,True,-0.46952150406821147,8.291684938269782,8.30496776383343,0.001505888263864108,0.0034238752749047308,0.003740403903503952,
73.8,True,-0.46974369990709874,8.302252338088806,8.315530832659059,-0.0005321584069406526,-0.002839341362630421,0.0028887803557248147,
73.9,True,-0.4710370399147905,8.31207068505745,8.32540659465729,-0.002746293899917873,0.0006989932730903092,0.002833852815611923,
74.0,True,-0.4655410557331834,8.321196331462602,8.334208832355944,0.0038409029168633424,0.0039776220177714094,0.005529377192146438,
74.10000000000001,True,-0.46053951153271555,8.335570403518602,8.348283092570476,-0.0006693273770679298,0.004314859643898217,0.004366464574943221,
74.2,True,-0.45894184779251646,8.344072793400926,8.356684653690646,-0.0005569464351538045,-0.001421630383788397,0.0015268340707951457,
74.3,True,-0.4583657153993954,8.34864819802317,8.361221553302432,-0.0010401947204172757,-0.0005710832668341936,0.0011866512352169821,
74.4,True,-0.45494651291483024,8.360621397888053,8.372990295494015,-0.0005759716336797283,0.0028291033678442545,0.002887138581494037,
74.5,True,-0.44899857418272404,8.367390127196586,8.379428217982717,-0.0019072493432759074,-0.0038595371196379347,0.004305069899001579,
74.60000000000001,True,-0.4418583410483734,8.378306495764946,8.38994985268274,0.0007578103950436343,0.002772451230839579,0.0028741542098885517,
74.7,True,-0.43710506175989394,8.388196177820305,8.399577129392604,0.0018878328169193992,0.0022303507582819293,0.0029220501791732824,
74.8,True,-0.4340681602201357,8.397925162311253,8.409135639261468,-0.000503780727854064,-0.00448036838150756,0.004508602428222059,
74.9,True,-0.433393407819608,8.418134277188699,8.429283157820764,-0.0005194781679165317,0.0030685160710390846,0.0031121774443574157,
75.0,True,-0.42989194485596727,8.431272400252851,8.442224906475634,-0.001195247455370918,-0.00111762727419773,0.0016363701303804413,
75.10000000000001,True,-0.42700789541720496,8.444956192473228,8.455744842149658,0.0018451593247164055,0.0017645983435841117,0.0025531197088596714,
75.2,True,-0.42465136403291126,8.45097841038961,8.461640790877755,-0.0046440275328905045,-0.0049869238300743746,0.0068144259489122585,
75.3,True,-0.41658409321803447,8.461698053014118,8.47194642612341,0.0011961360842178692,0.005748968009584132,0.005872084357976288,
75.4,True,-0.409294145209401,8.475451785481425,8.485328789464965,0.002638552345501921,0.005523177099519216,0.006121065573297446,
75.5,True,-0.40279484582129044,8.484472364301553,8.494028195645278,0.0003628051318855796,0.0026182896925774912,0.002643306353410449,
75.60000000000001,True,-0.40096411104377694,8.50003896167783,8.509490852476796,-0.0017981635398882645,-0.004433990076847749,0.00478473197972131,
75.7,True,-0.39487207732702245,8.508222347144795,8.517380551901308,-0.003733169019028537,-0.0010304423440743449,0.0038727719206139576,
75.8,True,-0.38941821731407344,8.519591482815372,8.52848671113676,-0.0023517736082112606,0.05813119911948661,0.05817875170690481,
75.9,True,-0.38422000794537325,8.52978239510361,8.538431514178995,-0.003038451350107607,0.014477883893562193,0.014793285931206707,
76.0,True,-0.377542707084217,8.54267910509816,8.551017763304738,0.000593171677223836,0.007807389355662053,0.00782989024122086,
76.10000000000001,True,-0.3718467433718615,8.552558033111836,8.560637763058432,-0.0026586774822590087,0.022341729431616386,0.02249936532327579,
76.2,True,-0.36597263321255014,8.563680071480235,8.57149650498256,-0.0006241322582809516,0.01958455931253411,0.01959450189573579,
76.3,True,-0.3602619767257238,8.574836150448675,8.58240081206394,-0.000519438063065536,0.03900000150900951,0.03900346053370271,
76.4,True,-0.35500811210431493,8.58414913740063,8.591486901159533,0.002716634347393665,0.12440526779329275,0.12443492579215179,
76.5,True,-0.35416404096997667,8.597423821430482,8.604715482409427,-0.0016320218146574916,0.010682712238462955,0.01080665702117561,
76.60000000000001,True,-0.3495019121602354,8.609951999738996,8.617042707589025,0.0002558183055043628,0.006608804694224091,0.006613754039260116,
76.7,True,-0.34602917481572604,8.621229798822242,8.628171268230844,-0.000302659611065792,0.026096036572425874,0.026097791623613656,
76.80000000000001,True,-0.3439237246279845,8.631221988454001,8.638071343901592,-0.002628281379429609,-0.001380256632671717,0.002968664915663382,
76.9,True,-0.3360236212470227,8.645560845966259,8.652088430855338,0.0005073181547459171,0.0035276738359470983,0.003563966105753605,
77.0,True,-0.3278733334526578,8.656308830051671,8.66251600194885,-0.0019581266323029922,-0.003700370719059265,0.004186526408205905,
77.10000000000001,True,-0.320431977677913,8.666730143939162,8.672651730594415,-0.0024222368606388045,0.027732715923662,0.027838296713548642,
77.2,True,-0.3152200288553786,8.678412724996576,8.684135598433162,-0.0001650128992878308,0.03894553177457283,0.03894588135427408,
77.30000000000001,True,-0.30796620302305655,8.695440431226075,8.70089233787004,-0.0016512876828755907,0.01627890088792583,0.01636243762801035,
77.4,True,-0.3030852894205509,8.702179065166149,8.707455493706478,-0.005091693204576586,0.22005075542426766,0.22010965517777814,
77.5,True,-0.29800057772422406,8.715901022581988,8.720993921553307,0.0040048245676871375,0.036489335452870364,0.036708448913159664,
77.60000000000001,True,-0.2952813076487928,8.720703350563667,8.725701002164763,0.0009516133156921569,-0.0045568135719236125,0.004655117381105427,
77.7,True,-0.28974998446165046,8.732501224229225,8.737306946917936,-0.009762763347339387,-0.0004250921276138797,0.009772013686703097,
77.80000000000001,True,-0.28502377310621796,8.748686205959189,8.753327874675795,-0.0063183276685094825,0.0019609932070352443,0.0066156450089685775,
77.9,True,-0.2829243658094356,8.76118492361519,8.765751962185034,-0.0028161863266404907,-0.0030330203560424707,0.004138854661198537,
78.0,True,-0.27830363696511995,8.772677084697875,8.777090414638055,-0.001295928559670756,0.0007960408357803317,0.0015208917923376958,
78.10000000000001,True,-0.2736844239166203,8.781761866057934,8.786025531265198,-0.0003132714649609625,0.0014829868169954352,0.0015157139935162703,
78.2,True,-0.2653840029005323,8.792846912290088,8.79685088494541,-0.0003392189421447256,0.0019073160153766366,0.0019372464668239808,
78.30000000000001,True,-0.2588788295528275,8.802936601832641,8.80674236390934,-0.0006017837343961219,0.0036669380254465977,0.0037159895243999187,
78.4,True,-0.25410069051145,8.811233527621027,8.814896677737709,-0.0012089162258916986,-0.0004646015162848016,0.0012951189173810895,
78.5,True,-0.24892431226157896,8.821115757461087,8.824627273701886,-0.001844609931595187,0.0031074887285171826,0.0036137338028140557,
78.60000000000001,True,-0.24424379051049527,8.832517306041552,8.835893672443463,-0.002512457216994335,-0.00022765923745282635,0.0025227504822365053,
78.7,True,-0.23995866359177853,8.840813002507332,8.84406889986365,-0.0008399141973995938,-0.0004209197422824218,0.000939483522174021,
78.80000000000001,True,-0.2374496953466405,8.848895930856543,8.852081198958224,-0.0028299865084591147,0.0013910332316413587,0.003153378678432264,
78.9,True,-0.23302398935106794,8.855305252785513,8.858370691025737,-0.0005904740587538981,0.004230682088234516,0.004271689425247307,
79.0,True,-0.23009046339802808,8.867148873588462,8.870133638662264,-0.0027101703408334288,-0.004659705648407453,0.005390536152010624,
79.10000000000001,True,-0.2282315711662477,8.879396395159176,8.882329086024836,-0.004078987801904077,-0.0020841888024278887,0.004580609615787843,
79.2,True,-0.22283926191403225,8.89085366422762,8.893645833703976,-0.0020459923049429563,0.00010218719199883708,0.0020485425878156395,
79.30000000000001,True,-0.21787657838137875,8.904574331539777,8.907239428090179,-0.000562127827038239,0.003589653813264704,0.003633400912783581,
79.4,True,-0.21712225381838834,8.91526002503889,8.91790353094042,-0.004424419994393247,-0.003255747518892349,0.005493212556743133,
79.5,True,-0.21315562835513902,8.92710442516426,8.929648858700256,-0.004292038170433443,-0.0035884180709331304,0.0055944915683426594,
79.60000000000001,True,-0.20698197095043724,8.938836256144896,8.941232306034165,-0.0013491518291175453,0.0034886023017293155,0.0037403952568735694,
79.7,True,-0.20062839741626703,8.949357392146567,8.951605972462048,4.1714901044542785e-06,0.001505640317191137,0.0015056460958940913,
79.80000000000001,True,-0.19426911924222168,8.958523782335533,8.96062993596781,1.4088824741520511e-05,0.0004178491511197535,0.0004180866035573203,
79.9,True,-0.1906604701462129,8.975961363548322,8.977986066751754,-0.00178854054297517,-0.006274117783448219,0.006524065544922668,
80.0,True,-0.1881164955342456,8.985055022040058,8.987024066117735,0.0007366884351540648,0.002032720543695632,0.0021620968200457653,
80.10000000000001,True,-0.18601923052381153,8.99344667232549,8.995370264868873,-0.008568021137307369,-0.0010891435071584965,0.008636968205830757,
80.2,True,-0.18143508662160457,9.005468826231265,9.007296346345028,-0.0021400390097596755,-5.022775172847105e-05,0.0021406283634337066,
80.30000000000001,True,-0.17676513450612674,9.016943036190128,9.018675492037321,-0.011117496298425067,5.6883897570969566e-05,0.011117641823844567,
80.4,True,-0.16980441599866936,9.02355412715093,9.025151667718125,0.0002575385690306575,0.0018493159292916062,0.0018671624248763243,
80.5,True,-0.16406443978951302,9.03784144444461,9.039330457247598,0.00102449738130872,0.0018798541588012085,0.0021408985362857866,
80.60000000000001,True,-0.16040009938683397,9.048160585837877,9.049582210190332,-0.004072529027553173,-0.003607301175293287,0.00544041491520045,
80.7,True,-0.15862873712455894,9.055153225653669,9.05654255311086,-0.0016735022277316602,-0.00029999329206020775,0.0017001781322861292,
80.80000000000001,True,-0.15584973675981928,9.069318255663006,9.070657239855906,-0.011167148042545705,-0.010256397438411113,0.015162416819846973,
80.9,True,-0.1518335607129302,9.081907204565425,9.083176311318422,-0.0013734108514427135,-0.000863637074246526,0.001622382927324403,
81.0,True,-0.1479889328968511,9.088681137164144,9.089885892424793,-0.0030055741985961504,0.008157515867026177,0.008693591972484718,
81.10000000000001,True,-0.14604721261810027,9.104554620466502,9.105725925228116,-0.005243040863888382,-0.013431348396807152,0.014418411745293498,
81.2,True,-0.14205320516828124,9.117263468354793,9.11837004428398,-0.002053277545655874,0.00036846540444912534,0.0020860765646951857,
81.30000000000001,True,-0.1393239803975348,9.127764745947218,9.128827987692105,5.366633149606059e-05,0.007813421282094168,0.007813605582995492,
81.4,True,-0.13749171994402332,9.14306154169418,9.144095271171464,-0.007030023969718968,-0.022147052499576603,0.023236031748855603,
81.5,True,-0.13324514537896448,9.15429276904689,9.155262441360774,-0.005183813195685616,-0.010971185123594296,0.012134200520180187,
81.60000000000001,True,-0.13035334898813744,9.164777680820805,9.165704661097454,0.002889467121690359,0.011757102194451363,0.012106959662033349,
81.7,True,-0.12594056356272176,9.173529395841399,9.1743938547414,0.0026005522919376745,0.01006531909365549,0.010395841508998109,
81.80000000000001,True,-0.12198296882104387,9.186044963640597,9.186854843672517,-0.003176256919118714,-0.01722209723038759,0.017512545247027153,
81.9,True,-0.12079320406076022,9.197867471575194,9.19866061026323,-0.000681558561041129,-0.004382577271883292,0.00443525710823583,
82.0,True,-0.11811888884005839,9.208481120110775,9.209238655357858,-0.017246401548050017,0.005912016668787601,0.01823157446433534,
82.10000000000001,True,-0.11131925345716809,9.217185428859182,9.21785762561802,0.0007697355109712589,-0.0032404455041046276,0.0033306125295389857,
82.2,True,-0.11005730264207614,9.227973702589395,9.228629977713174,0.0009816380819529513,-0.0058193717061953976,0.0059015845650814665,
82.30000000000001,True,-0.1106102429675957,9.237905121147605,9.238567294400928,0.0009114610536471446,0.003289743839843595,0.003413674821084229,
82.4,True,-0.11014329840281789,9.244102156323095,9.24475831067099,0.0011977344488514063,0.008099532551511857,0.008187612311471859,
82.5,True,-0.10587553615755496,9.250392553175118,9.25099843352026,0.0028773300414286496,0.009353851628020493,0.009786397112642089,
82.60000000000001,True,-0.10246115660402211,9.262857372115093,9.263424042154151,-0.005645391152825141,-0.009030246632107719,0.01064968523032907,
82.7,True,-0.09802991514322912,9.265694821347893,9.266213379078648,0.00879561134161122,0.029711500447604067,0.030986061991170426,
82.80000000000001,True,-0.09213191475521398,9.27742058434319,9.277878043416566,-0.002226910236004187,-0.008247608320630206,0.008542960389101009,
82.9,True,-0.09364783641660779,9.286003685472565,9.28647588506402,0.004600456182060952,0.01788304994693135,0.018465309975397224,
83.0,True,-0.08986589582821125,9.300872087090681,9.301306223303024,-0.005322192894595901,-0.0120451136125439,0.013168542028120558,
83.10000000000001,True,-0.08300143644726177,9.310602949166139,9.310972909179442,-0.0061407406500393336,0.0004724142223722083,0.006158885526501125,
83.2,True,-0.08197072437042152,9.323090486801618,9.323450832430268,0.0008474302621834795,0.009282847249380666,0.009321447908163118,
83.30000000000001,True,-0.07900787204812332,9.332592430498835,9.33292685697524,-0.0006572247865506142,0.004555918293135619,0.004603078960194391,
83.4,True,-0.07701676214321651,9.34355181712823,9.343869227520859,-0.0004639224322318114,0.008498601784879156,0.008511254685478462,
83.5,True,-0.07559542127921759,9.356377025246388,9.356682409180983,-0.006438449821530412,0.00011857226888878358,0.006439541558784633,
83.60000000000001,True,-0.07252813719799178,9.365726170073629,9.366006994631569,-0.0070295266427820025,0.007865514187130884,0.010548960055358027,
83.7,True,-0.0666656591664605,9.380058293433194,9.380295192493515,-0.012047144885286798,-0.00879673778678125,0.01491698010913995,
83.80000000000001,True,-0.05910355589435312,9.388435952730674,9.388621989879306,0.007019167964585904,0.004469940002877593,0.008321603363799212,
83.9,True,-0.05644328992480041,9.400128749629346,9.400298205620166,-0.007837563460384445,0.003802106297598584,0.008711108614510108,
84.0,True,-0.0496686540166138,9.414438583998333,9.414569603920743,-0.004786899802411426,-0.012946057962153645,0.013802710838011798,
84.10000000000001,True,-0.04648853048365709,9.427389027818606,9.427503649710307,-0.004255686006445103,-0.004221945785047865,0.005994638404218899,
84.2,True,-0.04055332620600893,9.444743874021583,9.444830936450614,-0.00595395609445859,-0.011383819490617952,0.012846826042634568,
84.30000000000001,True,-0.03699224842921467,9.453326140173147,9.45339851793654,0.0016457345482194796,0.00918308229915965,0.009329385977455454,
84.4,True,-0.032710161747786515,9.460104227300349,9.460160778024203,0.0008826690566365869,0.0005578814750606398,0.0010441917466440527,
84.5,True,-0.028168356923060855,9.46814913364841,9.468191034898846,0.005695644296338287,0.009529784768801619,0.011102124197201822,
84.60000000000001,True,-0.018928767472402797,9.482206428147208,9.482225321317474,-0.03218981427119161,-0.007679694436603768,0.03309322966187214,
84.7,True,-0.014230415147949316,9.49501852488288,9.4950291886115,-0.0053458386719285045,-0.007266963987206054,0.009021460895976661,
84.80000000000001,True,-0.012431333800805078,9.506111336779668,9.506119465129343,-0.005113025341529465,0.001644015073168248,0.005370829889684359,
84.9,True,-0.006714899164762755,9.514022276240723,9.514024645893846,-0.007551406423203844,0.006240225016028944,0.00979612919571183,
85.0,True,-0.004654979650467794,9.527286753416831,9.527287890615428,-0.0016645778536030775,-0.0034953052623905023,0.0038714310413593273,
85.10000000000001,True,-0.0018020647786443078,9.534418371060383,9.534418541361145,0.001468047637786185,0.007780182571821115,0.007917474642692492,
85.2,True,0.0024605459543636243,9.549360114636386,9.549360431635966,-0.001851903646752362,-0.00041765260891679645,0.0018984153440671785,
85.30000000000001,True,0.003969920896793155,9.569187680104847,9.569188503595395,-0.004644210819606087,-0.016454009507015144,0.017096874655734333,
85.4,True,0.0073656696959005785,9.58149594869235,9.581498779830742,-0.002509982712240344,-0.001897471295876585,0.0031464917820361394,
85.5,True,0.010078260198952194,9.59437689315007,9.594382186422461,-0.016274592954573563,0.005156181350912448,0.01707186521621328,
85.60000000000001,True,0.014022145456010549,9.604098151973233,9.604108388252333,0.0010099024306100546,0.004152718639033992,0.0042737542061204725,
85.7,True,0.01888916735379098,9.609835628333997,9.609854192662903,0.006010327515582503,0.01280760847947704,0.014147751475345484,
85.80000000000001,True,0.01838120825777878,9.618357754173985,9.61837531790561,-0.00349995238457268,-0.003709152234478097,0.005099752640355201,
85.9,True,0.023253041550219677,9.626405109753364,9.626433194128914,0.0012379850244315094,0.004295259517505201,0.004470107520343968,
86.0,True,0.02508797766722637,9.632731287792183,9.632763957942387,0.0010286088191833187,0.010173074293618356,0.010224943847590573,
86.10000000000001,True,0.023991381131168055,9.648487021188998,9.648516848947363,-0.0023699382600170793,-0.012232814871822484,0.012460271547786353,
86.2,True,0.026500041580334255,9.66041628105495,9.66045262787802,-0.003272718541438735,0.002934516848995372,0.004395688317944598,
86.30000000000001,True,0.029184243467170745,9.672727922073477,9.672771948853473,0.002612170765587507,0.006494246241800283,0.006999905024907633,
86.4,True,0.030770507267220637,9.682621566772013,9.682670459611646,-0.0019669201661827174,0.0011711319421578992,0.002289175608396783,
86.5,True,0.035217587934766925,9.693578035585233,9.693642009610238,0.0030083407064012135,0.006338842895331709,0.007016483667585055,
86.60000000000001,True,0.03462407817312396,9.707011288541025,9.707073038905818,-0.0026699119275690464,-0.007413578049636271,0.007879693471133518,
86.7,True,0.036504297085912185,9.717845780651373,9.717914343120619,0.00027156868759448116,0.00522611546563212,0.005233166576003578,
86.80000000000001,True,0.03762149028693784,9.730282334986953,9.730355065211677,-0.006869366214800721,-0.0057908796777610405,0.008984568973264738,
86.9,True,0.04026500717441195,9.740770873319661,9.74085409383158,0.0001932507416313456,0.003441560114197273,0.0034469815590998758,
87.0,True,0.04362010818226736,9.750962574488028,9.751060139436328,0.0012459340425721166,0.0034705369395169328,0.003687408071666554,
87.10000000000001,True,0.04519646434630431,9.757378461486496,9.757483136601877,-0.0009283707302074617,0.0021115820809995967,0.0023066536579002326,
87.2,True,0.0505318006229345,9.762883781482117,9.763014554613793,-0.0007341219728687065,0.0019201160158672792,0.0020556703494088433,
87.30000000000001,True,0.053338997500191,9.773189843955663,9.77333539661115,0.001801926943358012,-0.00044877532286591304,0.0018569706512524514,
87.4,True,0.052094902240241936,9.783488836946844,9.783627532848076,-0.00016141185574269912,-0.0025481760163188483,0.0025532831408437446,
87.5,True,0.05167941830268319,9.7897763938239,9.789912798556879,-0.0006510386291438408,-0.00013435169796593982,0.0006647568543338403,
87.60000000000001,True,0.05410241430638507,9.80067595302853,9.800825281959957,0.002159073108600751,0.003366928721163731,0.003999725703305184,
87.7,True,0.056030180065249624,9.811713601748465,9.811873581728108,-0.0007185905795950021,-0.001837445260775894,0.0019729616081998335,
87.80000000000001,True,0.05981460165742192,9.816323063923846,9.816505298826803,-0.0006293269153729852,0.0023344803960867466,0.002417819489979806,
87.9,True,0.06280095873785285,9.824591943216717,9.824792659956607,-0.0010840531072062731,0.0008597979225442032,0.001383626975327853,
88.0,True,0.06524093875964354,9.836820665939001,9.837037012939152,0.0002503723434301719,0.0005250347012974999,0.0005816766695693329,
88.10000000000001,True,0.06906033034738357,9.849342237507017,9.84958434862951,-0.0007149037015778958,1.3653193320806167e-05,0.0007150340636764324,
88.2,True,0.07007696519860929,9.856325661220524,9.856574776314824,-0.0008431683681919822,-0.0025392984404106755,0.002675625060914107,
88.30000000000001,True,0.06992497255816943,9.867017686727536,9.867265453608779,0.0003028613543847314,-0.0005383739209605665,0.0006177147227889329,
88.4,True,0.06920090783262367,9.880179178725825,9.880421517798327,-0.0008119121441723109,-0.0046967780041313745,0.004766437343545677,
88.5,True,0.07129530976658316,9.893359546608679,9.893616433825793,0.0013706424620067992,0.005328013473501869,0.005501489646675118,
88.60000000000001,True,0.07590029735445114,9.904566816601914,9.904857630459423,0.00019049607976739935,-0.0011135176030734328,0.0011296947414063457,
88.7,True,0.07755651068157476,9.913767804393501,9.91407116636643,0.00242332115476529,0.005025523718813929,0.005579280784070145,
88.80000000000001,True,0.07534431256499374,9.921316081893394,9.921602167103476,0.00042374417637347506,-0.000982856165251178,0.001070310874738123,
88.9,True,0.07370889874084696,9.932330201037189,9.932603698134193,-0.0005420741539410301,-0.001228249430539563,0.0013425502046447442,
89.0,True,0.07392871869035389,9.943054375023337,9.943329209078714,-0.0024487829770123426,-0.0068107499999996435,0.007237599991088245,
89.10000000000001,True,0.07425251429640412,9.955097192626852,9.955374103996613,-0.0002497574307653849,0.0018903964816558982,0.0019068239646279686,
89.2,True,0.07524635680567826,9.96582577863012,9.966109846084436,-0.0002706215771013376,0.00015677725900786754,0.0003127541317630116,
89.30000000000001,True,0.07642685359360257,9.978662022256628,9.978954695677146,-0.0005624952574407871,0.0009764104551663877,0.0011268443954697603,
89.4,True,0.07753702713807797,9.989276114263987,9.98957703196599,-0.0020232116611396123,-0.002585888941950998,0.0032833225619600275,
89.5,True,0.08053428960204201,10.002586607983744,10.002910807460868,0.0010093174433905006,0.0009661669557203822,0.0013972116116960692,
89.60000000000001,True,0.0801241219808162,10.014948459180175,10.015268968677704,-0.0011246477447457437,-0.0015658894124612743,0.0019279113573554161,
89.7,True,0.08087366641859717,10.022706100021708,10.023032381337114,-0.000513658602585565,0.0025909866819233685,0.002641411960659378,
89.80000000000001,True,0.08505283543627229,10.028713011586547,10.02907366876827,-0.0004913155571557581,-0.000666944188310481,0.0008283752332273094,
89.9,True,0.08216658163860302,10.042030720877904,10.042366869727164,-0.003044023053575984,-0.0010005227085230217,0.0032042350165011773,
90.0,True,0.08407078529842238,10.053331009413,10.053682523422236,-0.0007138756305948846,0.00104398671811623,0.001264723955478167,
90.1,True,0.08733570596007212,10.059340957687027,10.059720077046642,-0.0063829554479752915,-0.00415898449176666,0.007618351019321244,
90.2,True,0.08908250337276513,10.067710046522052,10.068104154866903,-0.001761215649253245,0.00201839584588015,0.0026787688130633395,
90.3,True,0.09244022332882196,10.081116879272884,10.081540692198278,-0.001124582741795166,-0.001186427800121237,0.001634716265302346,
90.4,True,0.09274023188083902,10.090152735769948,10.090578922032922,-0.000725559916304519,0.004156476156197186,0.004219328291231148,
90.5,True,0.0981488098010459,10.100702465740596,10.101179311856786,0.0005527117936026116,0.0015086049324963824,0.0016066670996630976,
90.6,True,0.09721682354438599,10.114072519848207,10.114539734833649,-0.00017673072125035105,-0.002679011356860883,0.0026848343706871863,
90.7,True,0.0969707068416028,10.120589160756083,10.121053713858004,-0.00017529774765989714,0.0011598250387692133,0.0011729976218606073,
90.8,True,0.09884249603180706,10.128801251112748,10.129283519754246,0.0008809190671854594,0.0008216775865435011,0.0012046461966730535,
90.9,True,0.09744071407783395,10.138389643695746,10.138857887363702,-0.0005843870359285575,-0.0007067870679975385,0.000917091144461619,
91.0,True,0.0963442954207494,10.148617365390294,10.149074669759877,-0.0006575616700956743,-0.002466990085508769,0.0025531211158066076,
91.1,True,0.09709777765885974,10.160062405967494,10.160526367840411,-0.0004915562219593994,0.0015303669548529797,0.0016073738009103485,
91.2,True,0.09755155010077488,10.172554291036022,10.173022024403684,-0.0007559642317573889,-0.0013609561424914318,0.0015568184035017372,
91.3,True,0.09668766467916612,10.182273413933217,10.182732461407022,-0.0005387841486026446,-0.00226930629924027,0.002332389212493714,
91.4,True,0.09822445109239197,10.19412268883434,10.194595893795864,-0.000448404144435699,-0.001324661955436568,0.0013984976127716998,
91.5,True,0.10088983873959023,10.204443578140229,10.204942307480637,-0.0007105124368536053,0.0033544387489996552,0.0034288609251053067,
91.6,True,0.10355742806939361,10.215727817813274,10.216252688170565,0.000574935981831004,0.0008133958083931248,0.0009960743568205566,
91.7,True,0.10451523436836396,10.226172917527435,10.226706995577151,0.0010572089703373422,0.0013968764282594748,0.0017518431901253865,
91.8,True,0.10669024133460425,10.237665185562093,10.238221098377695,0.0029981566632386603,0.0031965568987857296,0.004382569952036935,
91.9,True,0.10253126366637844,10.246908293517151,10.247421248088692,0.0003948321780171682,-0.0039045524254106567,0.003924464561131623,
92.0,True,0.10124540249512393,10.2572663778721,10.257766042279957,-0.0002749945832647427,0.0011966183834033473,0.0012278100733923753,
92.1,True,0.09963455433876334,10.265923492525587,10.266406976094755,-0.001017061003381059,0.001941369579185448,0.0021916498186492226,
92.2,True,0.10074554187042395,10.273870654013194,10.274364597365633,0.00022002321406944247,0.0006019694245651408,0.0006409191858890905,
92.3,True,0.09948947089947069,10.282782410583081,10.283263696814192,-0.0004874429452002005,-0.0011326721340196855,0.001233104532474905,
92.4,True,0.09897909942719707,10.291905822304045,10.292381761152242,-0.0005602702843816587,-0.00016249235892473735,0.0005833580018050926,
92.5,True,0.10148415144158207,10.303746733044477,10.304246492185566,0.0017470047198457905,-0.0016578205288624304,0.002408400796603667,
92.6,True,0.09782080121783565,10.31706180612099,10.31752553766994,4.238009955770394e-05,-0.005756564468981651,0.005756720469015368,
92.7,True,0.09877470912340414,10.32578125650241,10.326253676929445,0.0008026347065879236,0.0007465929926411263,0.00109618591893908,
92.8,True,0.0973392486304192,10.335489123541663,10.335947482073037,-3.854797864732973e-05,0.00048033815613734987,0.00048188244510380754,
92.9,True,0.09545853474139676,10.34670650698655,10.347146847009217,-0.0004452348840686682,0.0013357685812707132,0.0014080169759990873,
93.0,True,0.09476213969674063,10.355999216320072,10.356432765752011,0.0002146760731420727,0.0012355011879208178,0.0012540131585168683,
93.1,True,0.09159799006215508,10.36983758550258,10.370242125499548,-0.00187087772326322,-0.002660472007903536,0.0032524290553739743,
93.2,True,0.09331499884581262,10.379615616046863,10.380035068625418,-0.0015541492346073937,0.007777679683954375,0.007931436257679145,
93.3,True,0.09475880739023523,10.391219326198666,10.391651375827745,0.000928200317162009,0.00025644298989391245,0.0009629739538769382,
93.4,True,0.09564158431965097,10.399153155791055,10.399592956950297,0.001222067095454804,-0.0005260216700548881,0.001330468632911229,
93.5,True,0.09629955976345173,10.40819625499472,10.408641740769868,0.0026370011820517902,-0.0028700475957066374,0.003897556726433111,
93.6,True,0.09338998294037992,10.416032749688497,10.41645140782104,0.0005033430774119552,-0.0057152585983999415,0.005737380508573839,
93.7,True,0.09124910055834334,10.426191755785226,10.426591050135059,0.00015833628640393727,-0.0035235896926337773,0.003527145404094817,
93.8,True,0.09139900424099778,10.436743754410372,10.437143956715369,0.0023926189257963415,-0.006700942008194488,0.007115282785755211,
93.9,True,0.09006686716941203,10.448732327162872,10.449120502954312,-0.0007083536619347797,0.0011908980630437327,0.0013856417671742312,
94.0,True,0.08963839925399952,10.457591034038956,10.457975199713985,-0.00031210713223117637,0.0020291597696768804,0.002053022219281783,
94.1,True,0.09054255402520539,10.46691944125132,10.467311046478665,0.0021554815834861074,0.0007278375459236486,0.002275049087383377,
94.2,True,0.08649212799764427,10.480611934795036,10.48096882048476,0.0019237356034409459,-0.008057699195433088,0.008284158074060957,
94.3,True,0.08677980822221798,10.49148942464251,10.491848315835522,0.00142342459412248,0.0021681164909068684,0.0025936203834206464,
94.4,True,0.0872697034058092,10.499353213724135,10.499715896521765,0.00044588081209440134,0.00654009970963898,0.0065552813753960125,
94.5,True,0.08674534828628566,10.506379664826,10.506737762831934,0.001455180168250081,0.0006388133051018485,0.00158922363462273,
94.6,True,0.08758429208091911,10.513926742094043,10.51429153801337,0.005326304454911224,0.00021215417649500523,0.005330527979573076,
94.7,True,0.08091917359843137,10.519960275241772,10.520271484392444,0.003157945967586784,-0.003569641732838136,0.0047660219087848595,
94.8,True,0.08096691755554275,10.52844648728626,10.528757812647646,0.0020989037079743866,-0.0018858598145925498,0.002821677518010107,
94.9,True,0.07439541880398792,10.532176020321515,10.532438767986005,0.00039239297370841086,-0.00018885573609850326,0.0004354752976611155,
95.0,True,0.07090345535425513,10.538211423282519,10.53844994777616,-0.002322744060847981,0.0003623612353749195,0.002350839347362343,
95.1,True,0.06942494337204153,10.548412950021998,10.548641409534879,-0.00034834080975088,-0.004804852157633377,0.004817462566170288,
95.2,True,0.07022724774196831,10.556249270136163,10.556482866920009,1.711177083052462e-05,0.0006199715356274282,0.0006202076407858806,
95.3,True,0.06896425820627883,10.561473421142296,10.561698579982535,-0.0013355095204587997,-0.0004126514502331702,0.0013978078904540608,
95.4,True,0.06647829520034065,10.56924537375454,10.569454438823438,-0.0008129334871682659,-0.003612006117123201,0.003702357228131151,
95.5,True,0.06641895554093935,10.58046247083854,10.580670941602802,-0.00262804965768737,0.002343946039616185,0.0035214667455341817,
95.6,True,0.06407049469362391,10.588679191241908,10.588873029899343,-0.0016619636903669743,-0.0004246624696406798,0.0017153604639315707,
95.7,True,0.06724748602846375,10.599019199534496,10.59923252959751,0.0008667397166846058,0.0031132976134244927,0.0032316961129155,
95.8,True,0.06504586149321767,10.608391641543562,10.608591055577017,-0.0006072870344269177,0.007685773611001423,0.00770972849987267,
95.9,True,0.06546477233223413,10.616257256862468,10.61645909803742,0.001913740548388887,0.015529561901871602,0.015647034727085184,
96.0,True,0.06725081376430353,10.626153831258193,10.626366637638434,-0.002090405596391065,0.03222241754252764,0.03229015310961557,
96.1,True,0.06752691776318898,10.633335971026213,10.633550383448727,0.003656443456065972,0.032873928885521764,0.03307665005888217,
96.2,True,0.06291025624182112,10.642143687265389,10.642329630336723,-0.0006552130321324512,0.041415992304848714,0.04142117481087136,
96.3,True,0.06049591523219533,10.651258653907973,10.651430451737893,-0.0048191910275363625,0.053700241404271765,0.05391605075519674,
96.4,True,0.058199584321073417,10.660435474674955,10.66059434090442,-0.005627876361359085,0.05970777971441521,0.05997242658725655,
96.5,True,0.053078188405834226,10.668618057109825,10.668750092797856,-0.010012839618184444,0.06771461133041612,0.06845089878773546,
96.6,True,0.047137744608789944,10.680622631872268,10.680726649972318,-0.013269037831605601,0.07989493691178495,0.08098930984466209,
96.7,True,0.04720436575621534,10.685469383205714,10.685573648221848,-0.01730510900893023,0.08768037109962279,0.08937177560045748,
96.8,True,0.04812603932646198,10.694111849137471,10.694220137884002,-0.017687816966599712,0.09564766549164005,0.09726939283785319,
96.9,True,0.04760825874745933,10.70165292423684,10.701758820732593,-0.017785033704967645,0.10325734984667179,0.10477780166258885,
97.0,True,0.04698060330656517,10.70840564145027,10.708508699110768,-0.016525133720961094,0.11019214235955133,0.1114243612603782,
97.1,True,0.04691641828071624,10.715096303573603,10.715199015658131,-0.018316547888616697,0.12234283385447497,0.12370636572989951,
97.2,True,0.04610721514973193,10.723388071730255,10.723487194575075,-0.016644952917658884,0.13164348346754196,0.13269160183334916,
97.3,True,0.04720755065704907,10.730946081310947,10.73104991847684,-0.017899971123142677,0.1417074544258412,0.14283351009500958,
97.4,True,0.04370460340032878,10.73838507431509,10.738474011545192,-0.024905834520041026,0.15141129508191398,0.15344601940592037,
97.5,True,0.040551579422754,10.74536957286574,10.7454460906964,-0.02565534384370949,0.15659722924345942,0.1586848728596004,
97.6,True,0.039637534296844024,10.75612512069182,10.75619815483625,-0.02702845971498391,0.17176777618186634,0.17388130022813908,
97.7,True,0.03658625879120336,10.764715838486836,10.764778011538448,0.09877792705447064,0.1802774295027234,0.20556514894623487,
97.8,True,0.0319922593348565,10.771990566090324,10.772038073670009,-0.0331069766687051,0.1877631893160583,0.19065961073672663,
97.9,True,0.03142850406948128,10.780595655757736,10.780641467176737,-0.03607414447424162,0.20166308371813102,0.2048642068157695,
98.0,True,0.026941749578782037,10.792882154294887,10.79291578093554,-0.023491013435659625,0.2208262675634387,0.22207221383647652,
98.1,True,0.022691086302756958,10.799522201855439,10.799546040170677,-0.04557764496962591,0.2283066182450284,0.23281158402334365,
98.2,True,0.024128155623884595,10.805669963037985,10.805696901079317,0.1622552447054204,4.436049035479812,4.439015409932227,
98.3,True,0.024885600526204144,10.813845479845156,10.81387411407591,-0.043809445506667544,0.25244457693781897,0.25621774322032437,
98.4,True,0.026312993967849252,10.820406137789405,10.82043813162675,0.15736775828122518,0.26354831057994943,0.30695654962226104,
98.5,True,0.025271254760809825,10.829995964450006,10.830025449015372,0.15811247989199728,0.8368820518078905,0.8516872224800499,
98.6,True,0.021653018492543197,10.836431957665923,10.836453590835571,0.1751935948702794,0.5638664936572013,0.5904559410767566,
98.7,True,0.02095461026783596,10.844900732034546,10.84492097635455,0.14080989440117264,0.4085136262267497,0.4321004619000053,
98.8,True,0.015348745642313588,10.856254992677691,10.856265842822388,0.16725576793965047,0.3162284466721985,0.35773582766308676,
98.9,True,0.011855841642500309,10.865160379721203,10.865166848145705,0.1707098514093559,2.111647794742055,2.1185368211119644,
99.0,True,0.009918544342099267,10.87634714141143,10.876351663954711,0.16545839079662983,0.45153385042760874,0.4808942681785596,
99.1,True,0.011535119615246003,10.885851474402614,10.885857585957025,0.15948485028070536,0.3658990460305631,0.3991460000490236,
99.2,True,0.013703283418180945,10.89571907580131,10.895727692942632,0.17922073339377675,3.6476492641093046,3.6520494554750154,
99.3,True,0.013495181466396389,10.90657325378669,10.906581602873468,0.1789755451891324,3.62668195477994,3.631095461001018,
99.4,True,0.011075189763460003,10.915636140272113,10.915641758808457,0.17833926069192785,5.8704595991528095,5.873167867274825,
99.5,True,0.012660413076673649,10.922097755469963,10.92210509316319,0.18076638816160084,5.881408697724169,5.884185989306804,
99.6,True,0.012046105259059914,10.931916281056488,10.931922917981073,0.1789298987644088,5.648270221408723,5.651103644663083,
99.7,True,0.010198533713719371,10.941174392108621,10.941179145257761,0.17861594909595624,5.902095760420252,5.904797881591051,
99.8,True,0.00874598754580802,10.950104249136757,10.950107741901949,0.1782515024276563,3.7204784887042592,3.724746136722454,
99.9,True,0.00928101174395124,10.959036521494454,10.959040451455056,0.18122736044301746,5.922071267862293,5.924843580873106,
100.0,True,0.00810248015613979,10.967223250037648,10.967226243054851,0.17903897765427246,5.932907518759976,5.935608358178472,
100.1,True,0.005355348330340348,10.975132197834114,10.975133504413092,0.1779167241520554,5.944646823737116,5.947308653475183,
100.2,True,0.002602343526405093,10.983990505959923,10.983990814235487,0.1738145955280288,5.951915470485005,5.954452895221971,
100.3,True,0.00047832504878897453,10.995258167195345,10.995258177599595,0.1736279396138798,5.971344938186917,5.973868682204613,
100.4,True,-0.0033680718352115946,11.00654627684861,11.006546792174095,0.17023652764032704,5.978738979489947,5.981162116195775,
100.5,True,-0.004383333731993844,11.015901572818336,11.015902444903736,0.1690184966862489,5.9924518356220915,5.994834964740285,
100.6,True,-0.004641311767500156,11.025454904075445,11.025455880986337,0.17042226387661685,6.010577324002043,6.0129928917164355,
100.7,True,-0.007954216649523005,11.035245820462592,11.03524868716603,0.16748928974698174,6.025497338737978,6.027824718861556,
100.8,True,-0.00992064808269788,11.046956123411405,11.046960577997693,0.16490550561206874,6.039264286222362,6.041515285474504,
100.9,True,-0.010639979584311732,11.056258407218252,11.056263526904097,0.16561744727255245,6.048554088192816,6.0508210762371,
101.0,True,-0.015851996721494288,11.065708214974165,11.065719569225799,0.16038401066816732,5.296768481971071,5.299196107192121,
101.1,True,-0.017467270946781355,11.079203722143063,11.079217491425242,0.15731064707642872,5.843299847411231,5.845416986532245,
101.2,True,-0.022502470859308232,11.090726691250893,11.090749519361609,0.1537653152133771,6.105292714574716,6.107228741647211,
101.3,True,-0.030113215102346658,11.101694638048912,11.101735478843285,0.14829960100246353,6.1234178072734835,6.1252133362105425,
101.4,True,-0.03221938018987203,11.108434549808294,11.108481274946383,0.18184622370745274,6.138286116435836,6.140979115442878,
101.5,True,-0.035842421073311925,11.116964357047323,11.117022137020731,0.1784248599296916,6.15482299012092,6.157408665206651,
101.6,True,-0.037876849050462624,11.126965167168919,11.127029634501943,0.18184605857413771,6.167322208862856,6.170002529736269,
101.7,True,-0.040220848756916894,11.13635774859722,11.136430380575998,0.2016866797964667,6.178952147360064,6.18224289042196,
101.8,True,-0.04169857254191811,11.144602637757998,11.144680647038504,-0.1260279005355187,6.185337950200619,6.186621742914737,
101.9,True,-0.040266278595254335,11.152450263663695,11.152522954770564,0.20563831105164354,6.196792755596562,6.20020383300309,
102.0,True,-0.04208888508446762,11.16316408596225,11.163243430310255,0.19969018980418696,6.2407237507223385,6.243917768895898,
102.1,True,-0.04242067799077631,11.17212301139159,11.172203546999432,0.19381895612445987,6.322551622322408,6.32552170217484,
102.2,True,-0.04417358984369457,11.182995676393091,11.183082920387662,0.1760382900743025,6.336190782576921,6.338635745393879,
102.3,True,-0.044043525628694624,11.192353652176394,11.19244031065326,-0.12117225939482523,6.067794491313407,6.069004259782669,
102.4,True,-0.047483503274861505,11.197520996159938,11.197621673486111,-0.13623794845398152,6.356486626469291,6.357946446069037,
102.5,True,-0.05075555370899565,11.207796847830537,11.207911772871539,-0.13000091064441222,6.36024382663561,6.361572271932841,
102.6,True,-0.05663626139016742,11.215541300179439,11.215684300217038,-0.09253739781638615,6.368600926788417,6.369273187317758,
102.7,True,-0.060010402928128315,11.227148878789308,11.227309258899018,-0.14394540117245924,6.379910736539955,6.381534398930754,
102.8,True,-0.06648558866800158,11.242143356892711,11.242339951737247,-0.1511532697606981,6.3979159128908805,6.399701191413682,
102.9,True,-0.06785123838085383,11.254516812552538,11.254721341489427,-0.14595057215819907,6.408216434629821,6.409878270495708,
103.0,True,-0.06943106303742752,11.267558395268225,11.267772311477277,0.1276342621515596,2.906211033098657,2.9090123880415732,
103.1,True,-0.0695754881414814,11.275969036227593,11.276183683077956,-0.13234260851209,6.432462152344215,6.433823428364238,
103.2,True,-0.0704055138799049,11.28302209672131,11.28324175808912,-0.14566644851856836,3.275234441326006,3.278472107533033,
103.3,True,-0.0752556849067787,11.297613738024666,11.297864381896007,-0.15022683643042,4.08075510613628,4.083519356956842,
103.4,True,-0.07686134632785979,11.305458067864151,11.30571933982062,-0.15486961831084045,2.951212989755959,2.955273711448747,
103.5,True,-0.07746724348294265,11.313753691474517,11.314018904225241,-0.15128833588528323,4.078717377274415,4.081522216557841,
103.6,True,-0.07855558744495283,11.325578889530448,11.325851321790187,0.11812583875416749,2.9725340483411173,2.9748802299132326,
103.7,True,-0.08188750472800166,11.33527255275419,11.335568331965234,-0.15756027510087733,2.979448259634978,2.9836114311571746,
103.8,True,-0.08161936158899152,11.345002645307659,11.345296238627883,-0.1559082469432269,2.9942802931408323,2.9983365146955165,
103.9,True,-0.08273331788109317,11.355905999587435,11.356207371889328,-0.1577501066028617,5.660921762334624,5.6631193078909225,
104.0,True,-0.08932958163404692,11.368060436843962,11.368411404848606,-0.17014752486716134,4.90287097352325,4.9058224553315455,
104.1,True,-0.08905457872401712,11.378282476384584,11.37863097346918,0.02067251285484417,3.028735485092625,3.028806033975598,
104.2,True,-0.08804736922070333,11.38684131327443,11.387181715987502,-0.16081041070992796,3.037443572859047,3.0416974613684755,
104.3,True,-0.0925790945980225,11.399855466199256,11.4002313809409,0.026128421386147238,3.050127204168348,3.050239114563308,
104.4,True,-0.09752521057407648,11.4107404785874,11.411157234758027,0.055354910783762534,3.0604024675034225,3.060903041464874,
104.5,True,-0.10041703683350534,11.41902023100738,11.419461748149176,0.0763181264699142,3.075761656155464,3.076708342027902,
104.6,True,-0.10092247785610198,11.425567503040384,11.426013220413719,0.11422470562342824,3.084826564545324,3.086940591702287,
104.7,True,-0.1014758385811092,11.435452060010334,11.435902288958678,0.08732294858850764,3.0930289599890557,3.0942613730389956,
104.8,True,-0.10566014680193803,11.44494103861723,11.445428757545391,0.08404906299438153,3.105836207676589,3.1069732528467524,
104.9,True,-0.1102040472455883,11.459071147659074,11.459601061954206,0.06728341734105925,3.122705285574625,3.1234300630564458,
105.0,True,-0.11285981470450679,11.465981672053772,11.466537098952244,0.11845353832768524,3.135280718115837,3.1375175572626373,
105.1,True,-0.11584962595679826,11.47645466149288,11.477039371420489,0.10446799755732172,3.1417455680012836,3.1434819510487637,
105.2,True,-0.11988081453228006,11.489107023067731,11.489732442367716,0.10111812811874188,3.1561832344328877,3.1578026355599684,
105.3,True,-0.11424538867640877,11.497740184824238,11.498307760994917,0.17312936994198935,3.1676934039530806,3.1724210439637996,
105.4,True,-0.12121169619535976,11.509322582691084,11.50996084214614,0.1456263580803352,3.1731787550729678,3.1765186049847354,
105.5,True,-0.11941080740552934,11.519485649021249,11.520104537673767,0.22960269079680984,3.1967568422392105,3.2049916854844325,
105.6,True,-0.12261872640419824,11.531483028877119,11.532134936660514,0.22349912280469653,3.202173991270797,3.2099641942341997,
105.7,True,-0.12523136369759413,11.5436381908346,11.544317458184725,0.23988456057395524,3.219464421904263,3.2283890357745157,
105.8,True,-0.1299255846286087,11.557402522029179,11.558132795298189,0.2677062013337945,3.2320082939594386,3.2430763516228187,
105.9,True,-0.1330243830325344,11.570353135541154,11.571117801129164,0.27017279391270677,3.240908594837265,3.2521503437972625,
106.0,True,-0.13125411872010773,11.575600394015396,11.576344506173372,0.3161930911201125,3.248628790495559,3.263980252591723,
106.1,True,-0.1300892046640456,11.586685682484017,11.587415946010147,0.31125425269647167,3.269105846007733,3.2838898036054096,
106.2,True,-0.13364812781037472,11.597562164736587,11.598332207132058,0.309523843674242,3.2819076749956366,3.296471294732921,
106.3,True,-0.13405108641836705,11.60965924939535,11.61043313493691,0.3170419661771575,3.2850360483153054,3.3002995995891817,
106.4,True,-0.13847835839283107,11.621151953997582,11.621976983011324,0.3101610110832098,3.2963319655668784,3.310891765070879,
106.5,True,-0.14254910903514428,11.634148060154189,11.635021329334819,0.30783154322352857,3.2929033207515204,3.3072605792135232,
106.6,True,-0.14780301613768643,11.645468472630682,11.646406384744376,0.30963277648129406,3.3034071313867344,3.3178865459759543,
106.7,True,-0.14903575978632944,11.656697421986792,11.657650125366116,0.3164378543322073,3.3127698213736494,3.327848675204203,
106.8,True,-0.14556218344637273,11.665140928067217,11.666049083598036,0.32665059841360744,3.311763683781578,3.32783402690977,
106.9,True,-0.14708341609320996,11.675140642985639,11.6760670846302,0.32897305952405986,3.274610549904992,3.291093667375891,
107.0,True,-0.15038034230724406,11.687145653251719,11.688113096974764,0.32666582002252653,1.8312426370802086,1.860150572892277,
107.1,True,-0.15228800691647848,11.694343363890084,11.695334896855696,0.33355416980748487,1.5593266857098342,1.594602802256028,
107.2,True,-0.1559182410730955,11.706867167528912,11.70790542223782,0.32857921432014336,1.575276757364236,1.609180276530639,
107.3,True,-0.16218525370845782,11.718465487506023,11.719587767425535,0.3246978476249751,1.565810551455911,1.5991220639159964,
107.4,True,-0.165872228396438,11.728952822778297,11.730125656407614,0.3207656791930731,1.5768037607691667,1.609099350855621,
107.5,True,-0.16191090079723836,11.73279194024667,11.733909061046715,0.3109191151709183,1.5839910461875206,1.6142175598663593,
107.6,True,-0.15933744077392475,11.742374853945307,11.743455864037616,0.31452459435172386,1.595708489386766,1.626410558116588,
107.7,True,-0.1599592919483257,11.761647715111621,11.762735394008956,0.313204372746668,1.6200344594719809,1.6500329175456794,
107.8,True,-0.16170404585523102,11.770863997238962,11.771974661879899,0.31401201059520645,1.6147277651425611,1.644976990209995,
107.9,True,-0.15755602236549748,11.778735846575728,11.7797895585444,0.31674116789076834,1.629192171475779,1.659696387606713,
108.0,True,-0.1609465573142188,11.793413888003897,11.794512068249135,0.3137834990536703,1.6470253157068555,1.676649180615203,
108.1,True,-0.1627917886034993,11.80455182956564,11.80567427398106,0.3111448748852581,1.6522717027440876,1.681312853949618,
108.2,True,-0.16548736811046183,11.81912511058897,11.820283602721167,0.30856207827582693,1.6669259753460892,1.695244160418613,
108.3,True,-0.16730663440353055,11.831176785089951,11.83235968139774,0.3052685901920995,1.6789000060942953,1.7064273036438724,
108.4,True,-0.1692861859723962,11.843747938931187,11.844957705863616,0.3027385301081722,1.6960896553662224,1.7228960318755069,
108.5,True,-0.17190491062001456,11.85550813750524,11.85675438291391,0.2975211465254688,1.7079736033202835,1.733693358777354,
108.6,True,-0.17667545060339762,11.86705736275826,11.868372452271664,0.2925602777711447,1.7192205912461986,1.7439354797395625,
108.7,True,-0.18423105756619407,11.882520329757199,11.8839484376896,0.2853389847261951,1.7344080531283907,1.7577228538541536,
108.8,True,-0.1858486444978098,11.897000049986787,11.898451576068512,0.2782118399718456,1.7518518097346032,1.773805680217234,
108.9,True,-0.1848503646174322,11.903876966272605,11.905312112055471,0.2759232753410288,1.7589472997366329,1.7804575976769887,
109.0,True,-0.1875850905325933,11.915679665349899,11.917156122725892,0.2754017372471935,1.7707088071070984,1.7919977110603171,
109.1,True,-0.1903188912983751,11.929925621298594,11.931443609643457,0.270053503986901,1.7854361233944473,1.8057439036965888,
109.2,True,-0.1917154714578828,11.945149247897461,11.94668763199832,0.267686728677063,1.8031817480984955,1.8229428409539816,
109.3,True,-0.19154446464358443,11.955475508934796,11.957009823809434,0.2651107304322977,1.813081801853059,1.8323616781632064,
109.4,True,-0.1951940276728692,11.969125553486379,11.970717072237559,0.26312064336730145,1.8231410244090966,1.8420303113275507,
109.5,True,-0.19513534563702706,11.984050515339277,11.985639096740751,0.2568870503935159,1.8411845870308525,1.8590189994133606,
109.6,True,-0.19685420977998547,12.003660056517333,12.005274104839831,0.25118008515437396,1.8611683530184564,1.878041286408686,
109.7,True,-0.19538744403075725,12.013402837442527,12.014991634951604,0.2595400884024457,1.877266062660965,1.8951224043598216,
109.8,True,-0.19336667853963263,12.024237148461566,12.02579185229865,0.25447673934741033,1.8902239333947364,1.907276836027523,
109.9,True,-0.1910871596560355,12.035845157220365,12.037361959797101,0.26641357537096155,1.902391569152428,1.9209554590162095,
110.0,True,-0.18865936246470483,12.046833861297046,12.048311020086537,0.2675413364081578,1.924215192353131,1.9427255269774113,
110.1,True,-0.1865061792805136,12.05624943438545,12.057691942450234,0.27137469679905735,1.946291522738079,1.9651195682565707,
110.2,True,-0.1817448730507749,12.060573679790764,12.06194298960752,0.27616700226371904,1.9774127605966214,1.996604477333876,
110.3,True,-0.18023301648076995,12.071097410327866,12.072442860906564,0.2774950090802122,1.9895618932589514,2.008820551262001,
110.4,True,-0.18261204550458388,12.082353857912949,12.083733773423978,0.274979687182622,2.006710818572401,2.0254634377688894,
110.5,True,-0.18052676314596283,12.092845327326472,12.094192739610762,0.2762170118330687,2.03032032085855,2.0490232899889538,
110.6,True,-0.18521798001415846,12.108174501679855,12.10959105268426,0.27255398214924753,2.0448959695589792,2.0629796895519767,
110.7,True,-0.18631209149157257,12.118762139501769,12.120194222423065,0.2699937099084764,2.069191384466876,2.0867317961209317,
110.8,True,-0.18509083664321224,12.134610877933824,12.13602240343512,0.27597158850039705,2.0917762539216938,2.1099024181535286,
110.9,True,-0.1833106445528756,12.14722447622546,12.14860754441501,0.2735725563873075,2.11844705177748,2.136038355178339,
111.0,True,-0.18090738932050954,12.16190730627443,12.163252723261246,0.2786217429516,2.1498529957096935,2.1678325532216114,
111.1,True,-0.18096800153102777,12.173678146629982,12.175023163645914,0.2808563358535139,2.1742956273851632,2.192359860208926,
111.2,True,-0.18379931912181746,12.187826700752453,12.189212520802322,0.27488634105725396,2.199869826857366,2.216977617301831,
111.3,True,-0.18333132087741433,12.19900097223399,12.200378481579186,0.28420895175054284,2.2327867153733223,2.2508023557395553,
111.4,True,-0.18259910926940393,12.21166566646093,12.213030777989822,0.28438702234711855,2.2530249811317162,2.270902363397209,
111.5,True,-0.18164971811506803,12.223945815622187,12.225295412519015,0.27628747781795937,2.2808754244666716,2.2975481436381324,
111.6,True,-0.17791980849005995,12.23507862555823,12.236372192436981,0.2783322004704587,2.300935277071517,2.3177083429739183,
111.7,True,-0.17760134082777768,12.24717268203176,12.248460349765141,0.2875361898245501,2.3173246278616944,2.3350953923454947,
111.8,True,-0.17762924245312206,12.264992913497167,12.266279114544483,0.2865456128433834,2.3415600496585967,2.3590277349783237,
111.9,True,-0.17762308802207372,12.274760028541891,12.276045117206447,0.2858941308534213,2.3628364287030763,2.3800696298349635,
112.0,True,-0.17541842690161502,12.287413084481841,12.288665181100518,0.2894850108937135,2.3867517369657207,2.404243212622429,
112.1,True,-0.17470294390773233,12.302236124443539,12.303476532272235,0.28835704336825074,2.409324088389212,2.4265185652190233,
112.2,True,-0.17518387859604445,12.31629494260244,12.317540765286486,0.28497926473937696,2.4383160450296373,2.4549130976025135,
112.3,True,-0.1735893591344393,12.327348519195425,12.328570670573065,0.28647916604791135,2.472803823065533,2.489343098077688,
112.4,True,-0.16986493103354405,12.331350532740885,12.33252042593581,0.27912873540685723,2.5063829427818973,2.5218779325728424,
112.5,True,-0.16852738665375,12.343886828802624,12.345037202144805,0.2792744793646307,2.5279129618216984,2.543292782471286,
112.6,True,-0.16105466002977664,12.349259218676139,12.350309382909195,0.29439958452121573,2.574498120834164,2.5912760735870863,
112.7,True,-0.1598617875376931,12.364749426239882,12.36578279628161,0.29631453312663325,2.587071547312007,2.6039856937881587,
112.8,True,-0.15788941843607063,12.37628455834988,12.377291647921355,0.28804634414541397,2.630522199960865,2.6462459713455373,
112.9,True,-0.16000113057020826,12.389508724578036,12.390541828272847,0.28651367293377916,2.6645670738063245,2.6799268228052053,
113.0,True,-0.15840653368559288,12.397535229689538,12.398547189139038,0.280218828898569,2.736845163091175,2.7511532197979895,
113.1,True,-0.15510642035724231,12.403837025738653,12.404806768455572,0.2851513659068132,2.796373646590382,2.8108747522477255,
113.2,True,-0.15367748993753594,12.415512068034445,12.41646313095732,0.2507184136295564,2.814128702809853,2.8252752217989645,
113.3,True,-0.14792598103554155,12.427074083986213,12.42795447307187,0.28999787159000334,2.8605797944770757,2.875241820455671,
113.4,True,-0.14487737833314895,12.436653457086209,12.437497283071343,0.2795464762075426,2.9252874784120877,2.9386141399841192,
113.5,True,-0.13920930094445794,12.448524119625517,12.449302469872267,0.29028327052401437,2.949454528325191,2.9637048422209813,
113.6,True,-0.13730963613920721,12.46833885362048,12.469094903194808,0.24192092662792675,3.0643314737463925,3.0738661512390633,
113.7,True,-0.13433701048097646,12.482149435517272,12.482872304200228,0.2727465816305994,3.026848464211298,3.03911209452522,
113.8,True,-0.13163627633116448,12.496621799165155,12.497315091675336,0.22756971903822887,5.1992584488058355,5.204236389183528,
113.9,True,-0.12857372029270664,12.510504467019928,12.51116514241881,0.2644178490468221,3.1045413308960406,3.1157813906203864,
114.0,True,-0.12233397209661234,12.52692473686102,12.52752205999692,0.24673453353057084,4.733720646297229,4.740146525922717,
114.1,True,-0.1232837854513491,12.536952840991944,12.537558990051101,0.23524679997785825,6.9849531055753005,6.988913430855032,
114.2,True,-0.12279766143183224,12.541155434197663,12.541756611031753,0.235268744309451,6.2273127875936325,6.231755445825527,
114.3,True,-0.12013317272908353,12.551716087860427,12.552290975333715,0.23834747942828471,8.05641808689495,8.059943046436365,
114.4,True,-0.11671336552626599,12.565669163032226,12.566211184142636,0.2390440404394667,7.36602665487078,7.369904391071598,
114.5,True,-0.1112250828030028,12.574036507383994,12.574528424878206,0.24371387785799925,7.255153613951165,7.259245857269834,
114.6,True,-0.10642898964829328,12.584955613165334,12.585405631729921,0.2442168521995427,8.3629665462621,8.366531618585881,
114.7,True,-0.10312105362095281,12.594028860123558,12.594451035330003,0.2531898771590022,8.371373800953847,8.37520175453656,
114.8,True,-0.09777361429269149,12.610648340940202,12.611027367288905,0.2509785677095806,8.20209449906281,8.205933488214852,
114.9,True,-0.0920976852091826,12.624834014580415,12.625169934671277,0.2607324272614733,9.174148492412314,9.177852796785139,
115.0,True,-0.08804028701206335,12.638566660074048,12.638873300784072,0.2634557236171986,9.350215021864187,9.353925906986936,
115.1,True,-0.08239642177295536,12.652404642019405,12.652672934827454,0.2644579477421303,9.67406721291627,9.67768125359301,
115.2,True,-0.07788756612899306,12.663946977586306,12.664186492786452,0.27246727436522633,9.689142888589004,9.692973141977381,
115.3,True,-0.07509672939022494,12.676165639577675,12.676388083392478,0.275869007894471,9.695928920715232,9.699852645534298,
115.4,True,-0.06935430697171796,12.683982659609228,12.68417226819169,0.2812862473808764,9.701936232655271,9.706013013357996,
115.5,True,-0.0644776589660978,12.688314824053577,12.688478649657078,0.2866386532080014,9.700580624448321,9.704814587045705,
115.6,True,-0.060509211086127834,12.70062894936791,12.700773089625233,0.29062854891526513,9.712416569541006,9.716763894102773,
115.7,True,-0.05365228617142748,12.713854595597809,12.713967801037366,0.29680235383443687,9.558201835763157,9.562808895425436,
115.8,True,-0.05487551950159286,12.729488019716655,12.729606300540107,0.2987851771140413,9.411796540448563,9.416537936039052,
115.9,True,-0.05414479928572291,12.746636163006542,12.74675115985857,0.2956327637866707,8.484205035802233,8.48935414625613,
116.0,True,-0.05294646542643022,12.763903360518498,12.764013174736876,0.2819840763670527,9.319584273850069,9.323849315423223,
116.1,True,-0.04933183070238556,12.772407948754108,12.772503217416606,-0.019298450324640726,11.889179414676505,11.889195077235149,
116.2,True,-0.04568478408873489,12.783240970597262,12.783322604544315,0.27618792783050594,11.079957393090353,11.083399099742682,
116.3,True,-0.0447774342055709,12.796856912907629,12.79693525294419,-0.020311003338065348,12.196712601338959,12.196729513132492,
116.4,True,-0.043458431760200256,12.817908680197775,12.817982351726833,-0.049139513297859594,12.560210155521531,12.560306279809954,
116.5,True,-0.04155995082146546,12.83533209630582,12.835399380306427,0.28193541345058293,12.247561282823085,12.250805889975753,
116.6,True,-0.032935927495827855,12.852105490326494,12.85214769249873,0.3220773246139288,6.453954092361414,6.4619855485244715,
116.7,True,-0.02516822450274958,12.863389598291292,12.86341422006433,0.00842802217971439,12.477349046406061,12.477351892825983,
116.8,True,-0.0216699223606156,12.872574347472778,12.872592587227691,0.3324334415856356,4.735616625843818,4.7472704599646365,
116.9,True,-0.01856186739473742,12.88789972084669,12.887913087754796,-0.029694495657849984,12.643104885714251,12.643139756968756,
117.0,True,-0.016470128032551656,12.896258667502138,12.896269184699948,0.30743627450374333,11.924307980575577,11.928270531745126,
117.1,True,-0.0161356572382374,12.907705951072785,12.90771603649516,0.3408955056988816,4.665984346941286,4.678420638603032,
117.2,True,-0.012263704007182241,12.9199437850923,12.919949605489224,0.31419490517237136,7.256667512009358,7.26346623990835,
117.3,True,-0.010654227133500171,12.938435684159572,12.93844007080025,0.3128353889057962,12.317612891235854,12.321584854185419,
117.4,True,-0.0066455968067202775,12.949892096670169,12.949893801856346,0.3181219382272502,10.690334993479041,10.695067266753584,
117.5,True,-0.005083274762000656,12.953363409930489,12.953364407342532,0.30412522770166106,12.312550326536439,12.316305765026181,
117.6,True,-0.00267028664143254,12.968052006762832,12.9680522816858,0.354182693308303,6.592827254349686,6.602334177087307,
117.7,True,0.0019067917471602414,12.978388924579235,12.978389064652658,0.3580560424363739,6.6069752319714325,6.6166702989803845,
117.8,True,0.006707588056997338,12.991623624894032,12.991625356461073,0.33516196831124034,11.840455208086269,11.845197891116023,
117.9,True,0.011649154861515854,13.004427029757949,13.004432247318917,0.33993211913184496,12.189186721213673,12.193925814528692,
118.0,True,0.013178734586972496,13.016307550355918,13.016314221948463,0.3406507371191765,11.866003494445636,11.870892209724417,
118.1,True,0.018737379352842254,13.032665341215079,13.032678810800709,0.004980235424454804,12.720986894146677,12.720987869021666,
118.2,True,0.02165554477051046,13.039853198526544,13.039871180412106,0.3526607841126861,11.012812172195481,11.018457313467612,
118.3,True,0.027149245750251794,13.051223475620986,13.051251713615255,0.053847860527412195,12.734590593695202,12.73470444027319,
118.4,True,0.031008838837578878,13.067232588720003,13.067269381006582,0.05633616397494734,12.619606113568807,12.619731860265283,
118.5,True,0.03251765721142874,13.078020205278676,13.078060631749182,0.370429628412694,12.058096902767488,12.063785435183139,
118.6,True,0.03641653976728776,13.085090758840579,13.085141433376398,0.374540734365155,12.560654698278086,12.566237591700792,
118.7,True,0.0410138611698585,13.101283643643796,13.101347840890895,0.06665404421255516,12.78328075111449,12.783454522288727,
118.8,True,0.04595706556551704,13.119378642921788,13.119459136268832,0.06411479988514657,12.7972842266322,12.7974448342149,
118.9,True,0.04974024512443975,13.132777126424457,13.132871321395124,0.06976715605219397,12.810798962749118,12.81098893606725,
119.0,True,0.05740851567657046,13.138809515849516,13.138934935201178,0.08648045317613651,12.687166053361807,12.6874607914412,
119.1,True,0.0632263554327892,13.155493299873797,13.155645234462872,0.3495829158785,12.633124497297558,12.637960388420822,
119.2,True,0.067227661679226,13.162528387705152,13.162700069348949,0.0818843264971747,12.847810020452243,12.848070958885577,
119.3,True,0.07262174580432657,13.177687139357658,13.177887245714158,0.09050194848805404,12.855455001508517,12.855773562819566,
119.4,True,0.08073599988233582,13.188235484027132,13.188482607329373,0.0984825236632787,12.86598356843922,12.866360479592318,
119.5,True,0.0889740618893029,13.197720613948718,13.198020525349095,0.10310600003413128,12.88015544593111,12.880568122508876,
119.6,True,0.09060649076718619,13.209660086621398,13.209970822838617,0.10797117616812102,12.886307355811141,12.886759679737784,
119.7,True,0.09273126071821025,13.222739849512891,13.223065008333377,0.06567380735145889,12.902440625237773,12.902607764973641,
119.8,True,0.09979546986278365,13.234376604142085,13.23475285889648,0.1149332249458439,12.894737531529586,12.89524973210035,
119.9,True,0.10132811342759851,13.250673671093296,13.251061094281313,0.11453278329486238,12.926466397951003,12.926973787232868,
