timestamp,ground_x,ground_y,ground_speed,ground_heading,ground_acceleration,ground_angular_velocity,ground_latitude,ground_longitude,gps_x,gps_y,gps_latitude,gps_longitude,gps_available,accel_x,accel_y,gyro_z,dt_s,heading_deg,ground_truth_x_m,ground_truth_y_m,dr_speed_mps,dr_heading_deg,dr_x_m,dr_y_m,position_error_m,cumulative_distance_m,gnss_available,gnss_x_m,gnss_y_m,navigation_mode
0.0,0.0,0.0,12.677570968074042,0.0,0.7040530035120263,0.0311690239017631,20.0,85.0,0.914151239263294,-3.9676233998750368,19.99996435823258,85.00000873898563,1,0.7117495345890846,0.4735597921387631,0.036421652212747,0.0,0.0,0.0,0.0,12.733665309669131,0.3016188300062481,0.0,0.0,0.0,0.0,True,0.0,0.0,GNSS + DR
0.1,1.2677570968074043,0.0,12.747976268425244,0.0031169023901763,0.6991564640377312,0.0342112984136709,20.0,85.00001211934149,-1.8521952219140825,-1.4585823920971406,19.99998689733144,84.99998229362198,1,0.7781660076213224,0.5870150970953143,0.0446380618792742,0.1,0.1785853521113405,1.2747914344667486,0.0039734133364175,12.777176586300437,0.6056562325064835,1.2776462734640257,0.0135061126357298,0.0099510030465015,1.2747976268425245,True,1.2747914344667486,0.0039734133364175,GNSS + DR
0.2,2.5425485312741527,0.0039734133364175,12.817402260881588,0.0065380322315434,0.689100908272513,0.0371247221952924,20.00000003569378,85.00002430592893,4.7939021186935245,1.2646535417601747,20.000011360576057,85.00004582812984,1,0.7331595665546871,0.4363663305896358,0.0419813821501733,0.1,0.3746016531879362,2.556504266104861,0.01235341254503,12.882411284797715,0.937635659609124,2.5657149053835573,0.0345870180190891,0.0240659321094855,2.5565378529306835,True,2.556504266104861,0.01235341254503,GNSS + DR
0.3,3.824261362912265,0.0123534125450301,12.885796450079749,0.0102505044510726,0.678527390220145,0.0398923132282575,20.0000001109726,85.00003655868267,6.645955512085907,-0.294836707288259,19.9999973514368,85.00006353315203,1,0.6736495298903296,0.6169527685561064,0.0546322766058524,0.0999999999999999,0.5873106429265247,3.845016214343196,0.0255617726222562,12.954607744407571,1.0719511369348602,3.860948961659562,0.0588224791753369,0.036879900182312,3.8451174979386584,True,3.845016214343196,0.0255617726222562,GNSS + DR
0.4,5.112773311150599,0.0255617726222563,12.953107738925617,0.0142397357738984,0.6674502139195759,0.0424981200524484,20.00000022962531,85.00004887643372,-0.7403322548109097,-1.92612908859452,19.999982697288004,84.99999292266678,1,0.6541532197279617,0.5839895036594661,0.0428787681597781,0.1,0.8158767612258334,5.140195665323483,0.044006032448833,12.96408703515254,1.2182922181649944,5.157064607395137,0.0863862131305692,0.0456140430266099,5.140428271831221,True,5.140195665323483,0.044006032448833,GNSS + DR
0.5,6.407952762130886,0.0440060324488332,13.019286492863662,0.0184895477791432,0.6558843161256789,0.0449273840365803,20.00000039531292,85.0000612579239,2.501414241543932,-1.9786313527246937,19.999982225652143,85.00002391269864,1,0.6035095011733069,0.6552274949871556,0.0366434319819492,0.0999999999999999,1.0593730528503895,6.441901780087278,0.0680767328783235,13.043242902726416,1.4582411835917135,6.46096647657358,0.119579130269512,0.0549177529507052,6.442356921117586,True,6.441901780087278,0.0680767328783235,GNSS + DR
0.6000000000000001,7.709658876894682,0.0680767328783237,13.084284602150753,0.0229822861828012,0.6438452459325639,0.047166689918247,20.000000611543697,85.00007370180685,8.093180086396538,-2.0689344603598023,19.999981414445525,85.00007736814366,1,0.688381904825905,0.5647535375765153,0.0719364435993788,0.1,1.3167880018363358,7.749984709055504,0.0981447631214366,13.1368414102141,1.7099374421744296,7.774065633704855,0.1587789505790003,0.0652410577827082,7.750785381332661,True,7.749984709055504,0.0981447631214366,GNSS + DR
0.7000000000000001,9.017741805862908,0.0981447631214369,13.148055542050177,0.0276989551746259,0.6313491435678742,0.0492041029849485,20.00000088164941,85.00008620665007,8.06901402883216,-2.540384122855391,19.999977179341148,85.0000771371241,1,0.6436197662053064,0.7503423700761255,0.0481577656195241,0.0999999999999999,1.5870332284281163,9.064285914982872,0.1345588464715048,13.191730690203306,1.955106784129275,9.09247076617108,0.2037844248596902,0.074743337761169,9.065590935537678,True,9.064285914982872,0.1345588464715048,GNSS + DR
0.8,10.332043011790278,0.1345588464715052,13.210554430864327,0.0326193654731208,0.6184127183868782,0.0510292914108157,20.000001208762683,85.00009877093795,10.28163953927741,6.9794574782996905,20.00006269753328,85.00009828909731,1,0.5298029419837025,0.7434510693176108,0.0503448705736382,0.0999999999999999,1.8689519720045795,10.38463860369444,0.1776431953748445,13.260218407714245,2.711196903595989,10.417008324676283,0.2665074534210793,0.0945761872489588,10.38664637862411,True,10.38463860369444,0.1776431953748445,GNSS + DR
0.9,11.652395700501843,0.177643195374845,13.27173808572755,0.0377222946142024,0.6050532260962527,0.0526336324231733,20.00000159579597,85.00011139307603,9.093263917781105,1.0701764089315098,20.000009613558248,85.00008692861665,1,0.6082674824577827,0.7265942822815032,0.0569755992124514,0.0999999999999999,2.161328274942873,11.71086825897392,0.227695364346709,13.30467720717608,2.705954935620707,11.745992538815736,0.3293191914932493,0.1075226361205684,11.713820187196868,True,11.71086825897392,0.227695364346709,GNSS + DR
1.0,12.978625355781324,0.2276953643467095,13.331565076083578,0.0429856578565197,0.5912884452388223,0.054010301147005,20.00000204542226,85.00012407139596,15.616819280369809,2.887972527560925,20.000025943098617,85.00014929166345,1,0.5762367437760747,0.7822974789032252,0.0596821122435448,0.0999999999999999,2.462896774771948,13.042793275071002,0.2849843272741388,13.399153035580836,3.0959106329326587,13.08395227289713,0.4016847267016122,0.1237458941887895,13.046976694805226,True,13.042793275071002,0.2849843272741388,GNSS + DR
1.1,14.310550371878406,0.2849843272741394,13.389995774775317,0.0483866879712202,0.5771366529715571,0.0551543411619017,20.00000256005777,85.00013680416168,16.643926178165252,-1.1822480770826318,19.999989379684827,85.00015911046808,1,0.6859205325800902,0.7302416300662683,0.0562875047370189,0.1,2.772353005367345,14.38022567752614,0.3497488032473779,13.455551613483896,3.1989913851495064,14.427410718460912,0.4767719910987347,0.1355039421564445,14.385976272282758,True,14.38022567752614,0.3497488032473779,GNSS + DR
1.2000000000000002,15.647982774333544,0.3497488032473786,13.44699240667789,0.0539021220874104,0.5626166001694521,0.0560627160031514,20.00000314184696,85.00014958957622,15.846074867017192,-0.2081212283107679,19.9999981304152,85.00015148327157,1,0.5074776695747867,0.7549029121130314,0.0608883770336613,0.1,3.0883641024075112,15.722971920471336,0.4221958522493704,13.498313020629114,3.560470600829604,15.774636591291124,0.5605991442517235,0.1477318836541579,15.73067551295055,True,15.722971920471336,0.4221958522493704,GNSS + DR
1.3,16.99072901727874,0.4221958522493712,13.502519094809204,0.0595083936877255,0.5477474858895803,0.056734341044115,20.00000379264987,85.00016242578931,20.372452638182835,-1.718466091861694,19.999984562756445,85.0001947539565,1,0.5056799459028777,0.7728842925983106,0.0613367187298332,0.0999999999999998,3.40957980390962,17.070833746342963,0.5024997588471782,13.575063918948564,3.802546706704067,17.129154462100058,0.6506265939246874,0.1591944256451821,17.08092742243147,True,17.070833746342963,0.5024997588471782,GNSS + DR
1.4,18.338590843150367,0.5024997588471792,13.556541903855804,0.065181827792137,0.5325489312302878,0.0571700954086836,20.00000451403213,85.0001753109057,19.741118869906504,-7.452625245910426,19.99993305192835,85.00018871861303,1,0.6180474133855728,0.7123924009707404,0.0639182886788917,0.0999999999999998,3.734643633437984,18.423609092115388,0.5908012185195632,13.615892090700845,3.836887383200103,18.487691796884047,0.7417390752547047,0.163978137708248,18.436581612817047,True,18.423609092115388,0.5908012185195632,GNSS + DR
1.5,19.6913661889228,0.5908012185195646,13.609028881055265,0.0708988373330054,0.5170409526208619,0.057372813778117,20.000005307257645,85.00018824299373,17.113488800273082,-3.5432266120240343,19.9999681706538,85.00016359933252,1,0.6148791104940601,0.8538762044039682,0.0387979391882438,0.1,4.062204151565767,19.78109302479627,0.6872068374803476,13.6418430317976,4.355502760038586,19.8479363812592,0.8453416028306733,0.1716817937803315,19.797484500922575,True,19.78109302479627,0.6872068374803476,GNSS + DR
1.6,21.04885012160368,0.6872068374803489,13.659950094379978,0.0766361187108171,0.5012439345785058,0.0573472581735659,20.000006173284053,85.00020122009431,22.155102473851173,-4.744649202460836,19.99995737809104,85.00021179550347,1,0.4939947876422237,0.8729403654095631,0.0811560212436444,0.1,4.39092616039338,21.14307868806414,0.7917889528840069,13.717325110061628,4.619333358396321,21.21521317602724,0.9558144422080124,0.179186342955255,21.163479510360578,True,21.14307868806414,0.7917889528840069,GNSS + DR
1.7000000000000002,22.410835784871544,0.7917889528840081,13.709277667970964,0.0823708445281737,0.485178601969638,0.0571000700117182,20.000007112761185,85.00021424022995,19.534187982384548,-5.957562380970813,19.99994648230657,85.0001867404217,1,0.4835743108291925,0.7777335071630359,0.0606271868763726,0.1,4.719501746392623,22.50935824160545,0.904585776200232,13.740100015954384,4.8820341796998825,22.58423831161772,1.0727488794186506,0.1840811075832904,22.534407277157676,True,22.50935824160545,0.904585776200232,GNSS + DR
1.8,23.77711533841285,0.9045857762002332,13.756985814773904,0.0880808515293455,0.4688659918133631,0.0566397029439112,20.000008126032284,85.00022730141376,26.41246624233468,-2.681491146694075,19.999975911755183,85.0002524945029,1,0.5296777616410288,0.8266017407496352,0.067445929138381,0.0999999999999998,5.04666104854992,23.87972377493209,1.0256018583930235,13.82455482080005,5.367357202405205,23.960632305408847,1.202065289006807,0.1941276194875257,23.910105858635063,True,23.87972377493209,1.0256018583930235,GNSS + DR
1.9,25.147480871739496,1.0256018583930249,13.803050866333637,0.0937448218237367,0.4523274246657127,0.0559763371964012,20.00000921313825,85.0002404016582,24.99770313878074,5.000468896537917,20.00004491997637,85.00023896983227,1,0.3659724348184472,0.7893672059015087,0.047195323781061,0.0999999999999998,5.371182641706006,25.253968178221545,1.154808871413027,13.852052348113912,6.069925993613251,25.33807150363603,1.3485398524508871,0.2111991059632274,25.29041094526843,True,25.253968178221545,1.154808871413027,GNSS + DR
2.0,26.52172527502895,1.1548088714130285,13.847451299707048,0.0993424555433768,0.4355844756237204,0.0551217763290149,20.0000103738246,85.00025353898337,25.967138184393168,1.0215003682999653,20.000009176293936,85.00024823731293,1,0.3725247913984426,0.8097098113734302,0.0554117737165223,0.1,5.6919034291015,26.63188595399141,1.2921466964832222,13.893754052436144,6.185238003945847,26.71935901635583,1.498235623600915,0.2238843061045846,26.675156075239137,True,26.63188595399141,1.2921466964832222,GNSS + DR
2.1,27.89964305079881,1.2921466964832238,13.89016776145838,0.1048546331762783,0.4186589449888256,0.0540893275189316,20.00001160755127,85.00026671142477,25.85685441758699,5.163837983446746,20.00004638754585,85.00024718303634,1,0.43462227494629,0.7499309712818769,0.0523661688557275,0.1,6.007727943393168,28.013273955150662,1.4375248057975705,13.926549170570302,6.701312507741344,28.102499282478025,1.66074938374004,0.2403962795765941,28.06417285138497,True,28.013273955150662,1.4375248057975705,GNSS + DR
2.2,29.28103105195807,1.437524805797572,13.931183088704811,0.1102635659281714,0.4015728286297015,0.0528936666538176,20.00001291350504,85.00027991704039,32.94865506798016,2.6704725365001982,20.00002398926296,85.00031497832147,1,0.5090673569361579,0.7227000965828723,0.0725909042989031,0.1,6.317636961746724,29.39793203709861,1.5908239206234884,14.005633915478292,6.879284348281856,29.492979616593352,1.8285059161985011,0.2559819786397679,29.457291160255462,True,29.39793203709861,1.5908239206234884,GNSS + DR
2.3000000000000003,30.665689133906007,1.59082392062349,13.97048232718432,0.1155529325935532,0.3843482880850768,0.0515506896819836,20.000014290614423,85.0002931539169,30.2021006876996,3.938500397768968,20.00003538015104,85.00028872216362,1,0.3925617836767399,0.8027917434575031,0.0506925536136248,0.1,6.620695347970289,30.78566361399245,1.751897925457953,14.017391737542944,7.238079171827563,30.8835485900199,2.005114640164276,0.2714777580918127,30.85433939297389,True,30.78566361399245,1.751897925457953,GNSS + DR
2.4000000000000004,32.053420710799855,1.7518979254579543,14.008052746321829,0.1207080015617516,0.3670076204471684,0.0500773518149146,20.000015737566827,85.00030642017502,30.768437244310533,-0.9507930604557708,19.99999145888062,85.00029413615509,1,0.4020544600339261,0.7282926563632153,0.0626581516843155,0.1,6.916059042946916,32.17627611198968,1.9205760148805635,14.049486189878568,7.28092449365123,32.27716867456714,2.183169917936181,0.2813092019565492,32.255144667606075,True,32.17627611198968,1.9205760148805635,GNSS + DR
2.5,33.44403320879708,1.9205760148805648,14.043883851273756,0.1257157367432431,0.3495732280670527,0.0484914963077846,20.000017252827885,85.0003197139738,32.38763255733239,3.492428877458577,20.00003137302239,85.00030961513052,1,0.4362626916952533,0.812114389463672,0.0469872917810527,0.0999999999999996,7.202981133765559,33.56958131509787,2.096665047112263,14.086841180263992,7.78157377689446,33.672880833509424,2.373901440659803,0.2958560602916648,33.659533052733444,True,33.56958131509787,2.096665047112263,GNSS + DR
2.6,34.83733841190528,2.096665047112265,14.07796739193524,0.1305648863740215,0.3320675881231416,0.0468116746550229,20.000018834662576,85.00033303351395,36.43426596856533,4.282807749335303,20.0000384731166,85.00034829961693,1,0.4674118247870489,0.6913287275950011,0.0472854852584834,0.1,7.480816941836582,34.96539560213823,2.279952076053033,14.138613575646309,8.090124076947735,35.0726713435689,2.572874972472321,0.3119485661870635,35.067329791926966,True,34.96539560213823,2.279952076053033,GNSS + DR
2.7,36.23315269894564,2.279952076053035,14.110297368898385,0.1352460538395238,0.3145132220944369,0.0450569601294093,20.00002048115797,85.00034637704012,37.32948489203788,0.5500101993519564,20.000004940825686,85.00035685761583,1,0.3156707984370213,0.6194632039470389,0.0476014584774024,0.1,7.749028080803816,36.363540076153285,2.470207031753477,14.167606250185669,8.162530986968763,36.47507918115254,2.774028957486248,0.3236490916100394,36.4783595288168,True,36.363540076153285,2.470207031753477,GNSS + DR
2.8000000000000003,37.63129717296069,2.470207031753479,14.140870036354126,0.1397517498524648,0.2969326651801651,0.0432467566635615,20.000022190247314,85.00035974284212,38.86949500774866,4.148828143601978,20.000037269557325,85.00037157960676,1,0.3260908289934938,0.7028938092950531,0.0610852079318545,0.1,8.007185446114258,37.76384059027617,2.6671855178827526,14.199124688586046,8.591116501706683,37.8790595989194,2.9861383767663203,0.339125855904161,37.89244653245222,True,37.76384059027617,2.6671855178827526,GNSS + DR
2.9000000000000004,39.03159768708357,2.667185517882755,14.169683901934416,0.1440764255188209,0.2793484357076359,0.0414006051212636,20.000023959735163,85.00037312925515,40.32406069610722,4.365748793607254,20.00003921818868,85.00038548477704,1,0.400451196774778,0.6481734961244138,0.0275020785309624,0.1,8.25497110955939,39.16612767654499,2.8706316937895244,14.228300321994574,8.839899273345615,39.284988696155565,3.2047903241013653,0.3546687640528153,39.30941492264566,True,39.16612767654499,2.8706316937895244,GNSS + DR
3.0,40.43388477335239,2.870631693789526,14.196739723495654,0.1482164860309473,0.2617830045699509,0.039537989032349,20.000025787323256,85.00038653465916,46.85882757596377,1.2219738303992775,20.000010977177688,85.00044795500227,1,0.2156730408103795,0.6276541826675066,0.0313813534796047,0.0999999999999996,8.492179103833003,40.57023638632175,3.0802812082077957,14.289572675513064,8.90974621066349,40.69670350042739,3.426104995751138,0.3682227898718807,40.72908889499522,True,40.57023638632175,3.0802812082077957,GNSS + DR
3.1,41.837993483129154,3.080281208207798,14.222040502848406,0.1521702849341822,0.24425876473531,0.0376781418685147,20.00002767063689,85.00039995747728,40.618748433975306,-0.2880240886051872,19.99999741263559,85.00038830189503,1,0.3256378182630012,0.6253900936694805,0.0232050902116165,0.1,8.718715094031817,41.9760060528026,3.2958641515241696,14.263912202520714,9.050299829191168,42.10533704370485,3.650478465586106,0.3774623384463361,42.15129294528007,True,41.9760060528026,3.2958641515241696,GNSS + DR
3.2,43.24376314961,3.295864151524172,14.245591476442716,0.1559380991210337,0.2267980008697367,0.0358398579184585,20.000029607251417,85.00041339617361,41.70703496239538,-0.2565208441706446,19.99999769563405,85.00039870555683,1,0.2058822242516739,0.5079201597878219,0.029964836720844,0.1,8.934594944927923,43.38327998754311,3.5171079937818,14.285346621861285,9.256975695143185,43.51526759759752,3.8802764513631023,0.3864091844015291,43.575852092924336,True,43.38327998754311,3.5171079937818,GNSS + DR
3.3000000000000003,44.65103708435051,3.517107993781803,14.267400103022354,0.1595220849128795,0.2094228591143387,0.0340413087793299,20.000031594718667,85.00042684925025,42.20971889960688,3.776624619546188,20.00003392599618,85.00040351105018,1,0.2445464774694966,0.5093183069359641,0.0309253082674089,0.1,9.13994220463554,44.79190512394256,3.7437404762305375,14.301124648457396,9.65291803592376,44.92513194374138,4.120076759076598,0.3992222229537073,45.00259210322658,True,44.79190512394256,3.7437404762305375,GNSS + DR
3.4000000000000004,46.05966222074996,3.74374047623054,14.287476048265583,0.1629262157908125,0.1921553170586065,0.0322998674181045,20.00003363059289,85.00044031524394,47.90760048847644,4.724770082598485,20.0000424433318,85.00045798092687,1,0.2100243646885928,0.4829110905239335,0.0211550548772006,0.1,9.334984536851264,46.20173162122379,3.975492425222024,14.349795636717094,9.88403601716966,46.33881238054922,4.36639762855838,0.4142439046898261,46.43133970805314,True,46.20173162122379,3.975492425222024,GNSS + DR
3.5,47.4694887180312,3.9754924252220265,14.305831166434077,0.166156202532623,0.1750171539507139,0.030631941671851,20.000035712456075,85.00045379272223,50.856405596193866,1.597914933848283,20.00001435431408,85.00048617053525,1,0.1571165739156524,0.403678059011777,0.0282904642057043,0.0999999999999996,9.520049145040218,47.61261244261865,4.2121004585711095,14.378410612288496,9.901170270471532,47.755237969983305,4.613633279207691,0.4261110736702529,47.861922824696535,True,47.61261244261865,4.2121004585711095,GNSS + DR
3.6,48.880369539426056,4.212100458571113,14.322479479055726,0.1692193966998081,0.1580299211853919,0.0290528189508725,20.0000378379422,85.00046728027952,48.53852716646143,4.2918564825494085,20.00003855440276,85.0004640123787,1,0.1388748248024781,0.4329288957246806,0.0139056741415383,0.1,9.695557242649016,49.02440292124159,4.453309556138642,14.370200529902627,10.19954504384793,49.16954881530445,4.8680963718225785,0.4394490107265327,49.29417077260211,True,49.02440292124159,4.453309556138642,GNSS + DR
3.7,50.29216001804899,4.453309556138645,14.337437150671152,0.1721246785948954,0.1412149131096729,0.0275765237845362,20.0000400047604,85.00048077653284,47.7716905871614,6.164920664554101,20.000055380424584,85.00045668167286,1,0.1850356313223606,0.4921956494886178,0.0223966365468594,0.1,9.862017633533286,50.436960326543264,4.698875468312661,14.370634021131902,10.44759818895406,50.58278738187364,5.128687959665712,0.4538769742886785,50.727914487669224,True,50.436960326543264,4.698875468312661,GNSS + DR
3.8,51.704717423350665,4.698875468312664,14.35072246167766,0.174882330973349,0.124593138186464,0.0262156897076164,20.000042210716515,85.00049428011772,49.23127377627695,6.553447612308567,20.000058870621537,85.00047063480878,1,0.2043701045945981,0.4180809923251549,0.0432198937067184,0.0999999999999996,10.020019476182892,51.8501434433262,4.9485669382523545,14.384232837363836,10.612748083382687,51.99660556707363,5.393602440947445,0.4685165443734922,52.16298673383699,True,51.8501434433262,4.9485669382523545,GNSS + DR
3.9,53.11790054013361,4.948566938252359,14.362355778308446,0.1775038999441106,0.1081852905550473,0.0249814468267202,20.00004445373315,85.0005077896842,55.06967890360772,9.604207298619825,20.00008627606208,85.00052644804435,1,0.1316984803956221,0.3214893607900011,0.0340173275295312,0.1,10.170224313909983,53.26381217413181,5.202167716188033,14.42536763406494,10.903006331928358,53.41310279561319,5.666453893791371,0.4876980053022718,53.59922231166784,True,53.26381217413181,5.202167716188033,GNSS + DR
4.0,54.531569270939215,5.202167716188037,14.37235951978867,0.1800020446267826,0.0920117220276761,0.0238833262335919,20.0000467318677,85.000521303893,56.76133178454954,9.033110212782168,20.00008114580968,85.00054261969032,1,0.1255173799643369,0.295467780574337,0.0307580029553172,0.1,10.31335746084014,54.6778271744333,5.459478346716546,14.43722460321274,11.004904585669848,54.83027642182448,5.942050438775612,0.5060796351014352,55.03645826364671,True,54.6778271744333,5.459478346716546,GNSS + DR
4.1000000000000005,55.94558427124071,5.45947834671655,14.38075812271398,0.1823903772501418,0.0760924145601915,0.0229291822466783,20.00004904332842,85.000534821412,57.57504707615629,2.455604048446918,20.000022059066485,85.00055039854126,1,0.1346511178747439,0.4429778267785225,0.0179013966838872,0.1000000000000005,10.45019884023203,56.09204952855769,5.720317712869217,14.441621208080084,10.800005125318547,56.24885843687252,6.212659562344915,0.516710296464121,56.474534075918115,True,56.09204952855769,5.720317712869217,GNSS + DR
4.2,57.35980662536509,5.720317712869219,14.387578002700709,0.1846832954748097,0.0604469532342921,0.0221251332663345,20.00005138648832,85.00054834091326,55.363277503499006,10.771076341483289,20.00009675822504,85.00052925475055,1,0.0418660145836441,0.3438111301767795,0.0117642836758872,0.0999999999999996,10.58157337727413,57.50634047267592,5.984524323731068,14.424267808554935,11.334111308704834,57.66315476156594,6.496139586487357,0.5351083051918261,57.91329187618818,True,57.50634047267592,5.984524323731068,GNSS + DR
4.3,58.77409756948333,5.984524323731072,14.39284751336084,0.1868958088014431,0.0450944997884406,0.0214755218245929,20.000053759896684,85.0005618610702,59.47058153868349,4.391594810063928,20.0000394503674,85.0005685192282,1,0.1120791252090867,0.3067234006061382,0.0150839610692501,0.0999999999999996,10.708341053006675,58.9205611696078,6.251957335526669,14.447490739822175,11.128694577323316,59.08073695177267,6.774995500502358,0.5470148107805352,59.35257662752426,True,58.9205611696078,6.251957335526669,GNSS + DR
4.4,60.188318266415216,6.251957335526673,14.396596902658397,0.1890433609839024,0.0300537667333511,0.0209828941997591,20.000056162288303,85.0005753805556,60.5383756938374,9.386575772889955,20.000084321044824,85.00057872698964,1,0.1010209215863384,0.3183826814002111,0.0255507959307989,0.1000000000000005,10.8313867293457,60.3345725386438,6.522497299327409,14.448930618841212,11.488117651213864,60.49668306895094,7.062767204338366,0.5640668349557617,60.792236317790106,True,60.3345725386438,6.522497299327409,GNSS + DR
4.5,61.602329635451206,6.522497299327412,14.39885826670751,0.1911416504038783,0.0153429920876213,0.0206479997515353,20.000058592590147,85.0005888980399,62.25839542563824,6.726457177480679,20.000060424792903,85.0005951698134,1,0.1755243070251418,0.2534422341975034,0.034329767548802,0.0999999999999996,10.951609857307274,61.748235142141226,6.796046631843797,14.45323203864209,11.461807851214935,61.913182743312575,7.349974161360054,0.5779648943388911,62.23212214446085,True,61.748235142141226,6.796046631843797,GNSS + DR
4.6000000000000005,63.01599223894864,6.796046631843802,14.39966550107592,0.1932064503790319,0.000979914767587,0.0204698099162697,20.00006104992561,85.00060241219012,65.63027857279322,5.5595984964729,20.00004994272303,85.00062740390888,1,0.0121747052396079,0.3959131731404728,0.034493484087623,0.1000000000000005,11.069914181422291,63.16140912934829,7.072529809107935,14.467094076634885,11.508091774653746,63.33080828408564,7.638601839121445,0.5908752971561295,63.67208869456846,True,63.16140912934829,7.072529809107935,GNSS + DR
4.7,64.4291662261557,7.072529809107937,14.399054249661027,0.1952534313706589,-0.0130182493346087,0.0204455565866404,20.00006353361625,85.00061592166932,65.09995287247975,1.6494392297831393,20.000014817164704,85.00062233416936,1,-0.005922339418015,0.3047440315762481,0.0317516802114737,0.0999999999999996,11.187197552986024,64.57395423677701,7.351893286187473,14.45352616063652,11.416043024019782,64.74756574253547,7.924683101508201,0.5985224536029308,65.11199411953456,True,64.57395423677701,7.351893286187473,GNSS + DR
4.800000000000001,65.84171133358443,7.351893286187477,14.397061851209,0.1972979870293229,-0.0266348305522878,0.0205707893879792,20.00006604318106,85.00062942513664,67.87845202280012,6.837199755538432,20.00006141961041,85.00064889570872,1,0.0418134630263994,0.394529003533852,0.0181952207472998,0.1000000000000005,11.304341963207062,65.98572984350709,7.634105149363592,14.460640122470435,11.778607286674609,66.16318095936683,8.219868950409449,0.6120523908421207,66.55170030465547,True,65.98572984350709,7.634105149363592,GNSS + DR
4.9,67.25348694031449,7.634105149363594,14.39372728355057,0.1993550659681208,-0.0398537278933108,0.0208394511568362,20.00006857833336,85.00064292124779,67.45622414878116,2.955955443446768,20.00002655379954,85.00064485934891,1,0.031101480552296,0.3325399624127395,0.0260849494808761,0.0999999999999996,11.42220390452543,67.39659507906256,7.919154510410525,14.44507886494035,11.688296419229587,67.57773583763993,8.512507858446615,0.6203871130541171,67.99107303301052,True,67.39659507906256,7.919154510410525,GNSS + DR
5.0,68.66435217586996,7.919154510410529,14.389091105630335,0.2014390110838045,-0.0526594307061056,0.0212439707285457,20.00007113897534,85.00065640865608,69.53171037193992,10.821052217938846,20.00009720716597,85.00066470031558,1,-0.0494137883749412,0.4071580289868106,0.0230305454281732,0.0999999999999996,11.541605164391008,68.80640898096345,8.207050655692605,14.444873493604137,12.186700049767424,68.98967155240112,8.817436112047474,0.6373033621592529,69.42998214357355,True,68.80640898096345,8.207050655692605,GNSS + DR
5.1000000000000005,70.07416607777085,8.207050655692608,14.383195397409349,0.203563408156659,-0.06503703953328,0.02177537195166,20.00007372519041,85.00066988601397,71.96803075528648,12.757428627110352,20.00011460193122,85.0006879907383,1,-0.0551951733797824,0.356034154584147,0.0247634743167125,0.1000000000000005,11.663324150675518,70.2150306986982,8.49782196570552,14.44582116192612,12.390843049246405,70.40060441732993,9.127413435552464,0.6563711023124381,70.8683016833145,True,70.2150306986982,8.49782196570552,GNSS + DR
5.2,71.48278779550559,8.497821965705521,14.37608369772368,0.205740945351825,-0.0769722861241906,0.0224233976702307,20.000076337233534,85.00068335197497,67.11132033593859,6.107088997815451,20.00005486091388,85.00064156218174,1,-0.0199157442132885,0.3950222748380326,0.0477946766398288,0.0999999999999996,11.788087841691285,71.62231974067218,8.791514623392965,14.396940581326566,12.16855119329678,71.80795105519198,9.43088406332535,0.6657719321583014,72.30591005308686,True,71.62231974067218,8.791514623392965,GNSS + DR
5.300000000000001,72.89007683747957,8.791514623392969,14.36780094018451,0.2079832851188481,-0.0884515525794515,0.0231766472519759,20.000078975519568,85.00069680519603,71.93106318840766,9.697426850950782,20.00008711346757,85.0006876373405,1,-0.0998307646161846,0.3989521064816812,0.0105566448819397,0.1000000000000005,11.916564446576055,73.02813626063136,9.088191132030843,14.411407515857364,12.461860057953944,73.21513833991413,9.741867361264996,0.6798988088839839,73.74269014710532,True,73.02813626063136,9.088191132030843,GNSS + DR
5.4,74.29589335743874,9.088191132030849,14.35839338720779,0.2103009498440457,-0.0994618896010468,0.0240227260931609,20.000081640609988,85.00071024434027,72.88477539456035,6.912016566006921,20.000062091701253,85.00069675451599,1,-0.0899885890017976,0.4060923047913445,0.0266759579339383,0.0999999999999996,12.049356853656228,74.43234138010472,9.387928665654735,14.398985934121937,12.440548125355033,74.62122820930804,10.052059621803863,0.6904695222542713,75.1785294858261,True,74.43234138010472,9.387928665654735,GNSS + DR
5.5,75.7000984769121,9.38792866565474,14.3479085622643,0.2127032224533618,-0.1099910338231513,0.0249484054011477,20.000084333198068,85.00072366808004,73.78346493218207,7.502474475244371,20.000067395874897,85.00070534569281,1,-0.0755113954547296,0.4053541633291038,0.0420658944731092,0.0999999999999996,12.18699693540992,75.83479754351926,9.690817276882552,14.385131005299431,12.5927242258894,76.02513709358107,10.365683257800184,0.7011941503732377,76.61332034205253,True,75.83479754351926,9.690817276882552,GNSS + DR
5.6000000000000005,77.10255464032666,9.69081727688256,14.33639518044316,0.2151980629934766,-0.1200274242002752,0.0259397904444531,20.00008705409276,85.00073707510037,76.27712788664661,12.014301388478671,20.00010792630565,85.00072918429169,1,-0.0402304899591623,0.390240550903785,0.0162808754941178,0.1000000000000005,12.329940768916636,77.23536890277676,9.99695798852665,14.380892335418627,12.946114974496442,77.42667181561755,10.687864986883564,0.7169025630027636,78.04695986009685,True,77.23536890277676,9.99695798852665,GNSS + DR
5.7,78.50312599958416,9.996957988526654,14.323903077424246,0.2177920420379219,-0.1295602174301624,0.0269824953690153,20.00008980420156,85.00075046410258,82.98794993328734,9.881343202996415,20.00008876561627,85.00079333754648,1,-0.1297901482391394,0.5122663830314671,0.0255450211163528,0.0999999999999996,12.47856482030873,78.63392172820846,10.306460796577582,14.403801903648937,12.972784081032218,78.83028890622109,11.011213337368398,0.7315983955366162,79.47935016783927,True,78.63392172820846,10.306460796577582,GNSS + DR
5.800000000000001,79.90167882501586,10.306460796577586,14.310483136957128,0.2204902915748234,-0.1385793023904646,0.0280618226091913,20.000092584512583,85.00076383380829,77.30418547793613,15.52540492237062,20.00013946708534,85.00073900262495,1,-0.2006985254919983,0.3862313899863194,0.0277714376335149,0.1000000000000005,12.633163130846311,80.03032484290924,10.619442612958874,14.343166514643263,13.394110337135965,80.22559170782385,11.3434697872792,0.7498963246261839,80.91039848153498,True,80.03032484290924,10.619442612958874,GNSS + DR
5.9,81.29808193971664,10.619442612958876,14.296187216946151,0.2232964738357426,-0.1470753135696689,0.0291629448735687,20.00009539607608,85.00077718296346,84.20291700349108,9.172745176850112,20.00008240017189,85.00080495223266,1,-0.2129051869455795,0.4471343018271774,0.0319300476530289,0.0999999999999996,12.793945530941464,81.42445007746873,10.936025176888355,14.365552784037982,13.221610659136026,81.62406779152352,11.672035931654808,0.7626001985944793,82.34001720322959,True,81.42445007746873,10.936025176888355,GNSS + DR
6.0,82.69220717427613,10.936025176888355,14.281068074243194,0.2262127683230995,-0.1550396434738132,0.0302710876594878,20.00009823998564,85.00079051034284,77.64359785942872,13.934034174311824,20.000125171558683,85.00074224729585,1,-0.1880102968091199,0.463047757306909,0.0193115160634256,0.0999999999999996,12.961036896884282,82.81617274204629,11.256332963732207,14.29741067881088,13.610937346755456,83.01365614844349,12.008493535965023,0.7776536647016072,83.7681240106539,True,82.81617274204629,11.256332963732207,GNSS + DR
6.1000000000000005,84.08392983885369,11.25633296373221,14.26517928825139,0.2292398770890482,-0.1624644539920794,0.0313717102465256,20.00010111735945,85.00080381475445,83.07927474889637,11.548573202605557,20.00010374259817,85.00079421058173,1,-0.1981228399020763,0.4976451089129381,0.042324570849906,0.1000000000000005,13.134477453300198,84.20537211256409,11.58049111990374,14.308481587651675,13.649089465243865,84.40409598262325,12.346137610350867,0.791015628711148,85.19464193947906,True,84.20537211256409,11.58049111990374,GNSS + DR
6.2,85.47312920937149,11.58049111990374,14.248575183444778,0.2323770481137008,-0.1693426867060132,0.032450683138128,20.000104029321705,85.00081709504418,85.9613884046865,13.96782514913644,20.00012547510817,85.00082176264173,1,-0.1470732246370087,0.4709023661530355,0.0441135559632594,0.0999999999999996,13.314224112623524,85.59193192751881,11.90862345164732,14.30183024474688,13.93359081408516,85.79219655264855,12.690521539986072,0.8071372501787719,86.61949945782352,True,85.59193192751881,11.90862345164732,GNSS + DR
6.300000000000001,86.85968902432623,11.90862345164732,14.231310750910188,0.2356221164275136,-0.1756680721281256,0.0334944599618647,20.0001069769846,85.00083035010064,88.61835601840406,10.567150479657482,20.00009492632785,85.00084716237953,1,-0.2051120798080059,0.5224073834306959,0.0435782132120442,0.1000000000000005,13.500152831236631,86.9757408915403,12.24085049447126,14.293035197537376,13.93307918263714,87.17944657024316,13.034681299784031,0.8195507006886873,88.04263053291456,True,86.9757408915403,12.24085049447126,GNSS + DR
6.4,88.2434979883477,12.24085049447126,14.213441569019151,0.2389715624237001,-0.1814351378573864,0.0344902419019847,20.000109961430898,85.00084357885987,90.37717772772626,12.09217398181651,20.000108625847066,85.00086397613744,1,-0.1865728858484466,0.5117829087150483,0.0307865051590739,0.0999999999999996,13.69206195052511,88.35669318137005,12.5772876885702,14.27766610061501,14.184628124892372,88.56368218757257,13.38455163079707,0.8333783781142714,89.46397468981647,True,88.35669318137005,12.5772876885702,GNSS + DR
6.5,89.62445027817745,12.577287688570202,14.19502372333871,0.2424205866138986,-0.1866392156404916,0.0354261328223497,20.00011298369764,85.00085678031023,92.00449198377724,12.230791050673398,20.000109871065376,85.00087953272728,1,-0.1953435098895941,0.4537771699675074,0.0412912407302226,0.0999999999999996,13.88967648006201,89.7346889494169,12.918043683831362,14.260890668042707,14.37235164816717,89.94513902306566,13.738538972559514,0.8470547516683091,90.88347706215033,True,89.7346889494169,12.918043683831362,GNSS + DR
6.6000000000000005,91.0024460462243,12.918043683831366,14.176113725891057,0.2459631998961335,-0.1912764473293293,0.0362912833425057,20.000116044760823,85.00086995349722,89.956270829479,10.409872339294004,20.00009351347428,85.00085995240572,1,-0.183301840371729,0.5449469742347399,0.0322968809468149,0.1000000000000005,14.092653269581058,91.10963481949628,13.263218795978322,14.219139224446089,14.46724470235419,91.32196493854072,14.093770729752045,0.8572634333439746,92.30108843473944,True,91.10963481949628,13.263218795978322,GNSS + DR
6.7,92.37739191630368,13.263218795978323,14.156768433872845,0.2495923282303841,-0.1953437897266408,0.0370760222534552,20.00011914552161,85.00088309752817,90.99033653830998,15.24946339972358,20.000136988260465,85.00086983773429,1,-0.0992185731504846,0.4998483948397744,0.03875005564574,0.0999999999999996,14.30058700644496,92.48144436880956,13.612903633104384,14.197521398019552,14.899899236632224,92.69398008703068,14.458833150149324,0.8722202584941807,93.71676527812673,True,92.48144436880956,13.612903633104384,GNSS + DR
6.800000000000001,93.74920146561696,13.612903633104388,14.137044967945728,0.2532999304557297,-0.1988390183132704,0.0377719738012502,20.00012228679395,85.00089621157693,96.32312910938842,15.56365064983948,20.00013981065256,85.00092081747988,1,-0.1357416388417446,0.4772648040338982,0.064306653072959,0.1000000000000005,14.513016966070571,93.85003858970472,13.96717790932206,14.204204485570871,15.110554316907328,94.06528896960565,14.829111692938602,0.8884045099992557,95.1304697749213,True,93.85003858970472,13.96717790932206,GNSS + DR
6.9,95.11779568651212,13.967177909322062,14.11700063021019,0.2570771278358547,-0.2017607298517632,0.0383721595242956,20.00012546929392,85.00090929488822,94.54388271186728,15.747841994038762,20.00014146527155,85.00090380846866,1,-0.170954259087963,0.5785434662214768,0.0443291133002582,0.0999999999999996,14.729434434339607,95.21534632431516,14.326109459546435,14.16317454371256,15.31846763857544,95.43128794572765,15.20328000906159,0.9033598157959966,96.54216983794232,True,95.21534632431516,14.326109459546435,GNSS + DR
7.0,96.48310342112256,14.32610945954644,14.096692821975374,0.2609143437882843,-0.2041083438631563,0.0388710835024749,20.00012869363089,85.00092234678176,92.6560444511088,18.937006421299373,20.00017011402304,85.0008857613549,1,-0.1971596578921982,0.6023478908927217,0.0319958177426031,0.0999999999999996,14.9492907134941,96.57730466483754,14.689753466581887,14.121179095508616,15.679835561581744,96.79085659967268,15.58492128786198,0.9202879207765222,97.95183912013984,True,96.57730466483754,14.689753466581887,GNSS + DR
7.1000000000000005,97.84506176164496,14.689753466581893,14.07617896143756,0.2648014521385318,-0.2058821029747903,0.0392648000610189,20.00013196030059,85.00093536665621,94.44520011963452,19.037787870290803,20.0001710193582,85.00090286509548,1,-0.1975437358059414,0.6090332546491964,0.0460681534676581,0.1000000000000005,15.17200561647334,97.93585931201258,15.058151908738326,14.10351321715749,15.889407336658785,98.14732113604948,15.971049261748174,0.9370686635233276,99.3594570162836,True,97.93585931201258,15.058151908738326,GNSS + DR
7.2,99.20361640882,15.05815190873833,14.055516401380416,0.2687279321446337,-0.2070830721387917,0.0395509631673763,20.0001352696801,85.00094835399246,96.44525955081517,13.933317839190924,20.00012516512373,85.00092198500678,1,-0.1606957486411942,0.6142677468404361,0.0310330039067432,0.0999999999999996,15.39697634916548,99.2909648843424,15.431333233211268,14.087127355660384,15.840734645688109,99.50253683867533,16.35557750609733,0.9481509203828992,100.76500865642163,True,99.2909648843424,15.431333233211268,GNSS + DR
7.300000000000001,100.55872198114984,15.431333233211271,14.0347623470098,0.2726830284613713,-0.207713136722285,0.0397288569630813,20.000138622024977,85.00096130835668,102.05020421331112,16.55049018851381,20.00014867558296,85.00097556643699,1,-0.1485046830546705,0.4909556147481612,0.0327387530379311,0.1000000000000005,15.623586675682285,100.64258517073742,15.809312257465129,14.094705561890876,16.179544523447408,100.85618281675193,16.7483240080564,0.9629989730687238,102.16848489112262,True,100.64258517073742,15.809312257465129,GNSS + DR
7.4,101.91034226754483,15.809312257465132,14.01397377403596,0.2766559141576794,-0.2077749994720612,0.0397994070825043,20.000142017468324,85.00097422940271,102.33761947575654,13.938510189690492,20.00012521176741,85.00097831403251,1,-0.2231558747770912,0.5196970006810234,0.0343881757230164,0.0999999999999996,15.851216258568629,101.99069331964472,16.192090297905526,14.066822288757372,16.257676155179894,102.20661513730718,17.14213543581655,0.97427305998423,103.5698822685262,True,101.99069331964472,16.192090297905526,GNSS + DR
7.5,103.25845041645216,16.19209029790553,13.993207347115389,0.2806358548659298,-0.2072721763579554,0.0397651726241053,20.000145456021965,85.00098711687387,105.32990647865546,16.262156246249198,20.000146085435087,85.00100691931353,1,-0.1754481385772439,0.685118377563626,0.0403220781021484,0.0999999999999996,16.079250063863686,103.33527195827732,16.57965552225685,14.057017054196743,16.58275336128087,103.5538516371932,17.543322546769335,0.9881453385852272,104.96920300323772,True,103.33527195827732,16.57965552225685,GNSS + DR
7.6,104.60302905508476,16.579655522256857,13.972519338764368,0.2846123721283404,-0.2062089913005582,0.0396303188550416,20.00014893757961,85.00099997060407,103.32127111607517,14.780407174900263,20.000132774656706,85.00098771741914,1,-0.2777899697337096,0.5313749585996151,0.0540000088109336,0.0999999999999996,16.307087720160727,104.67631323633196,16.97198351931426,14.013974285837635,16.717125302792898,104.8960211924932,17.946430023339804,0.9989081915812656,106.36645493711418,True,104.67631323633196,16.97198351931426,GNSS + DR
7.7,105.94407033313938,16.971983519314268,13.951965548855275,0.2885754040138445,-0.2045905697905858,0.0394005709443473,20.00015246192197,85.00101279051827,106.41968940636951,21.832194446722426,20.00019612193957,85.0010173372804,1,-0.164004880582056,0.6102574599775974,0.0501845529245157,0.1000000000000005,16.534152721275888,106.01381878954145,17.36903807715014,14.00513634267681,17.277163267646294,106.23334260147752,18.362374597582377,1.0173043530976265,107.76165149199971,True,106.01381878954145,17.36903807715014,GNSS + DR
7.800000000000001,107.28157588634886,17.369038077150144,13.93160122480625,0.2925154611082793,-0.2024228314086773,0.0390831492310392,20.00015602872375,85.0010255766321,109.15834706825088,18.46013252817903,20.000165830191968,85.00104351794823,1,-0.134315369310743,0.5401439686131396,0.0493131025135125,0.1000000000000005,16.759901363827577,107.34779961953473,17.770772158453568,13.9941130326856,17.31445608637902,107.56934061648546,18.77886145164945,1.0321455500006362,109.15481161448035,True,107.34779961953473,17.770772158453568,GNSS + DR
7.9,108.61555671634213,17.770772158453568,13.911480982573542,0.2964237760313832,-0.1997124812559647,0.0386866867390957,20.000159637562405,85.00103832905073,107.6875170971814,17.1166847741403,20.00015376179546,85.00102945729675,1,-0.1837159126000085,0.5721727438130894,0.0326974410831903,0.0999999999999996,16.98383131392943,108.67827588774212,18.177129059492422,13.955294051779138,17.451126944713764,108.90063813558798,19.197369798457103,1.044191617812678,110.54595971273767,True,108.67827588774212,18.177129059492422,GNSS + DR
8.0,109.94603298454956,18.177129059492422,13.891658728555058,0.3002924447052928,-0.1964670003070168,0.0382211298490457,20.000163287928554,85.0010510479669,111.3163586972218,21.75798477506156,20.00019545530275,85.00106414783066,1,-0.0756406505000115,0.5292921819690525,0.0378079862946892,0.0999999999999996,17.20548970127892,110.00527662245403,18.58804373723033,13.950794233306206,17.884532487057378,110.2283036143137,19.62579829190787,1.0614497420283044,111.93512558559318,True,110.00527662245403,18.58804373723033,GNSS + DR
8.1,111.27303371926146,18.588043737230333,13.872187582512138,0.3041145576901974,-0.1926946346985492,0.0376976232237047,20.00016697923791,85.0010637336581,109.28725589606152,12.076197507844098,20.00010848232796,85.00104475027429,1,-0.2067565570703517,0.5810255585050808,0.0454176342925366,0.0999999999999996,17.424480644136104,111.32883933957322,19.00344428741784,13.908949063690804,17.598888332666792,111.55409981860032,20.04633730943496,1.066943362500336,113.32234434384439,True,111.32883933957322,19.00344428741784,GNSS + DR
8.200000000000001,112.59659643638066,19.00344428741784,13.853119801615348,0.3078843200125679,-0.1884043839685656,0.0371283802613616,20.000170710844543,85.00107638648299,111.50743489668544,12.961136502821972,20.0001164318702,85.00106597445638,1,-0.1475323632034025,0.5511826056664089,0.0358451804074775,0.1000000000000014,17.640472114975367,112.6490095790564,19.42325355501684,13.895858724684048,17.838356725745573,112.8768806989886,20.472012818999456,1.0732293515779925,114.70765632400592,True,112.6490095790564,19.42325355501684,GNSS + DR
8.3,113.91676667586384,19.42325355501684,13.834506705718423,0.311597158038704,-0.1836059882620766,0.0365265405114934,20.00017448205536,85.00108900687691,112.77155299386884,21.81076952067616,20.000195929476188,85.00107805901023,1,-0.1553972255953744,0.5129121809607396,0.0387428761084824,0.0999999999999996,17.853202063888652,113.96584036046988,19.84739085711096,13.876871947838458,18.47257786217162,114.19306788096692,20.91170254205777,1.0882976195809464,116.09110699457779,True,113.96584036046988,19.84739085711096,GNSS + DR
8.4,115.23359745727733,19.84739085711096,13.816398603962933,0.3152498120898533,-0.1783099145207245,0.0359060156341114,20.00017829214557,85.00110159534671,111.6460785205102,20.028796201463063,20.0001799217375,85.0010672998439,1,-0.1533247978928949,0.4735832182969727,0.0453196025594109,0.0999999999999996,18.06248372504087,115.27939156244828,20.27577379750067,13.842481811051153,18.57155399225848,115.50523362066004,21.352569980715227,1.1002248204084295,117.47274685497406,True,115.27939156244828,20.27577379750067,GNSS + DR
8.5,116.54714865925574,20.27577379750067,13.79884472281428,0.3188404136532645,-0.1725273416756589,0.0352813256124944,20.000182140375,85.00111415246481,118.00806610161248,21.027112698282952,20.000188889767177,85.00112811835577,1,-0.1482434500758963,0.5302302436164874,0.0367935988004814,0.0999999999999996,18.268210040537404,116.58972923210024,20.70832015147264,13.858584172429993,18.80577698557652,116.81711042829956,21.79931688246248,1.1144398034059786,118.85263132725548,True,116.58972923210024,20.70832015147264,GNSS + DR
8.6,117.85748632890773,20.70832015147264,13.7818931356278,0.3223685462145139,-0.1662701448635495,0.0346674270389349,20.000186026005004,85.00112667886259,116.44927930829954,16.729131841516995,20.00015028034824,85.00111321686596,1,-0.1309148933630759,0.4471468347856456,0.0419280229299552,0.0999999999999996,18.47035714585968,117.89692483151472,21.14494979875971,13.822505088823746,18.77139773036189,118.1258390580579,22.244115536862907,1.1227497686189056,120.23082064081825,True,117.89692483151472,21.14494979875971,GNSS + DR
8.700000000000001,119.1646819283222,21.144949798759715,13.76559069384157,0.3258352889184074,-0.1595508786875576,0.0340795353830006,20.00018994831586,85.00113917522322,119.20216428450529,21.075248666208616,20.00018932217993,85.00113953354223,1,-0.0871529415143727,0.5204989872247201,0.0550068199431963,0.1000000000000014,18.668986871450542,119.20105442945687,21.58558668245771,13.815840576216123,19.165501814822992,119.4308477304936,22.697686780596293,1.1355930562843393,121.60737971020244,True,119.20105442945687,21.58558668245771,GNSS + DR
8.8,120.46881152626432,21.585586682457706,13.74998295989029,0.3292432424567075,-0.1523827595462368,0.0335329432207055,20.000193906624336,85.00115164227387,121.91105150298206,27.59611491366173,20.000247900118094,85.00116542961439,1,-0.0534959477324995,0.6224016433315154,0.0368143552308356,0.0999999999999996,18.864248225971817,120.50219784707596,22.030160771625347,13.809597893068409,19.66477463753202,120.7312666479151,23.162402369849207,1.155181177247277,122.98237800619145,True,120.50219784707596,22.030160771625347,GNSS + DR
8.9,121.76995494388342,22.030160771625347,13.735114141932325,0.3325965367787781,-0.1447796470544027,0.0330428364501229,20.000197900301327,85.00116408077761,123.10954847197326,24.50275963101293,20.0002201120348,85.0011768868518,1,-0.1148921592796105,0.5513556327787413,0.049836214547315,0.0999999999999996,19.056377838091645,121.8004377669681,22.478610005449564,13.794044765452924,19.680007781061025,122.03009750213216,23.62693990551987,1.1710700890002717,124.35588942038468,True,121.8004377669681,22.478610005449564,GNSS + DR
9.0,123.06819486377556,22.478610005449564,13.721027030479409,0.3359008204237904,-0.1367560245816257,0.0326241105438456,20.000201928789338,85.00117649152489,125.06435019069392,22.987729640878,20.00020650228884,85.00119557411423,1,-0.065990220973044,0.513553696962163,0.0432178112169192,0.0999999999999996,19.245699345264956,123.0958588152315,22.93088219719656,13.784334732658865,19.77115532703637,123.32727395156242,24.093214609169305,1.1851453924499893,125.72799212343263,True,123.0958588152315,22.93088219719656,GNSS + DR
9.1,124.36361591203897,22.93088219719656,13.707762937015998,0.3391632314781749,-0.1283269789347496,0.0322911888910187,20.00020599161956,85.00118887532466,124.06815945851068,21.613720466881748,20.00019415935442,85.001186050858,1,-0.1334153262480887,0.4683595973854322,0.022618768956151,0.0999999999999996,19.43262172971801,124.38854662622788,23.38693687667664,13.75579322732581,19.866763643202276,124.62098624517894,24.56068329739869,1.1965403614654793,127.09876841713422,True,124.38854662622788,23.38693687667664,GNSS + DR
9.2,125.65630372303534,23.38693687667664,13.69536163469246,0.3423923503672768,-0.1195081792124685,0.0320578452614058,20.00021008842845,85.0012012329956,124.38640878690288,22.20321832106846,20.000199454903743,85.00118909321706,1,-0.0512104065761569,0.3721061527337885,0.0260364749687705,0.0999999999999996,19.61763661360952,125.67858689962706,23.846747050616045,13.736895668451576,20.05845068582911,125.91135222295524,25.031829420652,1.2077251009704588,128.46830458060347,True,125.67858689962706,23.846747050616045,GNSS + DR
9.3,126.94634399643454,23.84674705061605,13.683861301173504,0.3455981348934174,-0.1103158548609073,0.0319370323813244,20.00021421897352,85.00121356535693,126.70718936371534,17.459153383015995,20.00015683824332,85.00121127911719,1,-0.1184154310522568,0.4009076016821211,0.0286010735506254,0.1000000000000014,19.801314536985725,126.96606445898264,24.31030086114227,13.732266936955376,19.98193485360572,127.20191123512504,25.50109372611894,1.2139239469983705,129.83669071072083,True,126.96606445898264,24.31030086114227,GNSS + DR
9.4,128.2338215557901,24.310300861142267,13.673298463720275,0.3487918381315498,-0.1007667729600747,0.0319407185467488,20.00021838314825,85.00122587321957,123.171818253916,25.08322212390575,20.00022532641809,85.00117748213046,1,-0.0162337761556681,0.5308746206405177,0.0283923693774209,0.0999999999999996,19.98430025354797,128.25106232059017,24.77760312354191,13.689551775041116,20.52294631668615,128.48398137378217,25.981025427071284,1.2257554919199054,131.20402055709286,True,128.25106232059017,24.77760312354191,GNSS + DR
9.5,129.51881941739762,24.777603123541905,13.66370794658149,0.3519859099862247,-0.090878214772383,0.032079734113144,20.000222580995896,85.0012381573771,125.17748200012836,27.314052448987468,20.000245366307865,85.00119665561718,1,0.0496538290972789,0.4288403139197489,0.0361768366520759,0.0999999999999996,20.16730709028237,129.53366078074782,25.24867672553624,13.684765697133027,20.794129556554648,129.7633181922915,26.466849908402427,1.2396323770099245,132.570391351751,True,129.53366078074782,25.24867672553624,GNSS + DR
9.6,130.80141787755528,25.24867672553624,13.6551228207658,0.3551938833975391,-0.0806679515854291,0.032363629595585,20.00022681272206,85.00125041859715,126.83331904049209,20.5218187440244,20.00018435063436,85.00121248487547,1,-0.0567721459839987,0.4369667321452826,0.0435100700764032,0.0999999999999996,20.35111042754087,130.81393652880715,25.72356387153314,13.678668828518711,20.61476752846528,131.0435989449348,26.948452445370425,1.246233061549371,133.93590363382756,True,130.81393652880715,25.72356387153314,GNSS + DR
9.7,132.08169362561463,25.72356387153314,13.647574356264403,0.3584302463570976,-0.0701542198819993,0.032800546987594,20.00023107870588,85.00126265761284,129.0899531428102,23.73931319461269,20.000213253878773,85.00123405755637,1,-0.1497813944223697,0.4693653801551332,0.0503521311546412,0.0999999999999996,20.53654036609604,132.09196179261068,26.202327156651787,13.677629419712376,20.93732783225002,132.32105104876163,27.437217816339142,1.255960520345632,135.300661069454,True,132.09196179261068,26.202327156651787,GNSS + DR
9.8,133.35971888941816,26.20232715665179,13.6410919767894,0.361710301055857,-0.0593556958712859,0.0333971057642608,20.000235379509643,85.00127487511463,134.55904156958846,22.72993325995152,20.000204186464543,85.00128634024557,1,-0.0567593425335271,0.4324706785465183,0.0414788566515116,0.1000000000000014,20.72447365690701,133.3678035221017,26.68505045677485,13.69908746132387,21.050853962072,133.59953480102362,27.929284141067985,1.2656290320470966,136.66477026713298,True,133.3678035221017,26.68505045677485,GNSS + DR
9.9,134.63556061890915,26.68505045677484,13.635703217090146,0.3650500116322831,-0.0482914694161795,0.0341583048761536,20.000239715886828,85.00128707174255,131.91912345282898,23.78899687234855,20.000213700194845,85.00126110349538,1,0.0433022872982856,0.4344340709625328,0.0347015093156215,0.0999999999999996,20.915824977731432,134.64152261610118,27.17183962245824,13.667593635982946,21.27102229851012,134.8731834438183,28.425117069271483,1.2745081787847858,138.02834058884198,True,134.64152261610118,27.17183962245824,GNSS + DR
10.0,135.90927971290864,27.17183962245824,13.631433682906165,0.3684658421198984,-0.0369810173924101,0.0350874418670234,20.000244088788303,85.00129924807878,134.77479205079047,27.332284502923933,20.000245530089188,85.00128840274931,1,0.0206728219588521,0.5057684332740837,0.0192650294307246,0.0999999999999996,21.1115376482039,135.91317319651418,27.66282296621844,13.673870431825378,21.619559892227183,136.1443758472992,28.928919807648267,1.287033751542127,139.39148395713258,True,135.91317319651418,27.66282296621844,GNSS + DR
10.1,137.18093029332164,27.662822966218435,13.628307013611664,0.3719745863066008,-0.0254441765158208,0.0361860500622487,20.000248499366723,85.00131140464069,141.07861518667983,21.40961650125301,20.000192325857306,85.00134866522819,1,0.0170015034179306,0.4785781271246455,0.0418919458164221,0.0999999999999996,21.31257388149301,137.18280193358677,28.15815153451636,13.704291579567386,21.49991355824474,137.41944796929775,29.431181851486038,1.2948388062386962,140.75431465849377,True,137.18280193358677,28.15815153451636,GNSS + DR
10.2,138.4505590303942,28.15815153451636,13.626344847603,0.3755931913128256,-0.0137011156752198,0.0374538545783945,20.00025294897896,85.00132354187444,137.38176711720993,30.000962849587545,20.000269503234662,85.00131332457477,1,0.0667323021225221,0.5033082093682337,0.0427115565153444,0.0999999999999996,21.519904676074603,138.4504474253133,28.65799915766088,13.669219568181774,22.112045241828163,138.68583215610352,29.945717299671987,1.309054614885761,142.11694914325403,True,138.4504474253133,28.65799915766088,GNSS + DR
10.3,139.7182045221208,28.65799915766088,13.62556679047662,0.3793385767706651,-0.0017723078084319,0.0388887476993175,20.000257439186555,85.00133566014902,141.93075122752205,30.919564367461923,20.000277755172498,85.0013568113689,1,0.0524503641539891,0.520821677867695,0.0457180352347071,0.1000000000000014,21.73449945545848,139.71613963371212,29.162562272856565,13.690317101845965,22.34757771594853,139.95204178640026,30.466256439060004,1.324865391138201,143.4795058223017,True,139.71613963371212,29.162562272856565,GNSS + DR
10.4,140.9838967305196,29.162562272856555,13.625990386041314,0.3832274515405969,0.0103214986399091,0.0404867839531888,20.00026197175414,85.00134775975086,138.18304369048997,28.409254508745818,20.000255204675355,85.00132098451566,1,0.1012077580124659,0.607790539599607,0.0665491869302222,0.0999999999999996,21.95731556683048,140.97989938045652,29.672059517710217,13.657318032441118,22.419650178624945,141.21454514356842,30.98712939049012,1.3358395878396927,144.84210486090583,True,140.97989938045652,29.672059517710217,GNSS + DR
10.5,142.247656477264,29.67205951771021,13.627631090204602,0.3872761299359157,0.0225593086395736,0.0422421950099248,20.00026654864576,85.001359840879,141.6313438036611,22.22993398775658,20.00019969489466,85.00135394913225,1,0.0985304924719229,0.5940547655109691,0.0596481604718555,0.0999999999999996,22.189287751488045,142.24173790427636,30.18673109367999,13.673522339047253,22.317181474990363,142.4794770726205,31.506358960554063,1.3408719622676806,146.20486796992628,True,142.24173790427636,30.18673109367999,GNSS + DR
10.6,143.50949500108388,30.186731093679985,13.630502247769227,0.3915003494369082,0.0349199098356844,0.0441474243021757,20.00027117201919,85.00137190364087,140.6594288363521,27.197475215672817,20.00024431907676,85.00134465794436,1,0.1410049324725324,0.622822967789336,0.0569980334846756,0.0999999999999996,22.431317700631777,143.50165648261867,30.70683790118426,13.661501806671016,22.781854906731414,143.73904817852105,32.03536457991671,1.3495695437387711,147.5679181947032,True,143.50165648261867,30.70683790118426,GNSS + DR
10.7,144.7694135794262,30.70683790118425,13.63461507217174,0.3959150918671258,0.0473819021090538,0.0461931810575915,20.000275844218137,85.0013839480487,143.7523143517245,34.40554370349234,20.00030907025767,85.00137422491412,1,0.0953217063043665,0.6896735375448398,0.0415724097568755,0.0999999999999996,22.684263809520573,144.7596461202662,31.232660450372013,13.67783441065373,23.369199099635978,144.9946295956066,32.57790199496017,1.3656105033899606,148.93137970192035,True,144.7596461202662,31.232660450372013,GNSS + DR
10.8,146.02740321707373,31.23266045037201,13.63997862819104,0.400534409972885,0.0599237273957431,0.048368513217908,20.000280567762463,85.00139597401649,148.5483276294459,22.89867760818629,20.000205702320816,85.00142007322594,1,0.1351866974704408,0.6826435061579944,0.0482385657259405,0.1000000000000014,22.94893124120894,146.01568730793258,31.76449755387341,13.706784790940189,23.03223209909965,146.25604430207989,33.11417844544486,1.3709157500403188,150.29537756473945,True,146.01568730793258,31.76449755387341,GNSS + DR
10.9,147.2834444047401,31.764497553873404,13.646599817650888,0.4053712612946757,0.072523699724778,0.0506608985138215,20.00028534533645,85.00140798135773,142.10148313516305,30.721927317292845,20.000275979768663,85.00135844350986,1,0.0871673460704887,0.7074363199978881,0.0547124524445364,0.0999999999999996,23.226062408079823,147.26974985424815,32.30266481017909,13.662053409187042,23.673933896250794,147.5072771249545,33.662752466444786,1.3806728928517165,151.66003754650453,True,147.26974985424815,32.30266481017909,GNSS + DR
11.0,148.53750695105566,32.30266481017908,13.654483368135995,0.4104373511460579,0.085160035433045,0.0530563527658846,20.000290179775167,85.00141996978381,149.84077788169324,28.762662474777304,20.00025837939313,85.00143242862589,1,0.0850869948550947,0.7779796041942365,0.050302281525781,0.0999999999999996,23.51632797519808,148.52179279498617,32.847492888617666,13.713171841006911,23.839327858427996,148.76159689841626,34.21700216226125,1.3903458773332964,153.0254858833181,True,148.52179279498617,32.847492888617666,GNSS + DR
11.1,149.7895498917937,32.84749288861766,13.663631824737497,0.4157429864226463,0.0978108835161251,0.0555395542929561,20.000295074049067,85.00143193890314,150.5027566987905,35.26120379337217,20.00031675678304,85.00143875692598,1,0.2131492655370737,0.8222819137468538,0.0655441995428073,0.0999999999999996,23.82031848418232,149.77176438380494,33.39932562918826,13.718386536784145,24.441004029420046,150.01050205478813,34.78460871799673,1.4057044183203025,154.39184906579186,True,149.77176438380494,33.39932562918826,GNSS + DR
11.2,151.03952148061248,33.399325629188255,13.67404554483922,0.4212969418519419,0.1104543560732551,0.0580939831331263,20.00030003124692,85.001443888221,149.2570716135221,31.37398377275787,20.000281837291467,85.00142684858567,1,0.1512645898893895,0.8170260962680607,0.0666630716252833,0.0999999999999996,24.138536689884727,151.0196021691543,33.958517972731855,13.712162545725285,24.537269597063208,151.25788559298113,35.354054347929065,1.4157332957055166,155.75925362027579,True,151.0196021691543,33.958517972731855,GNSS + DR
11.3,152.28735926596184,33.958517972731855,13.685722695952148,0.4271063401652545,0.1230685588049951,0.060702073619465,20.00030505455721,85.00145581714042,147.94918570279648,35.17038003493869,20.000315940899338,85.0014143456259,1,0.193312587098114,0.8647821354062973,0.0548189956889181,0.1000000000000014,24.47139069474796,152.26523316226152,34.525433739063814,13.70680153886438,25.031983797858302,152.49982013236448,35.93402217819629,1.4279889486266129,157.12782588987102,True,152.26523316226152,34.525433739063814,GNSS + DR
11.4,153.53299025906904,34.52543373906381,13.69865925660022,0.4331765475272011,0.13563162152181,0.0633453787061708,20.000310147248182,85.00146772496363,153.74937878221064,36.22181499657109,20.0003253861003,85.00146979356684,1,0.1718186222423796,0.8586572468894678,0.0803135457971321,0.0999999999999996,24.81918795735674,153.50857410122484,35.10044327270842,13.750101846754498,25.404007020232104,153.74187410980412,36.523899220542894,1.4424478255480988,158.49769181553103,True,153.50857410122484,35.10044327270842,GNSS + DR
11.5,154.77633119803235,35.10044327270842,13.71284902025651,0.4395110853978182,0.1481217286217173,0.0660047443113557,20.00031531264672,85.00147961089466,153.18785307084096,40.60912079189848,20.000364797938825,85.00146442556546,1,0.1487959460757191,0.8920789412040295,0.0720278476494443,0.0999999999999996,25.182130242508887,154.74953181615734,35.68392097774348,13.752259166075234,25.95756411846839,154.97836514219333,37.12584294592762,1.4599670042287716,159.86897671755668,True,154.74953181615734,35.68392097774348,GNSS + DR
11.6,156.01728891296486,35.68392097774348,13.728283602324565,0.4461115598289538,0.1605171494954582,0.0686604918321964,20.000320554116115,85.00149147404287,156.71531754702897,35.075095146717366,20.000315084940624,85.00149814696736,1,0.1910662941245783,1.0110480792458227,0.0563697803647739,0.0999999999999996,25.56030957019697,155.9880036999989,36.27624276494406,13.78293712655166,26.029868278645665,156.2168521853404,37.73069284656542,1.4723439371191367,161.24180507778914,True,155.9880036999989,36.27624276494406,GNSS + DR
11.7,157.2557607968064,36.27624276494407,13.7449524501556,0.4529776090121734,0.1727962688173701,0.071292606897727,20.000325875033266,85.00150331342734,157.32131723337673,37.4043758738119,20.000336009225403,85.00150394012535,1,0.2745959697057558,1.032160594984124,0.0757791783142773,0.0999999999999996,25.9537052103247,157.22387828901856,36.87778343587652,13.79538949306607,26.51011186576809,157.45134033994202,38.34645798750982,1.4861843503501175,162.6163003228047,True,157.22387828901856,36.87778343587652,GNSS + DR
11.8,158.49163538582607,36.87778343587652,13.762842856088035,0.4601068697019461,0.1849376166807204,0.0738809323551447,20.00033127876505,85.00151512798251,163.29697205978883,32.42261699849421,20.000291257324008,85.00156106542296,1,0.2426996203946916,1.069576583985956,0.0816929969143737,0.1000000000000014,26.3621817588972,158.4570359561412,37.48891402980094,13.844878433914454,26.63942343702809,158.68885917240854,38.96722664634293,1.496379028130161,163.99258460841352,True,158.4570359561412,37.48891402980094,GNSS + DR
11.9,159.7247930529487,37.48891402980093,13.781939973491744,0.4674949629374606,0.1969198985362119,0.0764053634378959,20.00033676864458,85.00152691656483,159.00672617052965,41.06015471968216,20.00036884964553,85.00152005208126,1,0.1413462405496889,1.0970568499901785,0.0911332870522533,0.0999999999999996,26.785488319941336,159.68734971903922,38.10999916015987,13.827152860942284,27.4640503544354,159.91574296837365,39.604923842194445,1.5122709020865628,165.3707786057627,True,159.68734971903922,38.10999916015987,GNSS + DR
12.0,160.95510681584673,38.109999160159866,13.80222683579528,0.4751354992812502,0.2087220248924826,0.0788460430385466,20.000342347947235,85.00153867796034,157.88461433798113,35.82847261594577,20.000321852645577,85.00150932506067,1,0.2279598020636748,1.120561134913645,0.0804712790072804,0.0999999999999996,27.2232588056568,160.91468616343607,38.74139436803109,13.831756885942845,27.60918247844609,161.14141549791458,40.24594009459919,1.5215334483498508,166.7510012893422,True,160.91468616343607,38.74139436803109,GNSS + DR
12.1,162.1824432602436,38.74139436803108,13.823684378470242,0.4830201035851049,0.2203231407382588,0.0811835550067854,20.000348019866887,85.00155041089367,162.72027016511254,37.05913187576785,20.0003329078458,85.00155555234224,1,0.3394378303734945,1.1870764356771184,0.0944629376812575,0.0999999999999996,27.675013355398352,162.13890648028644,39.383443520173216,13.87726989116937,28.09090023078519,162.36567055333705,40.899381565272826,1.5328046520698322,168.13336972718923,True,162.13890648028644,39.383443520173216,GNSS + DR
12.2,163.40666357709395,39.383443520173216,13.846291463942933,0.4911384590857834,0.2317026546457157,0.083399113412898,20.00035378749256,85.00156211403784,164.06665362900924,39.31670013562558,20.000353187926528,85.00156842332598,1,0.2510128115532179,1.2315238702005578,0.0902705332806002,0.0999999999999996,28.14016086217405,163.35986761345933,40.03647627917216,13.900691397622367,28.636823692946667,163.58569968214502,41.565580588222645,1.545690820055431,169.51799887358354,True,163.35986761345933,40.03647627917216,GNSS + DR
12.3,164.62762471026684,40.03647627917216,13.870024909399383,0.4994783704270732,0.2428402675151897,0.0854747457594713,20.00035965378564,85.00157378602529,168.70518743598817,35.34782324315262,20.0003175348988,85.00161276618579,1,0.1828163329284807,1.2610982530679788,0.0773241996690955,0.1000000000000014,28.618002583543245,164.57742351229575,40.70080567268285,13.947208660904192,28.88356993174227,164.80692156331537,42.23927444396042,1.5554920493586986,170.90500136452349,True,164.57742351229575,40.70080567268285,GNSS + DR
12.4,165.84518060910324,40.70080567268285,13.894859517445967,0.5080258450030204,0.2537160009220329,0.0873934681884789,20.00036562155812,85.00158542545981,168.35051434684698,41.38711575946966,20.000371786786523,85.00160937562754,1,0.3783684451931601,1.2392810674239991,0.0782418004536538,0.0999999999999996,29.107736802240392,165.79142648099673,41.37672578784495,13.96156174236426,29.64205230657973,166.0203658032664,42.92978522547517,1.569842931663421,172.29448731626806,True,165.79142648099673,41.37672578784495,GNSS + DR
12.5,167.05918357780425,41.37672578784495,13.920768109583792,0.5167651918218683,0.264310225026696,0.0891394508165535,20.00037169345182,85.00159703092949,168.12979675525278,44.27912460661998,20.00039776614401,85.00160726563985,1,0.3284298505173356,1.3402392607283335,0.105365049518047,0.0999999999999996,29.608464490661454,167.0017286142872,42.06450961562848,13.977905530766783,30.25358443160021,167.22778285648982,43.63403126902507,1.5857171062010385,173.68656412722643,True,167.0017286142872,42.06450961562848,GNSS + DR
12.6,168.26948571109472,42.06450961562848,13.947721562451308,0.5256791369035236,0.2746036860098755,0.0906981714372455,20.000377871919067,85.0016086010204,172.6593943847534,42.94331108612035,20.000385766327,85.00165056710559,1,0.3011030430692355,1.306455875516791,0.1076580132210632,0.0999999999999996,30.119195922651706,168.2081833062677,42.76440706814199,14.0269876202757,30.6631359961763,168.43435708558957,44.34939302832314,1.6010418709153496,175.08133628347156,True,168.2081833062677,42.76440706814199,GNSS + DR
12.7,169.4759404030752,42.76440706814199,13.975688846785769,0.5347489540472482,0.2845775329951294,0.0920565559542409,20.000384159204856,85.00162013433102,165.90965124010663,37.99771437560582,20.00034133927585,85.00158604177787,1,0.296006646191026,1.3481725919514846,0.1002856482582881,0.0999999999999996,30.638858165942523,169.41064681689312,43.47664318982922,14.001913585699311,30.900523531315716,169.6358055813627,45.06846002980383,1.6076620668673574,176.4789051681501,True,169.41064681689312,43.47664318982922,GNSS + DR
12.8,170.67840391370066,43.476643189829225,14.004637069050334,0.5439546096426723,0.2942133444222516,0.0932031040524901,20.0003905573308,85.00163162948728,168.75914931545142,43.10521530684024,20.000387220737355,85.00161328204364,1,0.3783309409118385,1.3493800405058023,0.1131601712642904,0.1000000000000014,31.166303379211318,170.60897987818538,44.20141658101585,14.04184203839534,31.647731985061863,170.83117371555588,45.80522885519481,1.6191306038033269,177.87936887505515,True,170.60897987818538,44.20141658101585,GNSS + DR
12.9,171.8767369749929,44.20141658101584,14.034531515670215,0.5532749200479213,0.3034931538352037,0.0941279987734367,20.000397068080943,85.00164308515778,169.09700915077633,46.42750328995432,20.00041706535809,85.0016165118727,1,0.3063939838238941,1.3633927006669742,0.1096940972638528,0.0999999999999996,31.700317829183952,171.80304932018126,44.93889804948477,14.065999996842104,32.31162216463088,172.01996652304845,46.557090025867645,1.6326660238179884,179.28282202662217,True,171.80304932018126,44.93889804948477,GNSS + DR
13.0,173.07080641698877,44.93889804948476,14.065335699817377,0.562687719925265,0.3123994750490144,0.0948231988342803,20.000403692989693,85.00165450006949,171.90137700752146,39.30493175158704,20.000353082209337,85.0016433207084,1,0.3998122962748139,1.326932524222169,0.1066594861290775,0.0999999999999996,32.239631535557,172.99272969481768,45.68922950270427,14.107539503754262,32.45793322066211,173.2103405408849,47.31421379788891,1.639490298819366,180.6893555966039,True,172.99272969481768,45.68922950270427,GNSS + DR
13.1,174.2604867916252,45.68922950270427,14.09701141068002,0.5721700398086931,0.3209153266618259,0.0952825127175706,20.00041043333182,85.00166587302316,170.13042834895626,42.46493146125113,20.000381468969707,85.00162639102084,1,0.3780250909480387,1.4082662109350987,0.0911693978302339,0.0999999999999996,32.782928444870414,174.1779048745369,46.45252309006497,14.119477687728894,33.12171354279776,174.3928633151456,48.08572944264118,1.64729175354101,182.0990567376719,True,174.1779048745369,46.45252309006497,GNSS + DR
13.2,175.4456619713444,46.45252309006497,14.12951876514974,0.5816982910804501,0.3290242558780853,0.0955016537543691,20.00041729011478,85.00167720290864,177.35111481178762,49.08215390230953,20.00044091249028,85.00169541841201,1,0.3712583521524529,1.5216571285705736,0.1178159412646925,0.0999999999999996,33.328857028882254,175.35846960142027,47.228860601065136,14.192221784086028,33.96033856949448,175.570000903858,48.878533762084025,1.6631797948799918,183.51200861418687,True,175.35846960142027,47.228860601065136,GNSS + DR
13.3,176.62622669822778,47.22886060106514,14.162816261855635,0.5912484564558871,0.3367103616101286,0.0954782756295851,20.00042426407329,85.00168848871971,175.95955860693147,48.039146903657006,20.000431542999,85.0016821155917,1,0.3739861018769084,1.3635015210011188,0.1058412899516678,0.1000000000000014,33.87604119854676,176.53433096218313,48.01829312188991,14.20837180791366,34.41655551367635,176.7421208453602,49.68159860196438,1.6762343975698937,184.92829024037243,True,176.53433096218313,48.01829312188991,GNSS + DR
13.4,177.80208805899065,48.01829312188991,14.196860837471766,0.6007962840188456,0.3439583168269333,0.0952119879496464,20.000431355666286,85.00169972956814,173.38966917548268,49.25420786827017,20.00044245807735,85.00165754829274,1,0.3652099149912244,1.3852610787514168,0.0963536002035302,0.0999999999999996,34.42309142142296,177.7054097644214,48.82084094933294,14.217444711581711,34.98488715874198,177.90696079283254,50.49677050901314,1.6880055408864778,186.3479763241196,True,177.7054097644214,48.82084094933294,GNSS + DR
13.5,178.97316686122895,48.82084094933295,14.231607925221024,0.6103174828138102,0.3507533901191806,0.094704351728092,20.000438565076085,85.0017109246969,175.92642961760632,54.39932537220288,20.000488677454275,85.00168179888945,1,0.4330353961296439,1.3554849393890704,0.093021651675039,0.0999999999999996,34.96861592827948,178.87164179011862,49.63649375758551,14.261296343596872,35.747540149422974,179.0644062699502,51.32993657979297,1.7043786952349258,187.7711371166417,True,178.87164179011862,49.63649375758551,GNSS + DR
13.6,180.13939888692616,49.63649375758553,14.267011515495602,0.6197879179866194,0.3570814664511346,0.0939588548616225,20.000445892209925,85.00172207349205,181.07994042927675,51.042152093104136,20.000458519453595,85.00173106476029,1,0.3438143248460429,1.346111069215452,0.1015266926767611,0.0999999999999996,35.511231893833695,180.0329789036003,50.46521101014082,14.323281792444606,36.081514810609626,180.22198516151764,52.1734857027581,1.7186988657029405,189.19783826819125,True,180.0329789036003,50.46521101014082,GNSS + DR
13.7,181.30073600040785,50.465211010140834,14.30302421851125,0.6291838034727816,0.3629290670709562,0.0929808678852443,20.000453336703668,85.00173317549344,183.815115704091,52.43887504144037,20.00047106642932,85.00175721213763,1,0.3118328107294457,1.4371300791267785,0.0812702770368598,0.0999999999999996,36.04957647697901,181.18938999285376,51.30692260600059,14.36978674986914,36.64825967854399,181.37489470146244,53.03121952223323,1.734246767978934,190.62814069004236,True,181.18938999285376,51.30692260600059,GNSS + DR
13.8,182.4571470896613,51.30692260600061,14.339597328909791,0.638481890261306,0.3682833685520492,0.091777580508029,20.00046089792758,85.00174423040366,188.44733976473665,59.43915918765559,20.000533951051736,85.00180149467835,1,0.429005374696673,1.3124049974203642,0.1037743132615577,0.1000000000000014,36.58231760750781,182.34086172538065,52.16152974658885,14.429531946743628,37.48892943659056,182.51983614222368,53.909412564364935,1.7570219653041306,192.06210042293338,True,182.34086172538065,52.16152974658885,GNSS + DR
13.9,183.6086188221881,52.161529746588855,14.37668089222166,0.6476596483121089,0.3731322209394605,0.0903579196383701,20.000468574994144,85.00175523809526,192.3502062202101,51.520116072317386,20.000462813077075,85.00183880479987,1,0.4346941373428179,1.3053429530575382,0.0858222114914298,0.0999999999999996,37.10816440921103,183.48739910247636,53.02890600732591,14.484958141541808,37.57609372549746,183.66783303081692,54.79272636330749,1.773025282016986,193.49976851215555,True,183.48739910247636,53.02890600732591,GNSS + DR
14.0,184.75515619928385,53.02890600732592,14.414223773097683,0.6566954402759458,0.3774641649765531,0.0887324498071679,20.000476366767664,85.00176619861604,185.99838449911184,50.635257716470434,20.000454864259225,85.00177808347028,1,0.4314762226021414,1.2296347462691124,0.0974385308954108,0.0999999999999996,37.62587715329711,184.62902579897172,53.908898595736886,14.472511961763203,38.00619473875434,184.80818619442996,55.6838664684939,1.783986938466844,194.94119088946528,True,184.62902579897172,53.908898595736886,GNSS + DR
14.1,185.89678289577927,53.90889859573691,14.452173725216973,0.6655686852566627,0.3812684483880879,0.0869132570869585,20.000484271875585,85.00177711219233,182.92816853568368,55.192287790478304,20.00049580075688,85.001748733214,1,0.4316548668689899,1.2482049042180572,0.0866970537133769,0.0999999999999996,38.13427664127783,185.76578427895615,54.801329776289215,14.482382962816336,38.6984461010149,185.93845995526584,56.58933617443806,1.796325073312235,196.386408261987,True,185.76578427895615,54.801329776289215,GNSS + DR
14.2,187.0335413757637,54.80132977628924,14.490477462775305,0.6742600109653585,0.3845350411975534,0.084913817782527,20.000492288721283,85.00178797923006,180.63740253356977,56.11830286445593,20.00050411929182,85.00172683424334,1,0.398508022280676,1.1750217682082496,0.08726963065528,0.0999999999999996,38.63225292275965,186.89773568174763,55.70599844088992,14.49783653716068,39.19810157716798,187.06199216753623,57.50560469980223,1.8070868491137813,197.83545600826454,True,186.89773568174763,55.70599844088992,GNSS + DR
14.3,188.16549277855515,55.70599844088996,14.529080733456482,0.6827513927436112,0.3872546500577556,0.082748853332097,20.000500415498166,85.00179880031372,188.96862716558667,54.125852265051336,20.000486220803555,85.0018064780147,1,0.4566287852770319,1.263855005623583,0.0801797546044463,0.1000000000000014,39.11877326088782,188.02495947629603,56.62268180312408,14.58443496270336,39.53976595209589,188.1867188955401,58.434069679824105,1.8185962030010987,199.2883640816102,True,188.02495947629603,56.62268180312408,GNSS + DR
14.4,189.29271657310355,56.6226818031241,14.567928392786854,0.6910262780768209,0.3894187315750486,0.0804341730059608,20.00050865020492,85.00180957620299,186.85389328717253,53.52549074445956,20.00048082766426,85.00178626185334,1,0.4171408252373215,1.3417441337757328,0.0838218786941528,0.0999999999999996,39.59288926643544,189.14755288620432,57.55113719386944,14.601669570880649,39.93802971350222,189.3062861761448,59.37143654864943,1.8272071580277207,200.7451569208889,True,189.14755288620432,57.55113719386944,GNSS + DR
14.5,190.41530998301184,57.55113719386947,14.606964479771491,0.699069695377417,0.3910195046086517,0.0779865061198172,20.0005169906616,85.0018203078273,189.1692382024728,64.4806704601397,20.000579239718046,85.00180839579032,1,0.3966638265678929,1.150812185111127,0.1018803015799908,0.0999999999999996,40.05374313062211,190.2656300915421,58.49110393585402,14.6486573345679,40.90021979393562,190.41350634337616,60.33054817840475,1.8453786894048363,202.20585336886603,True,190.2656300915421,58.49110393585402,GNSS + DR
14.6,191.5333871883496,58.49110393585405,14.646132293708584,0.7068683459893987,0.3920499615284711,0.0754233255916753,20.000525434526505,85.00183099627819,189.6970967911702,59.47163434701812,20.00053424278105,85.00181344194507,1,0.4064553959157012,1.0513221079976218,0.0942739218621617,0.0999999999999996,40.50057289658578,191.3793212175109,59.442305274996535,14.683890357727387,41.04959941714398,191.5208792549162,61.29485704757737,1.8579522997231248,203.67046659823689,True,191.3793212175109,59.442305274996535,GNSS + DR
14.7,192.6470783143184,59.44230527499657,14.685374472077186,0.7144106785485663,0.3925038784159707,0.0727626647627662,20.00053397931352,85.0018416427996,192.22470565506924,57.24544913079034,20.000514244619005,85.0018376050557,1,0.5235358633547623,1.143546962848925,0.0813074543127208,0.0999999999999996,40.93271671991019,192.4887711237168,60.40445034694307,14.73255865434886,41.32287391269988,192.6272952708537,62.26765016264101,1.8683421775886884,205.13900404544458,True,192.4887711237168,60.40445034694307,GNSS + DR
14.8,193.7565282205244,60.40445034694312,14.724633069391778,0.721686945024843,0.3923758241937847,0.0700229294734716,20.00054262240976,85.00185224877634,196.95446891288725,63.15224125378191,20.00056730623545,85.00188282003909,1,0.3356270200915131,1.024715694994261,0.0747699868178221,0.1000000000000014,41.34961607961337,193.5941380112346,61.3772361580349,14.795952674007532,41.98700562495531,193.72707334565968,63.25744324277992,1.8849006564442825,206.6114673523838,True,193.5941380112346,61.3772361580349,GNSS + DR
14.9,194.8618951080421,61.377236158034925,14.763849636915944,0.7286892379721901,0.391661168671833,0.0672227074340682,20.00055136109338,85.00186281572076,195.3330408103781,61.049800703350925,20.00054841969064,85.00186731971894,1,0.4466505738866229,1.0874332912706526,0.0806647193409971,0.0999999999999996,41.75081791241058,194.69559186773523,62.3603495609618,14.816990608264852,42.23444613967638,194.8241242563388,64.25339073448427,1.8973996573129932,208.0878523160754,True,194.69559186773523,62.3603495609618,GNSS + DR
15.0,195.96334896454272,62.36034956096184,14.802965303126143,0.7354115087155969,0.3903560894986757,0.0643805769565757,20.000560192551337,85.00187334525789,195.48744445342663,61.60170522200834,20.000553377533286,85.00186879576705,1,0.3364005681174898,0.9689219944939366,0.0806802808976513,0.0999999999999996,42.13597565475206,195.79331277364136,63.35346920651927,14.84979260638537,42.59804343780439,195.9172474880975,65.25850018360708,1.9090581020784745,209.56814884638803,True,195.79331277364136,63.35346920651927,GNSS + DR
15.1,197.06106987044885,63.35346920651931,14.841920854815678,0.7418495664112544,0.3884575780085963,0.0615149171178901,20.0005691138969,85.00188383910924,193.9541086119714,65.04028782226278,20.000584266846342,85.00185413758,1,0.4130459110924477,0.9114087468001324,0.0582167332958148,0.0999999999999996,42.50484918897496,196.8874890945173,64.35626745414461,14.871207779759162,43.08919011976213,197.0032786691892,66.27440592824298,1.9216301494874397,211.05234093186957,True,196.8874890945173,64.35626745414461,GNSS + DR
15.2,198.1552461913248,64.35626745414466,14.880656818727864,0.7480010581230434,0.385963443956383,0.0586437214056666,20.00057812218683,85.00189429907552,193.13119735721173,60.480620649449584,20.000543306659225,85.00184627081866,1,0.3942820696986737,0.893759215023526,0.0628693327293446,0.0999999999999996,42.85730370177017,197.97831558666223,65.36841222521363,14.897163159833775,43.163521361535416,198.08988417351685,67.29349531591805,1.928313370717741,212.54040661374236,True,197.97831558666223,65.36841222521363,GNSS + DR
15.3,199.2460726834697,65.36841222521367,14.919113543606954,0.7538654302636101,0.3828723191332539,0.0557844168572729,20.000587214438006,85.00190472701853,197.78714895624967,66.42629383696519,20.000596717550213,85.00189078018684,1,0.30862090429926,0.9001428871043669,0.0425648345615921,0.1000000000000014,43.19330747491874,199.0659914441284,66.38956878439335,14.959387385425488,43.74620155550632,199.1705649852929,68.32788484241729,1.9411349170794845,214.03231796810311,True,199.0659914441284,66.38956878439335,GNSS + DR
15.4,200.33374854093583,66.38956878439338,14.957231282554517,0.7594438719493374,0.3791836598587039,0.0529536906390552,20.00059638764345,85.00191512484251,200.1724008884809,72.12843320758863,20.0006479407397,85.00191358241194,1,0.4286355393803921,0.8106695666154091,0.0691847117416642,0.0999999999999996,43.51292863977076,200.15071831612255,67.41940143563913,15.006155631538151,44.29987186093052,200.24454698383855,69.37593528737659,1.9587824105499787,215.52804109635852,True,200.15071831612255,67.41940143563913,GNSS + DR
15.5,201.41847541293004,67.41940143563916,14.994950275578695,0.7647392410132429,0.3748977483451821,0.0501673259288062,20.00060563878756,85.00192549447516,206.7222651536697,68.81793442223109,20.00061820202313,85.00197619696321,1,0.3858958452355723,0.7574203226215144,0.0758175685058148,0.0999999999999996,43.81633093809669,201.23269832396664,68.4575751206729,15.080308873850294,44.38625758742628,201.3222468913648,70.43079075928985,1.975246542182913,217.02753612391643,True,201.23269832396664,68.4575751206729,GNSS + DR
15.6,202.50045542077407,68.45757512067293,15.032210832223551,0.7697559736061235,0.3700156929332099,0.0474400488596651,20.000614964860446,85.00193583784869,202.8912789851928,67.32893880932254,20.00060482614796,85.00193957399361,1,0.2950553758051477,0.7331872362005286,0.0532408751058959,0.0999999999999996,44.10376854261447,202.3121321065022,69.50375690897027,15.08481632265301,44.54733672704695,202.3972981968297,71.4889880591824,1.9870571161177648,218.53075720713875,True,202.3121321065022,69.50375690897027,GNSS + DR
15.7,203.57988920330968,69.5037569089703,15.068953414165335,0.77449997849209,0.3645394271969415,0.0447853881598366,20.00062436287135,85.00194615688115,206.52810773637884,67.98244106768557,20.00061069665863,85.00197434088207,1,0.4365178317356541,0.6412761685908459,0.0285352869108064,0.0999999999999996,44.37558000056979,203.38921692205284,70.55761736941704,15.138608204385797,44.79951420850556,203.47149857850488,72.55569707464437,1.9997731819958504,220.0376525485553,True,203.38921692205284,70.55761736941704,GNSS + DR
15.8,204.65697401886032,70.55761736941707,15.10511871766294,0.7789785173080737,0.3584717079210353,0.0422155489808674,20.00063382986094,85.00195645345825,203.1590872232429,69.32659744938175,20.000622771420847,85.00194213415242,1,0.4602220168204821,0.6875224592020164,0.0533044541466377,0.1000000000000014,44.63218137311117,204.464144833824,71.61883181487198,15.145132805692157,45.07063037710941,204.5411002147747,73.62793903274408,2.0105804991501914,221.5481644203216,True,204.464144833824,71.61883181487198,GNSS + DR
15.9,205.7319019306315,71.618831814872,15.140647755749544,0.7832000722061604,0.3518161119515817,0.0397413022493253,20.000643362912506,85.00196672941605,202.1770706313804,70.85694378072866,20.000636518755844,85.00193274639632,1,0.4563223290664103,0.542372729019567,0.0357004105878345,0.0999999999999996,44.87405865175432,205.53710100397632,72.6870814119086,15.166948880421204,45.33596425004715,205.60725845854475,74.70667439540458,2.0208111953910306,223.06222919589655,True,205.53710100397632,72.6870814119086,GNSS + DR
16.0,206.8048581007838,72.68708141190862,15.175481940053256,0.7871742024310929,0.3445770319253771,0.0373718907043095,20.000652959161904,85.00197698652467,203.90950781408668,71.55366181363381,20.00064277748042,85.00194930792681,1,0.3925248539579507,0.5749303797306177,0.0357383962876649,0.0999999999999996,45.101759540878334,206.60826211958653,73.76205414902034,15.206179604808607,45.545088560964594,206.67221983988532,75.79209423951563,2.031047355184992,224.5797773899019,True,206.60826211958653,73.76205414902034,GNSS + DR
16.1,207.876019216394,73.76205414902037,15.20956316213462,0.7909113915015239,0.336759670883211,0.0351149525981897,20.000662615806306,85.00198722647313,205.7003410227868,76.51098847224407,20.00068730990348,85.00196642770415,1,0.3690625778120668,0.602052349919067,0.0463807164960997,0.1000000000000014,45.31588470185645,207.67779497136615,74.84344565758408,15.245058640843906,45.95333141801763,207.73212348161763,76.88786903383716,2.0451451118187625,226.10073370611536,True,207.67779497136615,74.84344565758408,GNSS + DR
16.2,208.94555206817364,74.8434456575841,15.242833874229898,0.7944228867613429,0.3283700357746077,0.0329764638423509,20.000672330111502,85.00199745085595,215.33096126547915,69.64381834795715,20.000625621064664,85.00205849327078,1,0.4247778668193976,0.5478071742551409,0.0405220050974782,0.0999999999999978,45.51707856002427,208.7458552033925,75.93095988091062,15.335403268878602,45.75709719454292,208.8020772154792,77.98647949327533,2.0562883531885854,227.62501709353833,True,208.7458552033925,75.93095988091062,GNSS + DR
16.3,210.01361230019995,75.93095988091066,15.27523716928954,0.797720533145578,0.3194149298624893,0.0309606991756588,20.00068209941799,85.00200766116099,207.5494522625268,78.51696003214707,20.0007053298526,85.00198410460031,1,0.4335341091294942,0.5324480514845351,0.0310796114222727,0.1000000000000014,45.70601978016752,209.81258624927227,77.0243095877916,15.308809435705053,46.33531978772933,209.85905346325552,79.09390789954999,2.0701198936314094,229.15254081046731,True,209.81258624927227,77.0243095877916,GNSS + DR
16.400000000000002,211.08034334607973,77.02430958779163,15.306716860202396,0.8008166030631438,0.309901944038442,0.0290702127231018,20.00069192114552,85.00201785875946,213.5958109572888,75.88525001236395,20.00068168879925,85.0020419058037,1,0.3965803791822233,0.4717172315824335,0.0275741563970852,0.1000000000000014,45.88341151952145,210.8781184671632,78.12321672809989,15.373486644277124,46.32645854075007,210.92066724578453,80.2058508354789,2.083068703567053,230.68321249648758,True,210.8781184671632,78.12321672809989,GNSS + DR
16.5,212.14587556397063,78.1232167280999,15.33721755809723,0.8037236243354541,0.299839447060064,0.0273058380979142,20.00070179279632,85.00202804489751,209.4370940297096,79.25406008518603,20.00071195133503,85.00200214983566,1,0.282762566948574,0.5072828885631663,0.0335641986501225,0.0999999999999978,46.04997156937959,211.94256848297292,79.22741262923637,15.369159014535487,46.60651373723389,211.9765360084699,81.32265504577089,2.095517734793431,232.21693425229725,True,211.94256848297292,79.22741262923637,GNSS + DR
16.6,213.2103255797804,79.22741262923641,15.366684749614407,0.8064542081452455,0.2892365747238834,0.0256667079847894,20.00071171195686,85.00203822069008,216.0050446184032,75.84644889863382,20.00068134024292,85.00206493728625,1,0.3293038173846295,0.4706471700011601,0.0265720524596657,0.1000000000000014,46.20642249728738,213.0060387478947,80.33663803354679,15.435316209871893,46.53737431075726,213.03830249110996,82.44298615813439,2.106595208168847,233.75360272725874,True,213.0060387478947,80.33663803354679,GNSS + DR
16.7,214.27379584470216,80.33663803354682,15.395064873042006,0.8090208789437244,0.2781032179882814,0.0241502929269305,20.0007216762982,85.00204838711655,215.4286487430197,84.32253123409512,20.00075748218603,85.00205942713099,1,0.3300790252028528,0.4241023765254473,0.0180579215909004,0.0999999999999978,46.3534819014397,214.0686173132692,81.45064297826576,15.452763892364125,47.05277656146711,214.09113700420292,83.57410003709248,2.123576468404366,235.2931092145629,True,214.0686173132692,81.45064297826576,GNSS + DR
16.8,215.33637441007667,81.4506429782658,15.422305393212064,0.8114359082364175,0.2664500100628419,0.0227524588279936,20.000731683574887,85.00205854501867,214.8664607171024,85.18754785878143,20.000765252762584,85.00205405279809,1,0.2059691616169805,0.4272726573574789,0.02442682701321,0.1000000000000014,46.49185288731148,215.13037782263348,82.56918652107916,15.469172635258902,47.17869813133726,215.14259840096844,84.70872858922152,2.139576968441597,236.8353397538841,True,215.13037782263348,82.56918652107916,GNSS + DR
16.900000000000002,216.3981349194409,82.56918652107919,15.448354875054576,0.8137111541192169,0.2542883124816697,0.0214675424738075,20.00074173162249,85.00206869510043,216.27584734103465,85.44795809832941,20.000767592067564,85.00206752607134,1,0.3077563454627084,0.3991593921508654,0.0298634687063594,0.1000000000000014,46.6222148737504,216.19137971776368,83.69203631601454,15.497539624531868,47.26615345261291,216.1942516614496,85.84704434675929,2.155009944439912,238.3801752413896,True,216.19137971776368,83.69203631601454,GNSS + DR
17.0,217.4591368145711,83.69203631601455,15.4731630557084,0.8158579083665977,0.2416302001792658,0.0202884441803364,20.000751818353816,85.0020788379301,215.4947737282829,79.14777198863393,20.000710996532813,85.00206005926412,1,0.3852797914782353,0.3219532292816401,0.0235074095121401,0.0999999999999978,46.74521483177711,217.25166865258365,84.81896804606018,15.510067301799811,47.01800161540808,217.2516792619961,86.98171114660227,2.1627431005681097,239.9274915469604,True,217.25166865258365,84.81896804606018,GNSS + DR
17.1,218.5194257493911,84.8189680460602,15.496680915090428,0.8178867527846313,0.2284884455896829,0.0192067364858843,20.00076194175379,85.0020889739441,219.8576423538373,87.30633125925837,20.000784286117707,85.00210176685533,1,0.2904852538797225,0.2604457211574084,0.0100716505034025,0.1000000000000014,46.861459054219104,218.31127710601928,85.94976472064367,15.555602359120073,47.48582721487901,218.3028841866692,88.12833046176038,2.178581907907672,241.47715963846946,True,218.31127710601928,85.94976472064367,GNSS + DR
17.2,219.5790342028268,85.94976472064369,15.518860744826336,0.8198074264332197,0.2148765017904619,0.0182127876290826,20.00077209987315,85.0020991034529,218.2140837618044,87.16432998355081,20.00078301049854,85.00208605497497,1,0.3185471558625497,0.3336598212829599,0.0331034338428379,0.0999999999999978,46.97150554810521,219.3702251822595,87.08421584784138,15.55976107521952,47.53223381125057,219.3534408509793,89.27610759267594,2.1919560065955777,243.02904571295207,True,219.3702251822595,87.08421584784138,GNSS + DR
17.3,220.637982279067,87.0842158478414,15.53965621544852,0.821628705196128,0.2008084847141678,0.0172958983916841,20.00078229082101,85.00210922664874,216.96116498776524,82.2684021064437,20.00073902963012,85.00207407748297,1,0.239954221220603,0.3260767764856725,-0.0050922159777491,0.1000000000000014,47.07585713453666,220.42852158446024,88.2221164929033,15.565144100173177,47.33506644746678,220.40830585325705,90.42065856819482,2.198635015780304,244.58301133449694,True,220.42852158446024,88.2221164929033,GNSS + DR
17.400000000000002,221.6962786812677,88.22211649290331,15.55902244176917,0.8233582950352963,0.1862991544519676,0.0164444507384021,20.00079251275643,85.00211934361478,217.86246595830883,88.14922434159087,20.000791857955093,85.00208269362425,1,0.2126382382527765,0.3403831776382954,0.0169807991881178,0.1000000000000014,47.17495533260972,221.48616474571105,89.3632662363175,15.58346369028278,47.671310725044094,221.45766946174297,91.57273470415504,2.209652210547362,246.1389135786739,True,221.48616474571105,89.3632662363175,GNSS + DR
17.5,222.75392184251845,89.3632662363175,15.576916046338914,0.8250027401091365,0.1713638956745189,0.015646066556577,20.00080276387899,85.00212945433606,223.2716855956848,90.45686970341728,20.00081258788608,85.00213440398748,1,0.2204274651785677,0.2269014014549674,0.0144440820110379,0.0999999999999978,47.26917509498185,222.54314409909523,90.5074680461685,15.630367804693355,47.82385526833684,222.50711126094237,92.73107657389518,2.223900458654608,247.69660518330775,True,222.54314409909523,90.5074680461685,GNSS + DR
17.6,223.8109011959027,90.50746804616853,15.593295220904071,0.8265673467647943,0.1560186971969113,0.0148877746877581,20.000813042418727,85.00213955871153,228.548174965134,92.17569386763796,20.00082802834625,85.00218484549296,1,0.1452273647976896,0.2168279129246576,0.0213695634664723,0.1000000000000014,47.35882045294911,223.5994414669186,91.6545270809144,15.67487704603228,47.942231744022585,223.55713920208507,93.89488885553769,2.240761112390868,249.25593470539818,True,223.5994414669186,91.6545270809144,GNSS + DR
17.7,224.867198563726,91.6545270809144,15.608119785778296,0.8280561242335701,0.1402801307155687,0.0141561843525556,20.00082334662536,85.00214965656747,225.34717340444632,92.18631118176096,20.000828123723213,85.0021542449693,1,0.1220913713538493,0.2739464343996372,0.0247728024305829,0.0999999999999978,47.44412111854414,224.6550325476694,92.80424943988254,15.661319618049763,47.97071032358647,224.60568086256887,95.05821585514562,2.2545066400337253,250.81674668397596,True,224.6550325476694,92.80424943988254,GNSS + DR
17.8,225.9227896444769,92.80424943988255,15.621351247047189,0.8294717426688257,0.1241653287459243,0.0134376630003459,20.00083367475704,85.00215974767151,225.5668746661472,93.6779436904247,20.00084152328602,85.00215634524122,1,0.2174805566043926,0.2363561042251991,0.0297053110829562,0.1000000000000014,47.5252300802852,225.7098884780171,93.95644087972518,15.668978480524991,48.06891479281231,225.65273884442848,96.2239081167892,2.2681873273118507,252.37888180868072,True,225.7098884780171,93.95644087972518,GNSS + DR
17.900000000000002,226.9776455748245,93.95644087972516,15.63295285152748,0.8308155089688604,0.1076919617910476,0.0127185165673724,20.00084402506884,85.00216983174778,227.83512399363207,98.37727505648444,20.000883738097933,85.00217802895985,1,0.2063090789343735,0.1345398893105488,0.0105944678338508,0.1000000000000014,47.60222221792909,226.7639774461533,95.11090551575106,15.688669374319533,48.323263926767055,226.6959210513425,97.39570773726408,2.2858155796795008,253.94217709383346,True,226.7639774461533,95.11090551575106,GNSS + DR
18.0,228.03173454296075,95.11090551575104,15.642889639405396,0.8320873606255976,0.090878214772383,0.0119851701009849,20.00085439580112,85.00217990849212,231.94973976808123,98.78900724548306,20.00088743675112,85.00221736333533,1,0.0713228989930154,0.2362381013869186,0.0228509934743197,0.0999999999999978,47.675093950026856,227.81726633205005,96.26744452743742,15.719009674239532,48.35899903651346,227.74038820457676,98.57042515741377,2.3042634459909426,255.506466057774,True,227.81726633205005,96.26744452743742,GNSS + DR
18.1,229.0850234288575,96.26744452743742,15.651128494481958,0.8332858776356962,0.0737427627544562,0.0112243467044983,20.00086478516782,85.00218997758796,229.74317093294908,87.6662796660892,20.00078751958926,85.00219626926194,1,0.1521427029821494,0.1130525467892711,0.0181825305833129,0.1000000000000014,47.74376391638015,228.8697223497476,97.42585488750856,15.705516144509236,47.81370567331273,228.79508171733235,99.7341493377098,2.3095009185616746,257.0715789072222,True,228.8697223497476,97.42585488750856,GNSS + DR
18.2,230.13747944655503,97.42585488750854,15.657638191956288,0.834408312306146,0.0563047459969912,0.0104232427764546,20.000875191345138,85.00220003872184,228.90469775405384,96.47353922299548,20.00086663654797,85.00218825373373,1,0.0819567472166901,0.1459405365869802,-0.0016921509753775,0.0999999999999978,47.80807468577608,229.92131466660987,98.58592813373836,15.699419647339614,48.260458902550425,229.84026346520267,100.9056069283,2.3210943555117325,258.6373427264178,True,229.92131466660987,98.58592813373836,GNSS + DR
18.3,231.18907176341736,98.58592813373838,15.662389443681356,0.8354506365837915,0.0385837443681857,0.0095696975597233,20.00088561246041,85.00221009159903,234.50793789359705,98.09197505110652,20.00088117520438,85.00224181886925,1,0.0855741730927073,0.2474683986816398,0.0335751001140644,0.1000000000000014,47.867795467769184,230.97201597459863,99.7474492020992,15.734515217882556,48.34309781363759,230.88608720071605,102.08119291224789,2.335325129149994,260.2035816707859,True,230.97201597459863,99.7474492020992,GNSS + DR
18.4,232.2397730714061,99.7474492020992,15.665354940829925,0.8364076063397639,0.020599751154009,0.0086523550794224,20.0008960465817,85.00222013595845,233.52604238679092,94.4911534839183,20.000848828473888,85.00223243227067,1,0.0736106831257622,0.2567861642836011,-0.0007353961929795,0.0999999999999978,47.92262579590807,232.0218039890297,100.91019533904336,15.723930069599158,48.15981100999903,231.93496014128385,103.25263873808916,2.3440526725363027,261.77011716486885,True,232.0218039890297,100.91019533904336,GNSS + DR
18.5,233.28956108583725,100.9101953390434,15.666509393912158,0.8372728418477061,0.002373146299508,0.0076608166333842,20.00090649170797,85.0022301715871,237.89682906182523,101.19274451374034,20.000909029890387,85.00227421555584,1,0.0820906697057239,0.0892354373283554,0.0168557893564814,0.1000000000000014,47.972200138798016,233.07066285099577,102.07393510959808,15.747224513752078,48.48632759753286,232.9786842159878,104.4317870980289,2.359645326875443,263.3367681042601,True,233.07066285099577,102.07393510959808,GNSS + DR
18.6,234.3384199478033,102.0739351095981,15.665829570089826,0.8380389235110446,-0.016075330881744,0.0065857821038906,20.000916945760192,85.00224019833335,234.888123259469,105.82020842682962,20.000950599105984,85.00224545331649,1,0.0180605792114153,0.1167021631546644,0.0154853815458681,0.1000000000000014,48.01609338486967,234.11858441067173,103.23842751659669,15.719494258834263,48.70340705073124,234.01610323292343,105.6127980128115,2.3765810832134684,264.9033510612691,True,234.11858441067173,103.23842751659669,GNSS + DR
18.7,235.38634150747924,103.23842751659669,15.663294327735809,0.8386975017214336,-0.0347246094927022,0.0054191784835148,20.000927406573467,85.00225021611931,231.7129344123177,99.9787239378249,20.000898124158,85.00221509955391,1,0.0657834902723945,0.1170133137557606,0.0131755463068055,0.0999999999999978,48.05382713680424,235.16556937007144,104.40342124480443,15.6888049471014,48.39084195786565,235.05791162743475,106.78583734540338,2.384847304533908,266.4696804940426,True,235.16556937007144,104.40342124480443,GNSS + DR
18.8,236.43332646687892,104.40342124480448,15.658884648191286,0.8392394195697851,-0.0535533152944722,0.0041542741497617,20.000937871890187,85.00226022495167,232.328848869142,105.4126240608741,20.00094693771333,85.00222098749383,1,-0.008082673306476,0.18411264608716,0.0042085053281456,0.1000000000000014,48.0848767423576,236.21162826549207,105.5686540419592,15.681521464206371,48.635336883161074,236.09422358144133,107.9627649932674,2.396987923835039,268.0355689588618,True,236.21162826549207,105.5686540419592,GNSS + DR
18.9,237.4793853622996,105.5686540419592,15.652583664676914,0.8396548469847612,-0.0725397993660426,0.0027857775812443,20.000948339354498,85.00227022493117,242.43216915899333,102.82118361006988,20.00092365840768,85.00231757191767,1,-0.0113305857425659,0.0489611692703878,0.0160583040926493,0.0999999999999978,48.10867897992976,237.25678227186705,106.733852246882,15.73560222332154,48.47130545833529,237.1374862241064,109.140769590765,2.409871915122479,269.6008273253295,True,237.25678227186705,106.733852246882,GNSS + DR
19.0,238.52453936867457,106.73385224688204,15.644376688318076,0.8399334247428857,-0.0916621671431805,0.00130991938062,20.000958806508063,85.00228021626022,243.6955365310245,104.718116175843,20.00094069884285,85.00232964929484,1,-0.1033252967200428,0.026648671070084,-0.0092937553588109,0.1000000000000014,48.1246403097365,238.3010638135397,107.89873047287033,15.728850002733742,48.523853506184544,238.1792208321077,110.3192246092436,2.423558865870932,271.1652649941613,True,238.3010638135397,107.89873047287033,GNSS + DR
19.1,239.56882091034728,107.89873047287033,15.634251231248278,0.8400644166809477,-0.1108983077966385,-0.0002754833454334,20.00096927078721,85.00229019924879,239.03026327049943,112.33091137538044,20.001009085745675,85.00228505081463,1,0.0270346427386031,0.1031293020906114,0.0040662287678272,0.1000000000000014,48.1321455949377,239.3445169685488,109.06299145259932,15.680660846982628,48.8537546400632,239.21098206340213,111.50002942274104,2.4406936798388,272.72869011728613,True,239.3445169685488,109.06299145259932,GNSS + DR
19.200000000000003,240.6122740653564,109.0629914525993,15.62219702675875,0.8400368683464043,-0.1302259239098191,-0.0019709810033548,20.000979729521536,85.00230017431826,239.4627121019484,107.43531799226383,20.000965107882067,85.00228918488344,1,-0.0767346777495708,-0.0195305112063217,-0.0026097277688794,0.1000000000000014,48.13056719163575,240.3871976563676,110.22632604878328,15.66453328033603,48.549183518618975,240.2479379655602,112.674124174406,2.4517562940239057,274.29090981996205,True,240.3871976563676,110.22632604878328,GNSS + DR
19.3,241.6549547531751,110.22632604878324,15.608206046466314,0.8398397702460688,-0.14962256141545,-0.0037754644771541,20.00099017993402,85.00231014200321,246.0392876299017,111.61296351581512,20.00100263631032,85.0023520547856,1,-0.083972690148195,0.0071818579677869,-0.0055484438978244,0.0999999999999978,48.11927430233647,241.4291736021268,111.38841343291092,15.68743493231116,48.68860617568807,241.2835456315336,113.85245897815749,2.468345185517726,275.85173042460866,True,241.4291736021268,111.38841343291092,GNSS + DR
19.4,242.69693069893432,111.3884134329109,15.59227251447566,0.8394622237983534,-0.1690656397501122,-0.005686157380305,20.001000619142605,85.00232010295105,239.37579365280385,105.77475908472792,20.0009501908276,85.00228835397161,1,-0.2194749303106893,-0.132517263689535,0.0036013204942303,0.0999999999999978,48.09764248431223,242.47052407364168,112.54892143250956,15.62013160083479,48.31695976690308,242.32229893750832,115.0190251707074,2.474547063290708,277.4109576760562,True,242.47052407364168,112.54892143250956,GNSS + DR
19.5,243.7382811704492,112.54892143250956,15.574392918516292,0.838893608060323,-0.1885324821861012,-0.0076986277212882,20.00101104416334,85.00233005791955,241.05410011358168,118.1358741166942,20.001061232613218,85.00230439803019,1,-0.1996675833400562,-0.0984630902693412,0.0080761577059085,0.1000000000000014,48.06506320235837,243.5113393910121,113.70750704563036,15.606498378137177,48.8444108365676,243.34937204391863,116.1940778292537,2.4918402202977883,278.9683969679079,True,243.5113393910121,113.70750704563036,GNSS + DR
19.6,244.7790964878196,113.70750704563034,15.55456601803844,0.8381237452881941,-0.2080003462986113,-0.0098068188936065,20.001021451914983,85.00234000777216,246.7090768718867,115.51546438454984,20.00103769307209,85.00235845775079,1,-0.1161061619026747,-0.2055206538238702,-0.0082393765119752,0.1000000000000014,48.020953314711136,244.5517202121196,114.8638171196014,15.617432553932222,48.61135118165711,244.38193928051447,117.3657633236058,2.5077002158289647,280.5238535697118,True,244.5517202121196,114.8638171196014,GNSS + DR
19.700000000000003,245.81947730892705,114.86381711960136,15.53279284925657,0.8371430633988335,-0.2274464545270493,-0.0120030996865954,20.00103183922511,85.00234995347112,244.63566194034829,114.31631759165056,20.00102692095317,85.002338636585,1,-0.1831018986124191,-0.209213350028649,0.0008037112126623,0.1000000000000014,47.96476438140586,245.59177660094795,116.0174891895747,15.57490074679938,48.43738940500832,245.4152375084737,118.5311259730943,2.519828551833319,282.07713285463745,True,245.59177660094795,116.0174891895747,GNSS + DR
19.8,246.85953369775544,116.01748918957465,15.50907672713303,0.835942753430174,-0.2468480247890081,-0.0142783328020959,20.00104220283764,85.00235989606863,246.84416809759523,117.74412871957432,20.00105771350444,85.00235974917854,1,-0.3125370115304544,-0.1494836912056333,-0.0087809261476499,0.0999999999999978,47.89599168609419,246.6316268892453,117.16815247099495,15.558974289798629,48.482323662594176,246.44656579532167,119.69610613354908,2.534718392347565,283.6280405273507,True,246.6316268892453,117.16815247099495,GNSS + DR
19.9,247.8993839860528,117.16815247099493,15.483423244298768,0.8345149201499644,-0.2661823011044628,-0.0166219611563663,20.001052539421767,85.00236983669588,247.40905529047927,112.9386941841515,20.00101454555154,85.00236514931458,1,-0.1842678046552718,-0.2298601292886502,-0.0205492832487464,0.0999999999999978,47.814182865289865,247.67139634555468,118.31542899884118,15.53015438632828,48.10270995094769,247.48366539068024,120.85208250957888,2.5435907581519364,285.17638285178055,True,247.67139634555468,118.31542899884118,GNSS + DR
20.0,248.93915344236223,118.31542899884118,15.455840266912135,0.8328527240343278,-0.2854265841891301,-0.0190221110487472,20.00106284558217,85.0023797765504,249.95187708875903,121.86302122409916,20.001094714145346,85.00238945785586,1,-0.2826157244067663,-0.2799579969365509,-0.0166016319811578,0.1000000000000014,47.71894604314084,248.7112156690035,119.4589349053172,15.512591757888115,48.39632565440374,248.5136614099602,122.01204510843128,2.5607419617195726,286.7219668784718,True,248.7112156690035,119.4589349053172,GNSS + DR
20.1,249.97897276581105,119.45893490531718,15.426337927460942,0.830950512929453,-0.3045582619749964,-0.0214657110907313,20.0010731178705,85.00238971688164,254.2014183497522,118.48698057882788,20.001064386656232,85.00243008207468,1,-0.2039924126811608,-0.3385747943379134,-0.0194605699986474,0.1000000000000014,47.6099573750886,249.75121932838647,120.59828182658056,15.504487564687215,48.06135965876413,249.54987959995796,123.16536345526934,2.57496519871534,288.2646006712179,True,249.75121932838647,120.59828182658056,GNSS + DR
20.200000000000003,251.018976425194,120.59828182658052,15.394928614517138,0.8288039418203799,-0.3235548400161292,-0.0239386256132948,20.00108335279804,85.00239965897507,251.2907311458993,119.98607328143522,20.001077853235103,85.00240225686095,1,-0.2979466239463141,-0.3495662361083904,-0.0259052247383493,0.1000000000000014,47.486967910114,250.79154376993748,121.733078428079,15.446740312655171,47.95635748285673,250.5843423456564,124.31249234542427,2.5877226642780986,289.80409353266964,True,250.79154376993748,121.733078428079,GNSS + DR
20.3,252.05930086674505,121.73307842807895,15.361626959457716,0.8264100792590504,-0.3423939717388702,-0.026425801108551,20.001093546849347,85.00240960413505,253.9911172465756,120.25811158318253,20.001080296996744,85.00242807166521,1,-0.3021586374378436,-0.36088764037935,-0.0171409718219926,0.0999999999999978,47.34980968861544,251.83232551969635,122.86293203708514,15.424505735323256,47.77606134637062,251.62091547401604,125.45471383066818,2.6003897925047794,291.34025622861543,True,251.83232551969635,122.86293203708514,GNSS + DR
20.4,253.1000826165039,122.86293203708512,15.326449820169364,0.8237674991481954,-0.3610534884946226,-0.0289114241157709,20.001103696497008,85.00241955366677,246.94956631341083,121.12097782884835,20.00108804825611,85.00236075675086,1,-0.2721057595650401,-0.3639636806169104,-0.0215649622387233,0.0999999999999978,47.19840100123823,252.87369920847829,123.98745037006786,15.335446378148744,47.61130329082639,252.6547648544758,126.5873720380254,2.60912340276913,292.87290121063234,True,252.87369920847829,123.98745037006786,GNSS + DR
20.5,254.14145630528589,123.98745037006786,15.289416261758792,0.8208763567366183,-0.3795114293744994,-0.0313790888331897,20.001113798217062,85.00242950885723,253.99530109949552,126.0714622049531,20.0011325192139,85.00242811166146,1,-0.3943860779172325,-0.5810252852901852,-0.0422855858158839,0.1000000000000014,47.03275074308359,253.91579554909387,125.10624334159074,15.33844189372019,47.63695133482785,253.68830895068905,127.72071426279828,2.624349128887684,294.4018428368082,True,253.91579554909387,125.10624334159074,GNSS + DR
20.6,255.18355264590147,125.10624334159073,15.250547534294464,0.8177384478532993,-0.3977460707452085,-0.0338119726271912,20.00112384850533,85.002439470956,252.65386183502287,125.8739638919034,20.00113074505637,85.00241528794265,1,-0.4173884111369055,-0.5272391544923833,-0.0453272325795847,0.1000000000000014,46.8529618075728,254.95873929660007,126.21892494047496,15.283682928888608,47.39134783508844,254.7229945981801,128.8455854774642,2.6372184474195084,295.9268975902377,True,254.95873929660007,126.21892494047496,GNSS + DR
20.700000000000003,256.2264963934077,126.21892494047492,15.20986704760975,0.8143572505905802,-0.4157359554656814,-0.0361930175206536,20.00113384389419,85.0024494411557,252.5700572121368,128.17416936468405,20.001151408153696,85.00241448679797,1,-0.3955608764855867,-0.5125361724315015,-0.026946172988596,0.1000000000000014,46.65923347471781,256.0026472229568,127.32511515800056,15.23549078640128,47.25699569592827,255.75704424063107,129.9644881237978,2.6507754483374453,297.4478842949987,True,256.0026472229568,127.32511515800056,GNSS + DR
20.8,257.2704043197644,127.32511515800051,15.167400343201328,0.8107379488385148,-0.4334599217449231,-0.0385051156734429,20.001143780969983,85.00245942057265,254.6359472189781,127.2987310895438,20.001143543957863,85.00243423602797,1,-0.3621012817638619,-0.5589656604785002,-0.0416579799613883,0.0999999999999978,46.45186275954016,257.04762613748983,128.42444195194795,15.199837295862752,46.95054355611733,256.7946298131219,131.07523864392633,2.6628425117432606,298.9646243293188,True,257.04762613748983,128.42444195194795,GNSS + DR
20.9,258.3153832342975,128.42444195194793,15.123175063260764,0.8068874372711705,-0.4508971316013177,-0.0407312968209979,20.0011536563906,85.00246941022787,257.31301291219506,129.96404138517946,20.001167486847624,85.00245982789679,1,-0.4874409942319922,-0.5658177202512522,-0.0327108852699947,0.0999999999999978,46.23124469776503,258.0937709840165,129.5165432293146,15.166492594446748,46.80822466942661,257.832688958978,132.1809773951142,2.6771950335525494,300.4769418356448,False,,,Dead Reckoning
21.0,259.3615280808242,129.5165432293146,15.077220916881064,0.8028143075890707,-0.4680270988848978,-0.0428549156122125,20.001163466903293,85.00247941102903,262.10923570789225,128.2599969975395,20.00115217915644,85.00250567821155,1,-0.5214288288793526,-0.6027560157532962,-0.0300455998311206,0.1000000000000014,45.99787155757125,259.14116304436936,130.6010688295999,15.145538967728186,46.43504424598249,258.87648388856627,133.27841333911985,2.6903956359935632,301.984663927333,False,,,Dead Reckoning
21.1,260.4089201411771,130.60106882959988,15.029569643483786,0.7985288160278494,-0.4848297168243132,-0.044859836785651,20.00117320936252,85.00248942375315,256.4297419879584,137.29026435382852,20.0012332994283,85.00245138411684,1,-0.4136436704721236,-0.6594674343149284,-0.0525693651597066,0.1000000000000014,45.75233097797434,260.1898682763798,131.67768248966436,15.053041789128995,46.58679075418577,259.9110117129153,134.37189075164392,2.708600956565238,303.4876208916814,False,,,Dead Reckoning
21.200000000000003,261.45762537318745,131.6776824896643,14.9802549735162,0.7940428323492843,-0.5012852850607796,-0.0467306161435532,20.00118288074757,85.00249944903075,261.5495198509707,126.9738912403728,20.00114062587185,85.00250032751177,1,-0.5014342006891298,-0.6963792046992995,-0.0558459886893151,0.1000000000000014,45.49530304622799,261.2399358121807,132.7460637703749,15.030867603368089,45.76011348376341,260.9596612524316,135.44873983687924,2.717169805017344,304.98564638903304,False,,,Dead Reckoning
21.3,262.5076929089883,132.74606377037483,14.92931258647163,0.789369770734929,-0.5173745361322446,-0.0484526753259068,20.00119247817992,85.00250948733152,261.0551846089876,136.5288757410638,20.00122645975802,85.00249560182921,1,-0.5069858367782587,-0.7056402100780598,-0.0267083585019539,0.0999999999999978,45.22755633832083,262.2913966400032,133.8059099245881,14.96962919780496,45.91669693685528,262.0011035848789,136.5240518155089,2.733599348301053,306.47857764768014,False,,,Dead Reckoning
21.4,263.55915373681086,133.80590992458806,14.876780066289752,0.7845245032023382,-0.5330786613715954,-0.0500124684515968,20.00120199893991,85.00251953895172,262.576134453725,137.90963227675098,20.001238863305016,85.00251014161022,1,-0.5959191814686037,-0.6565873762355237,-0.0414967606219722,0.0999999999999978,44.94994295809162,263.34426248953133,134.85693768554634,14.920226604402512,45.65512907569976,263.0439909634433,137.59106518698,2.750566520459926,307.9662556543091,False,,,Dead Reckoning
21.5,264.612019586339,134.8569376855463,14.82269685419731,0.7795232563571786,-0.5483793361838085,-0.0513976387796045,20.00121144048293,85.00252960400346,267.6202930622528,132.30046126764952,20.001188475264527,85.00255836210991,1,-0.5523283019014076,-0.7684520152968994,-0.0505900453463372,0.1000000000000014,44.66339262156085,264.398524937408,135.8988849545151,14.892752010703404,45.03556880066601,264.0964136120523,138.64479531999223,2.7624798620339184,309.44852533972886,False,,,Dead Reckoning
21.6,265.66628203421567,135.89888495451507,14.76710419905299,0.7743834924792181,-0.5632587446672144,-0.0525971636494735,20.00122080045449,85.00253968240622,267.28062834522746,142.586705786183,20.0012808781712,85.00255511502677,1,-0.5336371094987719,-0.7498481323436155,-0.0569365681759361,0.1000000000000014,44.36890584365992,265.454154745736,136.93151236652122,14.82786650779307,45.20329688524332,265.14117526870655,139.69699745480966,2.783139221560316,310.92523575963423,False,,,Dead Reckoning
21.700000000000003,266.7219118425436,136.93151236652116,14.710045105263868,0.7691237761142707,-0.5776996035453941,-0.0536014860856361,20.001230076704363,85.0025497738805,270.73410616487183,139.9179832153571,20.00125690462845,85.00258812914053,1,-0.5011807106642494,-0.7493131673289604,-0.0537058945747089,0.1000000000000014,44.06754629451255,266.5111014424707,137.95460471340422,14.786793067412724,44.716869836954345,266.1919134568165,140.73740206467656,2.801043032235369,312.3962402701606,False,,,Dead Reckoning
21.8,267.7788585392783,137.95460471340417,14.651564278343912,0.7637636275057071,-0.5916851853775107,-0.0544026315933378,20.001239267299287,85.0025598779438,267.3153415015286,140.8680217338729,20.00126543896967,85.00255544687315,1,-0.6002466936892425,-0.68906610720713,-0.0613083549544709,0.0999999999999978,43.76043240167893,267.56929314855296,138.96797220410198,14.698474164758917,44.40610325270237,267.24196972625947,141.7659122779094,2.8170213487652767,313.86139669799496,False,,,Dead Reckoning
21.9,268.83705024536056,138.96797220410195,14.591708068188366,0.7583233643463734,-0.6051993410147283,-0.0549943088332381,20.00124837053434,85.00256999390898,266.74922241034847,139.0520387651796,20.001249125717106,85.00255003496056,1,-0.4923305350031034,-0.7874763128182187,-0.0411601870923322,0.0999999999999978,43.4487282832086,268.6286366525701,139.97145154318622,14.627789215954952,43.952931611262485,268.29503921896827,142.78117914774708,2.8294622209064824,315.32056750481377,False,,,Dead Reckoning
22.0,269.8963937493777,139.97145154318622,14.530524410140966,0.7528239334630495,-0.6182265212725913,-0.0553719930355745,20.00125738494261,85.00258012088497,269.2248172987362,139.3197730685302,20.001251530815274,85.00257370083466,1,-0.6224543224815813,-0.7266437636410232,-0.0581395045716377,0.1000000000000014,43.13363410387024,269.68901772976113,140.96490681015715,14.576047233803356,43.60105018013744,269.3505771202826,143.7863911992614,2.841710084456728,316.7736199458279,False,,,Dead Reckoning
22.1,270.9567748265687,140.96490681015715,14.468062763933847,0.7472867341594921,-0.630751797789566,-0.0555329912011509,20.00126630930312,85.00259025777981,271.6842652003824,140.33668032903833,20.001260665848623,85.00259721234886,1,-0.6349063878688247,-0.7118558320039868,-0.0395976453189882,0.1000000000000014,42.81637595345362,270.75030169838266,141.94823012390415,14.522912699759273,43.284964629397685,270.4077764755153,144.78212181350605,2.854516708077753,318.2204262222213,False,,,Dead Reckoning
22.200000000000003,272.01805879519014,141.94823012390412,14.404374050583051,0.741733435039377,-0.6427608830435361,-0.0554764883333128,20.00127514264674,85.002600403306,272.54777887055127,143.11982191286268,20.001285667234846,85.00260546725596,1,-0.5358930054486459,-0.7722918022153776,-0.0544827775310129,0.1000000000000014,42.49819535149732,271.8123342029164,142.92134207902797,14.457905517752126,43.056774940945246,271.4641831648994,145.76919588682932,2.869055673193014,319.66086362727964,False,,,Dead Reckoning
22.3,273.0800912997239,142.9213420790279,14.33951058732514,0.7361857862060458,-0.6542401494988059,-0.0552035741503563,20.001283884260165,85.00261055598796,269.8269270830238,147.1249009041296,20.001321645471567,85.00257945680644,1,-0.61366714188061,-0.7721281849410618,-0.0606370759865295,0.0999999999999978,42.18033848712676,272.8749422103985,143.88419194337595,14.367822825880474,42.89051642838184,272.51684969470654,146.7470693472436,2.8851858309943594,321.0948146860121,False,,,Dead Reckoning
22.4,274.14269930720604,143.88419194337592,14.273526020683292,0.7306654287910102,-0.665176647857324,-0.0547172499392368,20.00129253368766,85.00262071417153,274.41416865208964,144.42813459696018,20.001297420007653,85.00262330932931,1,-0.6627778843079029,-0.7674607743903392,-0.0539802658193748,0.0999999999999978,41.86404530584147,273.93793520335186,144.83675760912465,14.32533581631585,42.391242438520685,273.57485940178174,147.7128684579477,2.8989373315757434,322.5221672880804,False,,,Dead Reckoning
22.5,275.2056923001594,144.83675760912465,14.206475257753675,0.7251937037970865,-0.6755581243896458,-0.0540224154266858,20.001301090730625,85.00263087603544,275.8903772905761,142.10242673971277,20.001276527818508,85.00263742139907,1,-0.6533147809486755,-0.7502592648354316,-0.0752640832016999,0.1000000000000014,41.5505385570334,275.00110655045694,145.77904529300176,14.261039824356454,41.91382201356281,274.63609527483305,148.66552316478953,2.90946519753254,323.9428148138558,False,,,Dead Reckoning
22.6,276.2688636472645,145.77904529300176,14.138414395805365,0.7197914622544179,-0.6853730373217193,-0.0531258357605635,20.001309555444912,85.00264103960434,283.8212857598662,148.2523264801567,20.001331773307832,85.00271323827938,1,-0.5877193584446163,-0.6784030880775015,-0.0493335215273036,0.1000000000000014,41.241012916728245,276.06423503423594,146.71108898470996,14.238763876556044,41.864676976086,275.6964889486842,149.6157806161046,2.927878183417577,325.35665625343637,False,,,Dead Reckoning
22.700000000000003,277.3319921310434,146.71108898470993,14.069400650289332,0.7144788786783616,-0.6946105722553853,-0.0520360889100929,20.001317928135848,85.0026512027635,282.9625259648884,149.4745412238943,20.00134275264968,85.00270502881777,1,-0.5913004312741011,-0.6905660842873992,-0.0487372808213945,0.1000000000000014,40.9366242995097,277.1270865136715,147.632949646223,14.156937542514966,41.57479691146892,276.75555537980955,150.5552310407094,2.945804462619686,326.7635963184653,False,,,Dead Reckoning
22.8,278.394843610479,147.63294964622298,13.999492281354286,0.7092752697873523,-0.70326065660125,-0.0507634940061852,20.001326209351067,85.00266136327458,275.8351135588025,149.59692823156635,20.00134385207088,85.00263689309595,1,-0.7141003155647628,-0.6688986570556713,-0.0375160665407055,0.0999999999999978,40.63847947181812,278.18941569883543,148.54471416829313,14.03242741434311,41.23667840108529,277.8107842233574,151.4802079480604,2.959811738147391,328.1635455466007,False,,,Dead Reckoning
22.9,279.457172795643,148.54471416829313,13.928748518969082,0.7041989203867338,-0.7113139730044438,-0.0493200213500511,20.001334399871126,85.0026715187927,278.59502271099547,150.78121088786807,20.001354490662987,85.00266327692104,1,-0.6834356635083991,-0.7132273498540408,-0.0631830706298849,0.0999999999999978,40.34762607582891,279.25096801425013,149.4464940941533,13.9730008517381,40.95945091180766,278.8659884903907,152.3961727306047,2.9746954956984624,329.55642039849755,False,,,Dead Reckoning
23.0,280.51872511105773,149.44649409415334,13.857229486753395,0.6992669182517287,-0.7187619717452343,-0.0477191850174293,20.00134250069803,85.0026816668842,276.12839910554675,148.63370970367993,20.00133519933162,85.00263969680945,1,-0.6842541303618556,-0.679630201576125,-0.0311005214087939,0.1000000000000014,40.06504316894361,280.31148152781697,150.3384241239357,13.877960646716655,40.52440394941994,279.92089291062706,153.29792357273573,2.9851627184001086,330.9421433471729,False,,,Dead Reckoning
23.1,281.57923862462457,150.33842412393574,13.784996124620037,0.6944949997499857,-0.7255968820970615,-0.0459759191748812,20.00135051304181,85.0026918050451,279.8071175827341,147.551456622544,20.00132547728678,85.00267486414994,1,-0.7449088876228914,-0.4966055264127329,-0.0327699262249046,0.1000000000000014,39.79163237861334,281.3706889226792,151.22066041667549,13.823181984340769,40.15228400354376,280.9774447431939,154.18927189231772,2.994544218744111,332.32064295963494,False,,,Dead Reckoning
23.200000000000003,282.6384460194867,151.2206604166755,13.712110110333985,0.6898974078324976,-0.7318117226266896,-0.0441064394016299,20.00135843830527,85.00270193071992,283.5852610302577,148.61608012475318,20.00133504096242,85.00271098196048,1,-0.7045959752591893,-0.5836836399143575,-0.0265860037646433,0.1000000000000014,39.52820976581782,282.42831949028584,152.093378709851,13.768422210405792,39.8979807512217,282.0337412393959,155.07240960171043,3.00504859373823,333.69185397066826,False,,,Dead Reckoning
23.3,283.6960765870934,152.09337870985104,13.638633780094697,0.6854867638923346,-0.7374003104231885,-0.0421280904734181,20.001366278067085,85.0027120413208,287.31363744975806,147.18698896447745,20.001322203218105,85.00274662401458,1,-0.7071341674006035,-0.5833081976005647,-0.0376553042334595,0.0999999999999978,39.27549848311153,283.4841011241277,152.95677227915624,13.712750852512462,39.530178995842846,283.09139123121247,155.9452050269053,3.014125303933555,335.0557173486777,False,,,Dead Reckoning
23.4,284.7518582209352,152.9567722791563,13.564630048249349,0.6812739548449929,-0.7423572692419089,-0.0400591822120521,20.00137403406348,85.00272213424648,282.5646067077044,153.66761811379413,20.00138041970025,85.00270122484035,1,-0.6553467952950721,-0.4418330284624326,-0.0249202138710245,0.0999999999999978,39.03412230480431,284.53776229505394,153.81104976354928,13.600048371494475,39.56966459653621,284.1397518039459,156.81154980042675,3.0267825859043382,336.4121803535026,False,,,Dead Reckoning
23.5,285.80551939186154,153.8110497635493,13.490162326246317,0.6772680366237877,-0.7466780365530479,-0.0379188151340725,20.00138170816869,85.00273220690124,283.84308007165816,153.56070341386956,20.001379459269167,85.00271344662585,1,-0.6563067851374877,-0.4674405439433867,-0.0476312554831416,0.1000000000000014,38.8046000976547,285.5890339906878,154.6564328825219,13.52707939744496,39.29208278017071,285.1866499808421,157.6681844818746,3.0385128908041543,337.76119658612726,False,,,Dead Reckoning
23.6,286.8567910874954,154.65643288252195,13.415294440938736,0.6734761551103804,-0.7503588694856766,-0.035726697742922,20.00138930237446,85.00274225671339,280.41492399827945,153.33646976893283,20.001377444944065,85.00268067457965,1,-0.736819339403627,-0.4203764237804943,-0.0235962220908767,0.1000000000000014,38.58734129052279,286.63765160315785,155.49315407395218,13.422348660343964,39.02134313484333,286.22944765803084,158.5132687617238,3.047576609063514,339.10272603022116,False,,,Dead Reckoning
23.700000000000003,287.90540869996545,155.49315407395224,13.34009055234918,0.6699034853360882,-0.7533968496580368,-0.0335029573998609,20.001396818768807,85.00275228115338,287.4174109383307,146.62629760091704,20.001317166441886,85.00274761605505,1,-0.7340945068510774,-0.4238348392497184,-0.0362145850208603,0.1000000000000014,38.38264239086189,287.6833567510994,156.32145408181006,13.386837233938282,38.43929956721013,287.2779947411917,159.34550858633833,3.05110209685518,340.43673508545606,False,,,Dead Reckoning
23.8,288.951113847907,156.3214540818101,13.26461507100713,0.6665531895961021,-0.7557898868886515,-0.031267946778718,20.001404259514374,85.00276227775116,285.7638706123283,152.5795016727276,20.00137064498396,85.00273180875259,1,-0.6925752717858696,-0.4006909326092727,-0.0427819651029474,0.0999999999999978,38.19068458484002,288.7258990235856,157.14157952337314,13.29336678276994,38.503586964385896,288.3182926597109,160.17310525436994,3.0588055194089794,341.7631965925567,False,,,Dead Reckoning
23.9,289.99365612039327,157.14157952337317,13.18893257497145,0.6634263949182303,-0.7575367217823548,-0.0290420479575825,20.001411626826567,85.00277224411289,288.40533783829505,160.50410147758268,20.00144183287521,85.00275706031175,1,-0.7567961442287053,-0.3615129309765077,-0.0352834531392261,0.0999999999999978,38.011532446394,289.7650376352796,157.9537804654792,13.228343786424128,38.67965854410448,289.35096640643,160.99983116188434,3.0740656836885005,343.0820898500538,False,,,Dead Reckoning
24.0,291.0327947320873,157.95378046547927,13.11310772665066,0.660522190122472,-0.7586369271883431,-0.0268454762262367,20.001418922951768,85.00278217793675,288.4022123975845,155.95990246528987,20.001401011640944,85.00275703043357,1,-0.6992049196014729,-0.3911645302428131,-0.021790164839944,0.1000000000000014,37.8451337687554,290.800542983613,158.75830803870488,13.14557051108731,38.24543986874593,290.38337508451195,161.81358331213693,3.0836238506805023,344.3934006227189,False,,,Dead Reckoning
24.1,292.0683000804207,158.7583080387049,13.03720518953378,0.6578376424998483,-0.7590909085280106,-0.0246980856911918,20.00142615014592,85.0027920770278,291.785512417663,159.84008307167542,20.001435867896383,85.00278937367062,1,-0.7334862328964713,-0.2963903814157518,-0.0279410777733679,0.1000000000000014,37.691320520077184,291.8321981001697,159.55541211724326,13.08531993844873,38.24540927172571,291.4110523188229,162.62360521368933,3.096961841260797,345.6971211416723,False,,,Dead Reckoning
24.200000000000003,293.0999551969774,159.5554121172433,12.961289544945055,0.6553678339307292,-0.7588999029920274,-0.0226191787406187,20.001433310653688,85.0028019393119,287.8267700229075,155.38335582731753,20.001395832434376,85.00275152939345,1,-0.7773698318789584,-0.248372071073894,-0.0138584434236607,0.1000000000000014,37.54981091286141,292.85979998966525,160.34533909069347,12.976134977117924,37.84120809836512,292.43579585791304,163.41965889814605,3.1034209805049096,346.99325009616683,False,,,Dead Reckoning
24.3,294.12755708647296,160.3453390906935,12.885425208935375,0.6531059160566673,-0.7580659776081777,-0.0206273213894415,20.001440406688424,85.00281176284848,289.7264213503,164.6614555377712,20.001479179022148,85.00276968943626,1,-0.7759078132521601,-0.1432686453321346,-0.0337096969394817,0.0999999999999978,37.42021256507246,293.883160850964,161.12832975201232,12.906084304027557,38.13601838742635,293.45092001268966,164.21664890499406,3.118420647210047,348.2817926170603,False,,,Dead Reckoning
24.4,295.15091794777175,161.12832975201235,12.80967634942342,0.6510431839177232,-0.7565920261823411,-0.0187401664608776,20.00144744041321,85.00282154584222,301.53865928385665,160.6962467718483,20.00144355894576,85.00288261055154,1,-0.654239091380786,-0.2057555138479011,-0.0350111418970362,0.0999999999999978,37.30202671924497,294.90210917547034,161.9046173235703,12.902261291663986,37.780422570236766,294.47066880130046,165.00708920793318,3.1323270247095767,349.56276025200265,False,,,Dead Reckoning
24.5,296.1698662722781,161.9046173235703,12.734106803698907,0.6491691672716354,-0.7544817651170366,-0.0169742864754317,20.00145441392312,85.00283128665356,292.307598528456,162.77473851302094,20.001462230354747,85.00279436464237,1,-0.7323028390742015,-0.3028612290052453,0.0017495878660039,0.1000000000000014,37.19465347468688,295.91649071898814,162.6744256406536,12.758358352073428,37.73815953415941,295.4796202884492,165.78796946442557,3.144043720374749,350.83617093237257,False,,,Dead Reckoning
24.6,297.1842478157959,162.67442564065362,12.658779996400014,0.6474717386240922,-0.7517397281126659,-0.0153450180127482,20.001461329228885,85.00284098380797,293.893891080432,169.65176501629867,20.00152400773492,85.0028095290782,1,-0.6397220234177503,-0.1689484787034063,-0.0013070167187338,0.1000000000000014,37.09739797715806,296.9261693437836,163.43796750892528,12.686844284830922,37.94626494594032,296.48008936007324,166.5681116410827,3.161770016928265,352.1020489320126,False,,,Dead Reckoning
24.700000000000003,298.1939264405913,163.4379675089253,12.583758858076374,0.6459372368228175,-0.7483712597597503,-0.0138663191869187,20.001468188242185,85.00285063600403,303.7046670255553,167.98728781069352,20.00150905548178,85.00290331687418,1,-0.7440530727954957,-0.0075152102418885,-0.0193592875460568,0.1000000000000014,37.00947750028979,297.93102772814694,164.19544324936643,12.6704971286428,37.7369435153782,297.4821090991187,167.34359305119696,3.179996086515545,353.3604248178203,False,,,Dead Reckoning
24.8,299.19878482495466,164.19544324936643,12.509105744448064,0.6445506049041255,-0.7443825080301725,-0.0125506417332248,20.00147499276253,85.00286024212016,307.9139863326759,163.27574638550527,20.00146673098504,85.00294355658434,1,-0.6998222479735978,-0.0836789928523401,-0.0075806381679302,0.0999999999999978,36.93002934361061,298.93096794125546,164.94703944112518,12.617207087832872,37.38404450041755,298.48465184527095,168.1096525718023,3.1939505118060416,354.61133539226506,False,,,Dead Reckoning
24.9,300.1987250380632,164.9470394411252,12.43488235647034,0.6432955407308031,-0.7397804156777177,-0.0114088190454063,20.001481744466,85.0028698012202,296.68402515158715,163.16737888651414,20.00146575750324,85.00283620184359,1,-0.5901465795268056,-0.1524117698463156,0.0037862515566068,0.0999999999999978,36.858119463461165,299.92591188163334,165.6929278695767,12.461451023893831,37.26913643573061,299.47633386066644,168.8642679682461,3.203048300972851,355.8548236279121,False,,,Dead Reckoning
25.0,301.19366897844105,165.69292786957672,12.36114966131252,0.6421546588262624,-0.7345727105601796,-0.0104499713291403,20.00148844489576,85.00287931255751,300.088922108077,164.71629283501812,20.001479671633973,85.00286875154026,1,-0.7574420477933436,-0.0696183338344009,-0.0012579652462342,0.1000000000000014,36.79275174540813,300.91580157801525,166.43326468379752,12.40378468217676,37.2439199936802,300.46375727102287,169.61495682063313,3.213644178979022,357.09093859404334,False,,,Dead Reckoning
25.1,302.18355867482296,166.43326468379755,12.287967814358304,0.6411096616933484,-0.728767894895821,-0.0096814288513712,20.001495095454512,85.00288877557792,303.20822532764447,167.96295942922714,20.00150883693621,85.0028985710546,1,-0.7936586198908098,-0.1260657573671371,-0.0031991978895364,0.1000000000000014,36.73287782008889,301.90059935197934,167.1681897646476,12.344798925377114,37.309362557360366,301.44563103314727,170.36319777135128,3.227239119439642,358.3197353754792,False,,,Dead Reckoning
25.200000000000003,303.16835644878705,167.16818976464762,12.215396082333356,0.6401415188082112,-0.7223752334690925,-0.0091086740685076,20.00150169739884,85.00289818992121,308.35444938200385,166.852517361895,20.0014988616654,85.00294776726643,1,-0.6280457269047308,-0.1489564375090426,0.0068428667446183,0.1000000000000014,36.67740731880491,302.88028784234854,167.8978263017817,12.299970035221468,37.16162369866728,302.4258583205724,171.10619648848396,3.240392791804984,359.5412749837125,False,,,Dead Reckoning
25.3,304.14804493915625,167.89782630178172,12.143492767664483,0.6392306514013605,-0.7154047408016151,-0.0087353032114227,20.00150825183537,85.00290755542143,301.18747370387155,166.7120938667713,20.00149760021968,85.00287925333272,1,-0.7267451960712688,-0.0934955595329719,-0.0110424279634349,0.0999999999999978,36.62521846069634,303.854869892084,168.6222805752293,12.17375562609592,37.065931838945815,303.3972539671598,171.83994968829285,3.2500472082582745,360.75562426047895,False,,,Dead Reckoning
25.4,305.12262698889174,168.62228057522935,12.072315134173031,0.6383571210802182,-0.7078671673061621,-0.0085630076939235,20.00151475971884,85.00291687210574,304.3867934510654,173.0238243273565,20.0015542994591,85.00290983777879,1,-0.6789024855114737,-0.0687990054154498,-0.0032512232072772,0.0999999999999978,36.57516886001818,304.82436829922443,169.3416419347281,12.11740957725419,37.29524604762454,304.3612226878869,172.57417067279897,3.265539143809989,361.96285577389625,False,,,Dead Reckoning
25.5,306.0921253960322,169.34164193472816,12.001919334203253,0.6375008203108259,-0.699773984442551,-0.0085915754961887,20.00152122185188,85.00292614019212,308.42413812421745,168.99901225939465,20.00151814395714,85.00294843346792,1,-0.6990698949651303,-0.1667231711806439,-0.0037700618791126,0.1000000000000014,36.5261064399382,305.7888254343598,170.05598296780244,12.067466085724488,37.00897495617152,305.3248596094998,173.30055986641733,3.2775819650564757,363.1630477073166,False,,,Dead Reckoning
25.6,307.0565825311676,170.05598296780246,11.932360337284525,0.636641662761207,-0.6911373688953137,-0.0088189124579752,20.00152763888656,85.00293536008559,308.36088075456746,176.9547502469144,20.001589611567443,85.00294782874825,1,-0.6477292298475479,-0.13268840575846,-0.0065465329346856,0.1000000000000014,36.47688033840823,306.7483027281684,170.76535984567045,11.991055658773858,37.32181870236383,306.2784395067317,174.02756711377697,3.295871312255068,364.35628374104505,False,,,Dead Reckoning
25.700000000000003,308.0160598249762,170.76535984567047,11.86369186042419,0.6357597715154095,-0.6819701857953842,-0.0092410832005233,20.001534011327475,85.0029445323734,306.88759161128587,171.037587536927,20.00153645679044,85.00293374458789,1,-0.6994969961546712,-0.079116585388434,-0.0081391383147308,0.1000000000000014,36.4263516920345,307.7028800336723,171.46981283445533,11.906168738999588,36.93996307659733,307.2300587103318,174.74310148175303,3.307261491375228,365.54265292708743,False,,,Dead Reckoning
25.8,308.97063713048004,171.46981283445535,11.795966300125446,0.6348356631953572,-0.672285971008586,-0.0098523711834145,20.001540339536344,85.00295365781894,308.56916823693194,176.82576801712955,20.00158845290036,85.00294981990817,1,-0.6512829754027513,-0.1066268972553332,-0.0041236888051296,0.0999999999999978,36.37340418548258,308.6526548690647,172.16936695787405,11.843289840835126,37.14120194461629,308.1741465007657,175.458177272487,3.323438512149242,366.72224955709993,False,,,Dead Reckoning
25.9,309.9204119658725,172.1693669578741,11.729234666222473,0.6338504260770158,-0.6620989125146792,-0.0106453571954752,20.001546623737955,85.00296273735444,305.7957245407626,173.24132522600598,20.001556253302915,85.00292330669728,1,-0.6096081461868524,-0.075121329094185,-0.00530128223562,0.0999999999999978,36.31695425678198,309.59774154820474,172.86403279658003,11.751736750055072,36.870552170188574,309.1142773858769,176.16329221722003,3.334494012730737,367.8951730237221,False,,,Dead Reckoning
26.0,310.8654986450126,172.86403279658012,11.66354651762251,0.6327858903574682,-0.6514238309029707,-0.0116110153794386,20.00155286402736,85.00297177207271,310.15097741308864,175.75291451632847,20.001578815293385,85.0029649414844,1,-0.6718392752166839,-0.1661590343603413,-0.0170952918047839,0.1000000000000014,36.25596085291099,310.53827020712777,173.55380740863234,11.708783042743018,36.9004049388984,310.0506058341382,176.86631785003644,3.34821474297789,369.0615276754844,False,,,Dead Reckoning
26.1,311.80602730393565,173.55380740863242,11.59894990004188,0.6316247888195243,-0.6402761590110106,-0.0127388257006565,20.001559060378124,85.0029807632178,311.0068648339088,171.37997425407926,20.001539532502644,85.00297312348705,1,-0.6452803604933051,-0.0820513136596156,0.0002791333983479,0.1000000000000014,36.18943463520065,311.4743857361554,174.23867535513745,11.643622150241702,36.58074297747299,310.9856094418514,177.56022535204178,3.3573198608129,370.2214226654886,False,,,Dead Reckoning
26.200000000000003,312.7421428329633,174.23867535513753,11.535491285820308,0.6303509062494587,-0.6286719207338631,-0.0140169015927587,20.001565212651563,85.00298971217482,313.43865250184206,171.6773976873753,20.001542204302805,85.0029963705785,1,-0.6160410624137896,-0.1908798010304791,-0.0187807536704213,0.1000000000000014,36.11644654034061,312.4062466283653,174.91860981493636,11.590134683612836,36.4883826569525,311.91743013568924,178.2494440505537,3.366511290441896,371.3749717940706,False,,,Dead Reckoning
26.3,313.67400372517324,174.91860981493642,11.473215515895106,0.6289492160901828,-0.6166277090333594,-0.0154321313497295,20.001571320606736,85.00299862045891,312.0080220687162,176.2977276799814,20.001583709433305,85.00298269422142,1,-0.6580684807446733,-0.0649194537481668,-0.0126144657952012,0.0999999999999978,36.036135610029085,313.3340237562656,175.59357377226064,11.512108971518726,36.605091503281336,312.84158136372673,178.93590674978648,3.378415196897232,372.5222933456601,False,,,Dead Reckoning
26.4,314.60178085307354,175.5935737722607,11.412165744013636,0.6274060029552099,-0.6041606631772023,-0.0169703316861886,20.00157738391113,85.00300748970355,316.01639642070893,178.55923349965664,20.001604024885733,85.00302101296379,1,-0.5952887123171395,-0.2494561521525871,-0.0149231364133891,0.0999999999999978,35.94771601050598,314.257899089476,176.26352126152656,11.47159651446454,36.59599899687578,313.76258893824456,179.61980755661995,3.3926375934580397,373.6635099200614,False,,,Dead Reckoning
26.5,315.525656186284,176.26352126152662,11.352383383259664,0.625708969786591,-0.5912884452388312,-0.0186164117573463,20.00158340215182,85.00301632164832,318.56380363974347,176.384290767528,20.001584487042752,85.00304536534018,1,-0.5553486182436861,-0.2359683570091891,-0.0100353756307541,0.1000000000000014,35.85048317225041,315.17806436701835,176.92839865384073,11.42263769961606,36.35652164755047,314.6825040699263,180.29695057745812,3.4048086686568078,374.7987482583874,False,,,Dead Reckoning
26.6,316.44582146382635,176.92839865384076,11.29390805496587,0.6238473286108563,-0.5780292158906075,-0.0203545458185617,20.00158937484705,85.00302511812617,316.9121094468317,173.06921864858967,20.001554707243223,85.00302957568614,1,-0.5680066629700289,-0.1790138288238351,-0.036545585220735,0.1000000000000014,35.74381898991304,316.0947197384294,177.5881459703215,11.34701664151924,36.05085998965048,315.59990459413694,180.96472609723048,3.4126434593226667,375.928139063884,False,,,Dead Reckoning
26.700000000000003,317.3624768352374,177.5881459703215,11.236777540081544,0.6218118740290002,-0.5644016095229709,-0.0221683526128895,20.001595301458035,85.00303388105047,318.417746060435,173.50737087145353,20.00155864323161,85.0030439690777,1,-0.5479704341695572,-0.1358891841662431,-0.0082592544635949,0.1000000000000014,35.62719603298211,317.00807238831305,178.2426982079644,11.29381266824953,35.923157278038715,316.51448271628067,181.62733375214495,3.420436891870339,377.05181681789213,False,,,Dead Reckoning
26.8,318.27582948512105,178.2426982079644,11.181027733061276,0.6195950387677113,-0.5504247087235914,-0.0240410795044469,20.00160118140083,85.00304261240184,318.43529552785463,173.96128900140567,20.001562720847552,85.00304413684484,1,-0.5214197922689207,-0.2230518248661436,-0.0258109829805685,0.0999999999999978,35.50018072863448,317.9183351591264,178.89198666446578,11.232090840012834,35.78611026830654,317.4256362168804,182.28414266250465,3.4277506564394766,378.1699195911982,False,,,Dead Reckoning
26.9,319.18609225593445,178.8919866644658,11.126692598336826,0.6171909308172666,-0.5361180181518055,-0.0259557893266389,20.00160701405828,85.00305131421499,319.1863454352087,173.58912032564766,20.00155937759945,85.0030513166353,1,-0.5389051912734212,-0.2306591929755844,-0.0087561563788684,0.0999999999999978,35.36243548958015,318.8257251869324,179.53594024914176,11.176694286198655,35.59729217263924,318.3344448275532,182.93472075992128,3.434103282076182,379.2825888510319,False,,,Dead Reckoning
27.0,320.09348228374046,179.5359402491418,11.073804129430917,0.6145953518846027,-0.5215014378435701,-0.0278955478877661,20.001612798791747,85.00305998856564,317.9288081831119,179.86439632748306,20.00161574936289,85.00303929499216,1,-0.4569483095502262,-0.2780329883086301,-0.0276771971329277,0.1000000000000014,35.21371977134544,319.7304625645516,180.17448676781424,11.10937296876006,35.730142575262505,319.23627753033827,183.58347298826243,3.44461984829183,380.389969263975,False,,,Dead Reckoning
27.1,320.99821966135966,180.17448676781427,11.022392310768112,0.611805797095826,-0.5065952359834469,-0.0298436100725952,20.00161853495272,85.00306863755785,321.9477024463796,183.54961853293835,20.001648854277224,85.00307771430144,1,-0.4047963297433581,-0.3502679008954955,-0.0253320459299353,0.1000000000000014,35.05389005522803,320.6327690460064,180.807554170268,11.078722196001578,35.72264664348423,320.1357067091983,184.23031764285656,3.458667482710573,381.49220849505184,False,,,Dead Reckoning
27.200000000000003,321.9005261428144,180.807554170268,10.972485082234224,0.6088214360885665,-0.491420021181197,-0.0317836024971304,20.001624221893955,85.00307726331147,321.60866634757394,180.7673068094936,20.00162386034576,85.00307447322768,1,-0.4846390407909693,-0.3432520216713957,-0.0076457420964462,0.1000000000000014,34.88289876496865,321.5328668053808,181.4350717495976,11.020539350265954,35.38088639692993,321.034234420983,184.8684170292084,3.469365080788722,382.5894570032753,False,,,Dead Reckoning
27.3,322.8006239021888,181.4350717495976,10.924108306531872,0.6056430758388535,-0.4759967142904742,-0.033699700714871,20.00162985898028,85.00308586795043,329.0801288289806,174.65382747758403,20.00156894202653,85.00314589795522,1,-0.4217368027165888,-0.3987346665060252,-0.0314730828028077,0.0999999999999978,34.70079213688794,322.4309772622378,182.05697128345545,11.015971672710483,34.861729923287264,321.938132187276,185.49808769473927,3.4762304906207087,383.6818678339285,False,,,Dead Reckoning
27.4,323.6987343590458,182.05697128345545,10.87728573937613,0.6022731057673664,-0.4603465198081391,-0.0355767990358231,20.001635445598843,85.00309445359144,328.4187990664715,181.48468990245172,20.00163030470773,85.00313957585989,1,-0.4423273775798714,-0.4209145071938533,-0.0181883001890885,0.0999999999999978,34.50770707470633,323.32731998455694,182.67318810788157,10.958752837425637,34.979093005656146,322.8360499684373,186.1263283299995,3.48791106858346,384.7695964078661,False,,,Dead Reckoning
27.5,324.59507708136493,182.6731881078816,10.832039002570244,0.598715425863784,-0.4444908968934591,-0.0374006711037458,20.00164098116876,85.00310302233349,325.7526167390344,182.1847911179837,20.00163659382396,85.00311408803246,1,-0.3962165296415338,-0.35503808215209,-0.0320102202481002,0.1000000000000014,34.303867031372555,324.22211167881443,183.2836621150431,10.889755933621377,34.779447181877664,323.7304842966639,186.7475006695545,3.4985532745122185,385.85280030812316,False,,,Dead Reckoning
27.6,325.4898687756224,183.2836621150431,10.78838755999744,0.5949753587534095,-0.4284515300467184,-0.0391581194816395,20.00164646515008,85.00311157624823,323.2006971465381,189.5716583657194,20.001702951181457,85.00308969251927,1,-0.3201625534865557,-0.4486118681930119,-0.0300039311787046,0.1000000000000014,34.089576970852406,325.1155652753409,183.88833866684664,10.823126415803548,34.90397678338622,324.618102057563,187.3668029904457,3.513855959425947,386.9316390641229,False,,,Dead Reckoning
27.700000000000003,326.3833223721488,183.88833866684664,10.7463486965609,0.5910595468052455,-0.412250299487118,-0.0408371126191507,20.00165189705196,85.00312011737118,323.04608795619856,179.516924928088,20.00161262797421,85.00308821450618,1,-0.356817322336213,-0.3928721516299535,-0.035137526725037,0.1000000000000014,33.86521747285571,326.00788911550706,184.48716941701892,10.774100467121231,34.14664678591778,325.50977051418414,187.97156721906967,3.5198224648296965,388.006273933779,False,,,Dead Reckoning
27.8,327.275646212315,184.4871694170189,10.705937500100015,0.5869758355433304,-0.3959092512707141,-0.0424269077170348,20.00165727644012,85.00312864769404,330.8490750715816,183.31513660922136,20.001646747890263,85.00316280850035,1,-0.4545799782111981,-0.4893109599521413,-0.0289483914540336,0.0999999999999978,33.63123805279793,326.8992862456261,185.08011303489167,10.779760359161791,34.07263641240805,326.4026882402823,188.57549624505629,3.530483446330283,389.07686768378903,False,,,Dead Reckoning
27.9,328.16704334243406,185.08011303489167,10.667166846306758,0.582733144771627,-0.3794505671889236,-0.0439181581615122,20.00166260294326,85.00313716915785,328.9552910178755,190.19767107652527,20.00170857474932,85.00314470454676,1,-0.3267507856165756,-0.423663169685502,-0.0457734742900427,0.0999999999999978,33.38814977780022,327.7899538207666,185.66713582479235,10.7224218308097,34.14402767988191,327.290107265715,189.17731911972817,3.5455935106330774,390.1435843684197,False,,,Dead Reckoning
28.0,329.0577109175746,185.6671358247924,10.63004738666223,0.5783413289554757,-0.3628965344888524,-0.0453030043735414,20.0016678762587,85.00314568364736,330.4981411277494,187.017070848832,20.001680002931348,85.0031594536871,1,-0.2712533473234019,-0.4760072116970601,-0.0501434896037333,0.1000000000000014,33.13651726713595,328.6800826199754,186.248212235642,10.689650254730063,33.70401401833793,328.17939557093484,189.7704907103188,3.557686491843854,391.2065891070859,False,,,Dead Reckoning
28.1,329.9478397167834,186.24821223564203,10.594587539408987,0.5738110285181216,-0.3462695154569495,-0.0465751471028357,20.00167309615692,85.00315419298634,324.71408175586083,187.9381514561913,20.001688277139223,85.0031041599791,1,-0.3273493239568546,-0.3931136964593124,-0.047960909006606,0.1000000000000014,32.876950172149286,329.5698566727498,186.8233252561097,10.609695819669504,33.46144713317675,329.06451689011504,190.35548361984144,3.5681242974976777,392.26604786102683,False,,,Dead Reckoning
28.200000000000003,330.8376137695577,186.8233252561097,10.56079348357084,0.5691535138078381,-0.3295919169071215,-0.0477299023918038,20.00167826248508,85.00316269893406,333.6199292142323,187.16707856718136,20.00168135047361,85.00318929695595,1,-0.2498101766012299,-0.4578796973718814,-0.0417327986285629,0.1000000000000014,32.61009423622995,330.4594529950044,187.3924666914818,10.629342253202005,33.127281901783526,329.9546802880259,190.9363780098789,3.5796791641672536,393.32212720938395,False,,,Dead Reckoning
28.3,331.7272100918123,187.3924666914818,10.528669156027563,0.5643805235686576,-0.3128861596154042,-0.0487642376383959,20.001683375169577,85.00317120318275,333.0904711064554,188.3822973074536,20.00169226696929,85.00318423551032,1,-0.3173919366730015,-0.4216333800908701,-0.0459724254938992,0.0999999999999978,32.33662203986777,331.34904143128404,187.95563731927447,10.58775756279185,32.88611357066636,330.8437888024465,191.51126247798464,3.591343827622156,394.3749941249867,False,,,Dead Reckoning
28.4,332.616798528092,187.95563731927447,10.49821625164776,0.5595040998048181,-0.2961746477427329,-0.0496767883968018,20.001688434217403,85.00317970735604,329.28550647484855,190.2884659101101,20.001709390373183,85.00314786129807,1,-0.3404516057188466,-0.5293000030982318,-0.03757403963209,0.0999999999999978,32.057223539082464,332.238784598598,188.51284692156227,10.52600763795947,32.673864968624244,331.7298229908155,192.0795157533691,3.60280008798415,395.4248157501515,False,,,Dead Reckoning
28.5,333.506541695406,188.51284692156227,10.469434226479017,0.5545364209651379,-0.2794797382875558,-0.0504678557688021,20.001693439716423,85.00318821300851,332.09196727305607,186.084387964884,20.00167162449845,85.0031746901416,1,-0.2424212873459237,-0.4955627295106958,-0.0324205387705869,0.1000000000000014,31.772596507592343,333.1288379260232,189.064114193006,10.510003730330018,32.151173559758426,332.61964926839363,192.63881082741045,3.610779571931994,396.4717591727994,False,,,Dead Reckoning
28.6,334.39659502283115,189.064114193006,10.442320303990249,0.5494896353882577,-0.2628237106099895,-0.0511393844539465,20.00169839183458,85.00319672162601,335.1877466359007,191.6982899297305,20.001722055037835,85.00320428477559,1,-0.3206475466473052,-0.5530681905228235,-0.0558977678262966,0.1000000000000014,31.483436993929608,334.019349783154,189.6094665246419,10.49759464807738,32.11514578076584,333.5087760304471,193.19688657043625,3.623571186263668,397.51599120319844,False,,,Dead Reckoning
28.700000000000003,335.2871068799619,189.6094665246419,10.41686948435702,0.544375696942863,-0.2462287360693427,-0.0516949217412739,20.00170329081793,85.0032052346269,335.4445072750307,185.4904574739853,20.00166628913007,85.00320673932298,1,-0.2282172867140223,-0.5291795149201213,-0.0540344096574132,0.1000000000000014,31.1904299043188,334.9104616895773,190.1489396646331,10.467918820324146,31.48447945178597,334.4014609596653,193.74359203175496,3.630510622971053,398.55767815163415,False,,,Dead Reckoning
28.8,336.1782187863852,190.1489396646331,10.39307455677638,0.5392062047687356,-0.2297168478162881,-0.0521395579366303,20.0017081369876,85.00321375336407,335.3017052289745,191.1340435831277,20.001716986326663,85.00320537418231,1,-0.1353747346840129,-0.5249955241299922,-0.0615019521197588,0.0999999999999978,30.89423982051539,335.80230859683195,190.68257725836816,10.43723113306031,31.44349501644012,335.29191859068226,194.2880579577897,3.6414267852421225,399.59698560731175,False,,,Dead Reckoning
28.9,337.0700656936399,190.68257725836816,10.37092611479376,0.5339922489750726,-0.2133099107807634,-0.0524798489254644,20.001712930735664,85.0032222791276,336.759600889442,191.2188001482272,20.00171774770784,85.00321931118603,1,-0.2787980560680775,-0.5505575467558873,-0.0271761190178734,0.0999999999999978,30.59550215897072,336.69501923376674,191.2104302715153,10.41885634943244,31.122313303463667,336.18384131342447,194.82657400486465,3.652095065368248,400.6340782187911,False,,,Dead Reckoning
29.0,337.96277633057474,191.2104302715153,10.350412574620227,0.5287442640825262,-0.1970295918970244,-0.052723721769027,20.00171767251996,85.00323081314811,337.2068441959541,189.36155100693892,20.00170106375494,85.00322358668517,1,-0.2310044316927192,-0.5764874157212001,-0.0446770267778087,0.1000000000000014,30.29481477367939,337.588716505839,191.73255630087908,10.39537302705609,30.70237081045057,337.0776678630824,195.357339398276,3.660631532732775,401.6691194762531,False,,,Dead Reckoning
29.1,338.856473602647,191.73255630087908,10.331520196414356,0.5234718919056235,-0.1808973306062355,-0.0528803644199963,20.001722362857883,85.00323935660052,339.3141611389544,191.66450047490216,20.001721751502,85.00324373194306,1,-0.2024989428643144,-0.5870104191815757,-0.0430823412194805,0.1000000000000014,29.992730099920667,338.4835179386888,192.2490187791475,10.384571446656404,30.48932730862182,337.9725309820487,195.8842295572476,3.670948797119266,402.7022714958946,False,,,Dead Reckoning
29.200000000000003,339.7512750354968,192.2490187791475,10.31423310849898,0.5181838554636239,-0.1649343096767186,-0.0529601008196232,20.001727002319264,85.00324791060835,344.16575095447627,190.38139832115084,20.00171022519924,85.00329011154832,1,-0.1381003026622666,-0.6332302310885718,-0.0613621846699337,0.1000000000000014,29.689747929882717,339.379536156264,192.7598860808393,10.393662947958845,30.09636690698288,338.8717732590568,196.40542589453236,3.680731407342989,403.73369480674444,False,,,Dead Reckoning
29.3,340.647293253072,192.7598860808393,10.298533334479012,0.5128878453816615,-0.1491614263821272,-0.0529742528006128,20.001731591518315,85.00325647624824,332.94731793027813,189.54478210025408,20.001702709747857,85.00318286701297,1,-0.1374472656644377,-0.5683744315114022,-0.0479859526906815,0.0999999999999978,29.38630890392754,340.2768793838452,193.26523053794548,10.297200165660389,29.72555370489828,339.7659928875036,196.91600847219945,3.686351114229304,404.76354814019237,False,,,Dead Reckoning
29.4,341.5446364806532,193.26523053794548,10.284400823222557,0.5075904201016003,-0.1335992640765582,-0.052934990366345,20.00173613110481,85.00326505455479,340.8340856871241,192.2043863131045,20.001726601379,85.00325826192255,1,-0.0336424449917538,-0.4830299636673247,-0.0428425105222141,0.0999999999999978,29.08278879309412,341.175651966508,193.76512737488343,10.329663817932364,29.52974658185207,340.664776858064,197.42513215086575,3.6954875641302167,405.7919882225146,False,,,Dead Reckoning
29.5,342.44340906331604,193.7651273748835,10.2718134816637,0.5022969210649658,-0.1182680642054734,-0.052855172046083,20.001740621754504,85.0032736465255,342.97294632743336,190.4531614687685,20.001710869858563,85.00327870872783,1,-0.0405506477508885,-0.5928433953992746,-0.0503827489514273,0.1000000000000014,28.7794936394384,342.07595489384295,194.25965357343415,10.32534373009115,29.113895344132647,341.5668549028888,197.9275089342568,3.703018464537399,406.81916957068097,False,,,Dead Reckoning
29.6,343.343711990651,194.2596535734342,10.26074721038146,0.4970114038603575,-0.103187698790732,-0.0527481771361022,20.00174506415893,85.0032822531258,344.2316939597123,195.228045965714,20.0017537633758,85.0032907419418,1,-0.0484240514873021,-0.5796418537146335,-0.0369911208878383,0.1000000000000014,28.47665581107056,342.97788632210813,194.7488866792856,10.316667090175203,29.025075430684545,342.46895195610034,198.42806572931823,3.714212254449476,407.8452442917191,False,,,Dead Reckoning
29.700000000000003,344.2456434189162,194.74888667928565,10.251175941905554,0.4917365861467473,-0.0883776434272753,-0.0526277317269859,20.001749459014693,85.00329087529406,343.1298996749523,191.29863019682853,20.00171846483337,85.00328020915029,1,-0.0510961277100811,-0.4199512087950924,-0.0245094204705576,0.1000000000000014,28.174431018379845,343.88154208540107,195.2329035626549,10.293737650279128,28.50191819425699,343.37356679168266,198.9192707245821,3.7212016542460105,408.8703618859097,False,,,Dead Reckoning
29.8,345.1492991822091,195.2329035626549,10.243071681696003,0.4864738129740487,-0.073856950828306,-0.0525077304866826,20.00175380701233,85.00329951394637,339.87913383477337,197.3688346316281,20.001772994407585,85.00324913289647,1,-0.0241954619790646,-0.5396652497106778,-0.0569783587576221,0.0999999999999978,27.87289632704954,344.7870161878817,195.71177914618423,10.257937246046431,28.479692880498195,344.2752252939892,199.4084176459223,3.731898460142912,409.8946690540793,False,,,Dead Reckoning
29.9,346.05477328468976,195.71177914618423,10.236404551739891,0.4812230399253804,-0.0596442249549689,-0.0524020562165403,20.00175810882489,85.00330816998141,347.0387597358321,192.16734194239777,20.00172626860376,85.00331757656873,1,-0.0727433427206376,-0.4903563463172811,-0.0576229286763072,0.0999999999999978,27.572049192179808,345.69440126954686,196.18558511389705,10.292964461414174,27.894827331990484,345.1849255949199,199.88997401492375,3.739259631676685,410.9183095092533,False,,,Dead Reckoning
30.0,346.96215836635497,196.18558511389705,10.231142836705011,0.4759828343037264,-0.0457575957661404,-0.0523243992229011,20.00176236509632,85.0033168442848,352.1442090088475,194.486700367154,20.001747103754976,85.00336638298705,1,0.0271029219116901,-0.4732225449692532,-0.0561019598781868,0.1000000000000014,27.271807526278305,346.60378903853245,196.6543886154518,10.315689840988297,27.686863288941154,346.0983801169875,200.36928122858623,3.7491152696466825,411.9414237929238,False,,,Dead Reckoning
30.1,347.87154613534057,196.65438861545184,10.227253032586663,0.4707503943814363,-0.0322146946224677,-0.0522880785496787,20.001766576429823,85.0033255377332,343.2699619205921,194.7805783908063,20.00174974370618,85.00328154809937,1,-0.0578169073404277,-0.4716371034262681,-0.0312260869495138,0.1000000000000014,26.972010802175323,347.5152706633971,197.11825098023223,10.24657580448834,27.378320290943044,347.0082652413948,200.84048417589628,3.756604112871504,412.96414909618244,False,,,Dead Reckoning
30.200000000000003,348.7830277602052,197.11825098023223,10.224699897780518,0.4655215865264684,-0.0190326303783727,-0.0523058670976107,20.001770743376344,85.00333425119818,351.3745118012998,201.0936911668568,20.001806455363152,85.00335902493453,1,0.0527362193167387,-0.580927505496665,-0.0368823139273139,0.1000000000000014,26.672422180200808,348.4289371193157,197.5772264559668,10.29197645805448,27.371194189532037,347.9222407539189,201.3136612639276,3.7706347318252815,413.98661908596046,False,,,Dead Reckoning
30.3,349.69669421612383,197.5772264559668,10.22344650651099,0.4602909998167074,-0.0062279661948227,-0.0523898226137989,20.0017748664232,85.00334298554944,348.7111185467552,198.5680962928166,20.001783767558383,85.00333356376973,1,0.0830791589111187,-0.5171575329727477,-0.0487451007917354,0.0999999999999978,26.372731637354285,349.3448794825816,198.031360986574,10.266876002048534,26.922275129196773,348.83765756104447,201.77852629557276,3.781338642683468,415.0089637366115,False,,,Dead Reckoning
30.4,350.6126365793897,198.031360986574,10.223454304541551,0.4550520175553275,0.0061833028958702,-0.0525511264711831,20.00177894598309,85.00335174165762,350.4286635419031,197.3961595789408,20.001773239871763,85.0033499829358,1,0.0467265330002745,-0.5881654036062448,-0.0471855298271744,0.0999999999999978,26.07256006483331,350.26318916828626,198.480691043783,10.272227817624977,26.540799994451653,349.75662790789465,202.23752536417948,3.790832154216064,416.0313091670657,False,,,Dead Reckoning
30.5,351.5309462650944,198.480691043783,10.224683167090165,0.4497969049082091,0.0181857716423028,-0.0527999320724319,20.00178298238368,85.00336052039663,348.37225073298254,199.97684936699216,20.001796422602563,85.00333032430471,1,0.039375118694204,-0.387546683738983,-0.0559653683343991,0.1000000000000014,25.771464289287607,351.1839581065277,198.92524252678976,10.253625196876088,26.346272205448063,350.6754842926084,202.6925761756841,3.801492922725664,417.0537774837747,False,,,Dead Reckoning
30.6,352.4517152033358,198.92524252678973,10.227091458870014,0.4445169117009659,0.0297646454137101,-0.053145224607315,20.00178697585759,85.00336932264527,351.44834668626817,192.60366548480067,20.001730188164824,85.00335973077178,1,0.0797801408291938,-0.5932648358619799,-0.0392449530298831,0.1000000000000014,25.468942962654825,352.1072788529935,199.36502974377865,10.270402335422895,25.65286411055537,351.6012927418447,203.13720001291867,3.805954608775514,418.0764866296617,False,,,Dead Reckoning
30.700000000000003,353.3750359498016,199.3650297437786,10.230636096172908,0.4392023892402344,0.0409057601989903,-0.0535946937681021,20.001790926533378,85.00337814928838,357.27516973389845,199.23562897485587,20.00178976410649,85.00341543328648,1,-0.0721701583060432,-0.5706998195707701,-0.0523937120091877,0.1000000000000014,25.16444325552743,353.0332446302968,199.8000544885763,10.306636988066888,25.65797321708129,352.53032771297,203.5834753566966,3.816700000139067,419.099550239279,False,,,Dead Reckoning
30.8,354.3010017271049,199.80005448857628,10.235272610909812,0.4338429198634242,0.0515956017374819,-0.0541546208852719,20.00179483442715,85.0033870012171,356.04896745306803,205.79259702199056,20.00184866635264,85.00340371119538,1,0.0967085126617549,-0.5763173506433031,-0.0517553862798218,0.0999999999999978,24.8573682798066,353.9619492970175,200.23030522501676,10.296925715749566,25.65699540647731,353.4584949238203,204.02931436425308,3.832223472853935,420.12307750036996,False,,,Dead Reckoning
30.9,355.2297063938256,200.2303052250168,10.240955216520405,0.4284274577748971,0.0618213237556553,-0.0548297817873736,20.00179869943528,85.0033958793287,360.4266412100554,200.6273447442248,20.00180226610196,85.00344556031878,1,0.0861536238636649,-0.606342363652223,-0.043741884072081,0.0999999999999978,24.54708515802089,354.89348724203654,200.65575639078955,10.325601448628603,25.06693713398129,354.3938017754735,204.46678613021035,3.843648428283228,421.147173022022,False,,,Dead Reckoning
31.0,356.16124433884465,200.65575639078955,10.247636875660945,0.4229444795961597,0.0715707652845054,-0.055623366516005,20.001802521328123,85.00340478452553,359.69348000577776,200.85949589829755,20.00180435155126,85.00343855153845,1,0.0990393596316559,-0.4723783663699906,-0.0525033158968373,0.1000000000000014,24.232933649216918,355.8279532024593,201.07636783162923,10.3211851134405,24.743120624592315,355.33116503142435,204.898780051293,3.854560112894218,422.17193670958807,False,,,Dead Reckoning
31.1,357.0957102992674,201.07636783162923,10.255269369577304,0.4173821429445592,0.0808324670342042,-0.056536916841439,20.001806299744985,85.00341371771322,358.41297033605616,202.72075297055585,20.00182107150801,85.00342631028656,1,0.1461590926790956,-0.4286789164801742,-0.0538865767764175,0.1000000000000014,23.914235234849272,356.76544200421847,201.49208437568544,10.314051103155895,24.496454491795603,356.26973020204866,205.32643870264488,3.866264773070132,423.19746364654577,False,,,Dead Reckoning
31.200000000000003,358.0331991010266,201.49208437568544,10.263803369067784,0.4117284512604153,0.0895956868037917,-0.0575702823284878,20.00181003419024,85.00342267979826,363.26500267953,204.1789001056285,20.001834170266594,85.00347269412225,1,0.1158572407255553,-0.5846775136869482,-0.0524645302731971,0.1000000000000014,23.590302562679614,357.7060482253328,201.9028355568036,10.34868205959114,24.22464334917677,357.21347176433403,205.75106096692252,3.879622452896049,424.2238439834526,False,,,Dead Reckoning
31.3,358.9738053221409,201.9028355568036,10.273188506938062,0.4059714230275665,0.0978504139046787,-0.0587215954978903,20.00181372403088,85.00343167168484,360.2907847983558,195.910435478134,20.001759893385085,85.0034442615761,1,0.0708400710721208,-0.6392791773202133,-0.0457680413599595,0.0999999999999978,23.26044914239972,358.6498657827822,202.3085354942464,10.331968370112827,23.46082913846624,358.1612567698343,206.16239937670076,3.884714351406044,425.2511628341464,False,,,Dead Reckoning
31.4,359.9176228795903,202.3085354942464,10.28337345184872,0.4000992634777774,0.105587382578447,-0.0599872664180735,20.001817368495423,85.00344069427071,362.4015874099815,197.2615560488733,20.00177203070768,85.00346444015584,1,0.1285172490371781,-0.6987177378688945,-0.0385223356632351,0.0999999999999978,22.923999183569364,359.5969874450426,202.7090829351056,10.34993321538466,23.17165021130071,359.11275733337584,206.56965587230195,3.8908228184354248,426.27950017933125,False,,,Dead Reckoning
31.5,360.8647445418507,202.7090829351056,10.294305983453752,0.3941005368359701,0.1127980843905529,-0.0613619968478937,20.001820966674305,85.00344974844275,359.9750316812466,203.3399568083641,20.00182663391073,85.00344124308,1,0.1461758585945941,-0.6138846072340483,-0.0505071345254329,0.1000000000000014,22.58029746454112,360.5475042734944,203.10436146429683,10.338374564383058,23.111841158204044,360.06361940337456,206.97546519966227,3.901229126505027,427.30893077767655,False,,,Dead Reckoning
31.6,361.81526137030255,203.1043614642969,10.30593306872683,0.3879643371511807,0.1194747795829975,-0.0628388138352542,20.001824517521747,85.00345883507146,362.0148988178802,200.95973177860432,20.00180525198549,85.00346074353989,1,0.1552214751620482,-0.6334308806623878,-0.0498056715990115,0.1000000000000014,22.228719120353183,361.5015049971712,203.49423988559647,10.357263985044014,22.62148763606856,361.01966325812407,207.373848583295,3.9094162107335135,428.33952408454934,False,,,Dead Reckoning
31.700000000000003,362.7692620939793,203.4942398855965,10.318200939370351,0.3816804557676553,0.1256105073706415,-0.0644091224616816,20.0018280198592,85.00346795500506,360.6769906240784,207.43031567225623,20.001863378229583,85.00344795357695,1,0.1637064757348949,-0.6671510742061502,-0.0614076630826928,0.1000000000000014,21.86867923811635,362.4590753266261,203.87857277567983,10.354252462904348,22.565483027449336,361.9758179653616,207.7711817136569,3.9224918127684414,429.3713441784863,False,,,Dead Reckoning
31.8,363.7268324234342,203.87857277567983,10.331055170200958,0.3752395435214871,0.1311990951671937,-0.0660627772114003,20.00183147238029,85.00347710906293,366.6955842272188,202.93304960602416,20.00182297860114,85.00350548935518,1,0.2131675474131214,-0.6414294333688602,-0.0681407558430875,0.0999999999999978,21.49964215019678,363.4202972140429,204.25720121154825,10.400846848892856,21.952365991714,362.940491279902,208.1600024280675,3.932184007660514,430.40444969550634,False,,,Dead Reckoning
31.9,364.68805431085104,204.25720121154825,10.34444075840379,0.3686332658003471,0.1362351667278982,-0.0677881712374697,20.0018348736574,85.00348629802849,361.1531434415065,198.4536090044089,20.00178273910157,85.00345250544152,1,0.1119334390761908,-0.6514720643457633,-0.0562483089151186,0.0999999999999978,21.12113031848416,364.38524806806936,204.629953670098,10.370874685941493,21.33095070812719,363.9065329328384,208.5372476299017,3.936510417745432,431.4388937713467,False,,,Dead Reckoning
32.0,365.6530051648775,204.629953670098,10.358302203546538,0.3618544486766001,0.1407141491983576,-0.069572342599423,20.001838222149704,85.00349552264174,368.0000561921304,200.825911919566,20.00180404986125,85.00351795967875,1,0.1794991720066001,-0.6744971867566034,-0.0628599343534173,0.1000000000000014,20.732732707202445,365.3539999331773,204.99664709688656,10.423949210394891,21.042530619675844,364.87941486568246,208.91153083304408,3.943544808154168,432.4747239917014,False,,,Dead Reckoning
32.1,366.62175702998536,204.9966470968866,10.372583588243462,0.3548972144166578,0.1446322790596621,-0.0714010963587451,20.001841516212803,85.00350478359142,366.0498038574699,196.74761903799487,20.00176741393296,85.00349931590694,1,0.2391287639905742,-0.7264200838717344,-0.0806273828462426,0.1000000000000014,20.334112547023924,366.326618644608,205.35708813939675,10.41877056709336,20.421661144079337,365.85581009728566,209.2750692120357,3.9461673017991594,433.5119823505257,False,,,Dead Reckoning
32.2,367.59437574141606,205.3570881393968,10.38722865935847,0.3477571047807833,0.1479866069614654,-0.0732591412424889,20.00184475410978,85.00351408150688,371.108117021818,204.65471152754805,20.00183844455332,85.00354767171953,1,0.0912560321146057,-0.7860405429526843,-0.0715398374767449,0.1000000000000014,19.925014399627628,367.3031629711055,205.71107453829305,10.460653601227817,20.38989556903519,366.8363326083007,209.63952544128924,3.956091137080651,434.5507052164616,False,,,Dead Reckoning
32.300000000000004,368.5709200679136,205.71107453829308,10.402180909635756,0.3404311906565344,0.1507750014370223,-0.0751302394233359,20.001847934023704,85.00352341694992,370.8235270341073,205.14592215649992,20.00184285717348,85.00354495113271,1,0.189757335476025,-0.7182266873754534,-0.0709592096581515,0.1000000000000014,19.505270439232884,368.28368375862766,206.05839666831776,10.467198289410382,19.977012820143223,367.82007105843405,209.99713005818828,3.9659245394058495,435.5909233074252,False,,,Dead Reckoning
32.4,369.55144085543566,206.0583966683178,10.417383659645877,0.3329181667142008,0.1529961514948397,-0.0769973678181885,20.001851054071484,85.00353279040662,375.01337932837606,204.7850085389721,20.00183961503129,85.00358500474462,1,0.1537272263961875,-0.7714854333738639,-0.0771019464884733,0.0999999999999943,19.074805875956432,369.2682230890162,206.3988392185969,10.503796582798811,19.51113646948915,368.81013433693136,210.3479464362256,3.9755871416827815,436.63266167338975,False,,,Dead Reckoning
32.5,370.53598018582426,206.3988392185969,10.432780139934724,0.325218429932382,0.1546495680832649,-0.0788428891785834,20.001854112318945,85.00354220227928,372.7283042592402,209.6354763356861,20.00188318752486,85.00356316017742,1,0.1661140488596096,-0.7481326521556667,-0.0590255332331621,0.1000000000000014,18.63364345499657,370.2568134681543,206.73218300023663,10.497395633757495,19.29547531085103,369.8009069318816,210.69482222957504,3.988779315994785,437.6759396873833,False,,,Dead Reckoning
32.6,371.5245705649623,206.73218300023663,10.448313573262528,0.3173341410145236,0.1557355844263774,-0.0806487311362309,20.00185710679709,85.00355165287863,366.8084497980026,210.3277425097868,20.00188940625771,85.00350656831297,1,0.1404952092656563,-0.7731394547234708,-0.0708503407672088,0.1000000000000014,18.18190697554152,371.2494770584081,207.05820686721063,10.466872768149464,18.861684951019026,370.7913889425771,211.0332001867988,4.001301864723034,438.7207710447096,False,,,Dead Reckoning
32.7,372.5172341552161,207.05820686721063,10.463927256819998,0.3092692679009005,0.1562553552306678,-0.0823965712770468,20.00186003551931,85.00356114241654,372.3163746365215,206.5470415971423,20.001855443643564,85.00355922226551,1,0.1777778194456456,-0.9032798315067578,-0.0636648220981603,0.1000000000000014,17.71982378382238,372.2462249701093,207.37668973469263,10.512588193362037,18.194265520318964,371.7900882974375,211.3614450707401,4.010777449861178,439.7671637703916,False,,,Dead Reckoning
32.800000000000004,373.51398206691727,207.37668973469263,10.47956464430866,0.3010296107731958,0.1562108547635698,-0.0840680262481152,20.00186289649959,85.00357067099922,369.9979604891328,200.97260873226207,20.00180536766113,85.00353705898767,1,0.2782736354849151,-0.9227074259594416,-0.0764337736315936,0.1000000000000014,17.247726205770018,373.2470566264526,207.68741267720523,10.506124500456764,17.42752215564849,372.792474036123,211.67610258466732,4.014510245262917,440.81512023482253,False,,,Dead Reckoning
32.9,374.5148137232605,207.6874126772052,10.495169427772712,0.2926228081483843,0.1556048738065207,-0.0856448428548986,20.00186568777127,85.00358023862117,372.9599741961617,209.539257418682,20.00188232317562,85.00356537486593,1,0.12238335574766,-0.9066341723141568,-0.0798309644906478,0.0999999999999943,16.76605189616882,374.2519592154513,207.9901610872756,10.534803830925387,17.358644133242656,373.7979746310934,211.99041050864452,4.025928145905859,441.8646371775997,False,,,Dead Reckoning
33.0,375.5197163122592,207.9901610872756,10.510685619069966,0.2840583238628945,0.1544410154867659,-0.0871090890811845,20.001868407406512,85.0035898451599,380.0534016120894,209.6562417728013,20.001883374063954,85.00363318570241,1,0.1259605153628245,-0.9383895203104242,-0.091475067257287,0.1000000000000014,16.275343092904134,375.2609072415024,208.2847268737424,10.5909101877355,16.85864712718042,374.8115492511915,212.2975591299012,4.037913485889085,442.91570573950673,False,,,Dead Reckoning
33.1,376.5286643383104,208.2847268737424,10.526057630870064,0.275347414954776,0.15272368999379,-0.0884433429620351,20.001871053536,85.00359949037167,378.4412657710034,209.21290158421323,20.00187939147128,85.00361777421323,1,0.1176269614856148,-0.8631971362863828,-0.0833240476300694,0.1000000000000014,15.776244776746031,376.2738621876652,208.57091067749155,10.588808307088016,16.322653512269575,375.8277510931156,212.59515353527988,4.048894378363162,443.96831150259374,False,,,Dead Reckoning
33.2,377.54161928447314,208.57091067749155,10.541230357068724,0.2665030806585725,0.1504581081874167,-0.0896308772603938,20.001873624368844,85.00360917388828,375.4448279987369,211.51534992541588,20.00190007471664,85.0035891292522,1,0.2668290225188218,-0.8972542405085682,-0.0845003380036394,0.1000000000000014,15.269501748970765,377.2907722979792,208.84852408125505,10.577251748497147,15.91672371136698,376.8449244643704,212.88522400658107,4.06124692401988,445.0224345383006,False,,,Dead Reckoning
33.300000000000004,378.5585293947871,208.84852408125505,10.556149252507549,0.2575399929325331,0.1476502741063967,-0.0906558379408055,20.00187611821248,85.00361889521496,375.51737729546585,205.3540397918719,20.00184472672601,85.00358982279965,1,0.1545332888303324,-0.872017356225014,-0.0993269767811478,0.1000000000000014,14.755954650863195,378.3115724870588,209.11739178922144,10.58587490517874,15.08123043639404,377.8670519976539,213.1606559959809,4.067626323934265,446.07804946355134,False,,,Dead Reckoning
33.4,379.5793295838667,209.11739178922144,10.570760411890005,0.2484744091384526,0.1443069763880444,-0.0915034144984464,20.0018785334922,85.0036286537295,379.6776758624955,215.1436579477769,20.00193266836216,85.00362959388764,1,0.1730250233706607,-0.9174363306623936,-0.0918986891961504,0.0999999999999943,14.236534960640189,379.33618438185454,209.37735375162896,10.62141605374753,15.037848268567958,378.8928201874058,213.43623613089835,4.083025591110438,447.13512550474024,False,,,Dead Reckoning
33.5,380.6039414786625,209.37735375162896,10.585010647785158,0.2393240676886079,0.1404357786102217,-0.0921600002876487,20.00188086877024,85.00363844868272,376.9542610305191,206.4990704922033,20.0018550127118,85.00360355893626,1,0.1502966315549097,-0.9350821052509766,-0.0903928262728123,0.1000000000000014,13.712259014460468,380.3645164979102,209.6282672092708,10.610679444797537,14.068344851489188,379.9220629494049,213.69415960729205,4.089895614177933,448.19362656951876,False,,,Dead Reckoning
33.6,381.6322735947181,209.6282672092708,10.598847567612047,0.2301080676598431,0.1360450085692655,-0.0926133411003934,20.001883122764177,85.00364827920004,379.6188527625284,211.87593599087336,20.001903313916376,85.00362903155812,1,0.1188238646491109,-0.8916081960331212,-0.0834785456598362,0.1000000000000014,13.184221108819798,381.39646454974303,209.87000863297237,10.635424762064115,13.796604547899928,380.9549205385336,213.94778886284945,4.101615866583714,449.25351132628003,False,,,Dead Reckoning
33.7,382.6642216465509,209.8700086329724,10.61221964949901,0.2208467335498037,0.1311437465085507,-0.0928526703706954,20.00188529436433,85.00365814428449,383.60025006120463,204.8079655497323,20.001839821257622,85.00366709240873,1,0.149386214177829,-0.9318865660295964,-0.0832391692508383,0.1000000000000014,12.653585751653992,382.4319118921968,210.1024755336221,10.668459838930035,12.90048359749199,381.9948385935022,214.18597112981945,4.10681985879519,450.31473329123,False,,,Dead Reckoning
33.800000000000004,383.69966898900464,210.1024755336221,10.625076316913756,0.2115614665127342,0.1257418123135156,-0.0928688295240268,20.00188738265004,85.00366804282102,387.1656050973247,207.311681471812,20.001862312520423,85.00370117603194,1,0.2786539926003437,-0.9533333529833524,-0.0936820143436788,0.1000000000000014,12.121579138777967,383.4707300868432,210.3255881192688,10.69818255763589,12.48203943568746,383.0393704181659,214.41719476102907,4.114281963436385,451.3772409229214,False,,,Dead Reckoning
33.9,384.7384871836511,210.3255881192688,10.637368011961714,0.2022745835603315,0.1198497516911256,-0.0926543721503807,20.00188938690449,85.0036779735818,386.5647716003244,214.87469405944483,20.00193025221844,85.00369543226104,1,0.2194532977398384,-0.8815760027843227,-0.0829656761249619,0.0999999999999943,11.5894799407733,384.5127795848224,210.5392907771376,10.699543241406204,12.3169352377821,384.0846971383684,214.64543652709708,4.1284001139512245,452.44097772411743,False,,,Dead Reckoning
34.0,385.7805366816304,210.5392907771376,10.649046267251984,0.1930091463452934,0.1134788213522153,-0.0922036508535106,20.001891306628128,85.00368793523278,378.906668155836,209.75659130813503,20.00188427551917,85.00362222330718,1,0.1008319304626017,-0.9461218997909432,-0.0890244401469958,0.1000000000000014,11.05860949300817,385.5579105149917,210.74355336016316,10.653220477080025,11.519474519558042,385.12856028044513,214.85818239884665,4.136969150221307,453.5058823508427,False,,,Dead Reckoning
34.1,386.8256676117996,210.7435533601632,10.660063776232157,0.1837887812599423,0.1066409732174289,-0.0915128858153991,20.00189314155013,85.00369792634122,387.7387677988904,213.2633211755616,20.00191577700954,85.00370665527913,1,0.1690196783705132,-0.9607502293851016,-0.1152090860639486,0.1000000000000014,10.53032148804777,386.6059635639784,210.9383722597672,10.716151110812763,11.156309878817687,386.1799250603221,215.0655252210808,4.149084281221274,454.5718887284658,False,,,Dead Reckoning
34.2,387.8737206607863,210.9383722597672,10.670374461895468,0.1746374926784024,0.0993488376683249,-0.0905802143120837,20.00189489163808,85.00370794538416,388.08982138048407,211.6492384259249,20.001901277457502,85.00371001123608,1,0.087772699035006,-0.9784159684875592,-0.0904272346315991,0.1000000000000014,10.005991275219271,387.6567709327803,211.1237712490912,10.72181513336012,10.541534583527158,387.234010877252,215.261678956928,4.1594478315186345,455.6389261746554,False,,,Dead Reckoning
34.300000000000004,388.9245280295882,211.12377124909125,10.679933543765822,0.165579471247194,0.0916157058661859,-0.0894057206224304,20.00189655710554,85.00371799075751,390.1661988857063,210.8088967810908,20.001893728540068,85.0037298607231,1,0.0327973239238748,-0.8896958817277798,-0.0736158342210066,0.1000000000000014,9.487004876471982,388.7101573529805,211.29980208369287,10.738211349473277,9.971261153071955,388.2916116528219,215.4476155842327,4.168877227549599,456.70691952903206,False,,,Dead Reckoning
34.4,389.97791444978833,211.2998020836929,10.688697603068706,0.156638899184951,0.0834555111632262,-0.0879914459830717,20.00189813841743,85.00372806078573,394.82654349474194,215.39135305849092,20.001934893445195,85.00377441208701,1,0.1644310570464577,-0.8486614306776855,-0.0998095035493485,0.0999999999999943,8.974747830872882,389.7659411445107,211.46654484977384,10.77102179670173,9.679325379612786,389.353380424144,215.62871274515868,4.182564755907766,457.77578928933883,False,,,Dead Reckoning
34.5,391.0336982413186,211.4665448497739,10.696624645998469,0.1478397545866438,0.0748828096314468,-0.0863413784581889,20.001899636293185,85.00373815373204,384.8439834109044,210.7565683758182,20.001893258466005,85.00367898209109,1,0.1628874519636244,-0.896090686857016,-0.0802144664540334,0.1000000000000014,8.470593982064544,390.8239352962324,211.6241080532716,10.705359880462376,8.93509515836676,390.41092536836686,215.79498358641095,4.191274258916535,458.8454517539387,False,,,Dead Reckoning
34.6,392.0916923930403,211.62410805327164,10.703674164994997,0.1392056167408249,0.0659127597356423,-0.0844614228097753,20.001901051707524,85.00374826780866,390.318382117467,206.28189373058123,20.00185306177975,85.00373131554481,1,0.1482153722880373,-0.8086517680787189,-0.0636088106679224,0.1000000000000014,7.975894323764945,391.8839485504346,211.77262844655004,10.741852096491176,8.208783607630423,391.47410485646026,215.9483564677375,4.195792697503146,459.9158191704382,False,,,Dead Reckoning
34.7,393.15170564724247,211.7726284465501,10.709807197945596,0.1307594744598474,0.0565611011786959,-0.0823593506700926,20.00190238588892,85.00375840118724,394.9244246156225,209.362908170695,20.001880739003376,85.00377534779838,1,0.0630678387177173,-0.9505535182232624,-0.0849654802001974,0.1000000000000014,7.491966017897936,392.9457864726875,211.91227059290063,10.771625324401464,7.87148000410518,392.5411181006904,216.09587547644625,4.203130537221199,460.9867998902328,False,,,Dead Reckoning
34.800000000000004,394.2135435694953,211.9122705929007,10.714986385230734,0.1225235393928381,0.0468441329478874,-0.0800447315308666,20.00190364031566,85.00376855200905,389.4687603711335,213.5658457790058,20.001918494634293,85.00372319343995,1,0.0685053462477881,-0.8304508773030814,-0.0750232407265898,0.1000000000000014,7.020081698214508,394.0092524893132,212.0432261725416,10.733354497241656,7.602760457519762,393.60501803784206,216.23788220643883,4.214088837989384,462.0582985287559,False,,,Dead Reckoning
34.9,395.277009586121,212.0432261725417,10.719176024535171,0.1145190662397514,0.0367786905922251,-0.0775288452710415,20.001904816709647,85.00377871839491,399.7048567302815,213.2297534916292,20.001915475465907,85.00382104715942,1,0.1042669682751313,-0.803050085044468,-0.0855690078433208,0.0999999999999943,6.561459169316866,395.074148876025,212.16571303721565,10.798695005496242,7.120785535271242,394.6765585404995,216.3717444094005,4.224781411943829,463.13021613120935,False,,,Dead Reckoning
35.0,396.3419059728329,212.1657130372157,10.72234212334918,0.1067661817126473,0.0263821227621452,-0.0748245771443505,20.00190591702788,85.00378889845463,397.4469758109349,207.46453828650945,20.00186368565656,85.00379946255936,1,0.0759569246295506,-0.8086444339970269,-0.0535522657277147,0.1000000000000014,6.117251606861522,396.1402776829961,212.27997402376783,10.779709255603192,6.382192869326206,395.7478487573487,216.49157173364944,4.229841100037271,464.2024503435443,False,,,Dead Reckoning
35.1,397.408034779804,212.27997402376795,10.724452449087602,0.0992837239982122,0.0156722670434295,-0.0719462963373967,20.00190694345178,85.00379909029589,399.9477867373342,210.10694646554336,20.0018874228131,85.0038233694905,1,0.0259903934785772,-0.6223915820592835,-0.0677796226073629,0.1000000000000014,5.688538359439287,397.2074415836865,212.38627554017611,10.79138412880447,6.079886981528056,396.820917216984,216.60586869375783,4.2372594289007335,465.27489558845303,False,,,Dead Reckoning
35.2,398.4751986804944,212.38627554017623,10.725476576757863,0.0920890943644725,0.0046674251185496,-0.0689097193862943,20.00190789837455,85.0038092920323,396.762367695929,210.64111149256948,20.001892221299176,85.00379291793061,1,-0.0462861658873585,-0.7123992128230952,-0.0634434509583541,0.1000000000000014,5.276316446266248,398.2754446371212,212.48490594035803,10.764057703527428,5.689058243885912,397.8920211710336,216.71257249907003,4.24501803129249,466.3474432461289,False,,,Dead Reckoning
35.300000000000004,399.543201733929,212.4849059403581,10.725385934111312,0.0851981224258431,-0.0066136627105795,-0.0657317599032602,20.001908784386508,85.00381950179074,401.98449280382766,211.38849715801544,20.00189893517884,85.0038428397316,1,0.0290800969965211,-0.6953850316710312,-0.047188755248204,0.1000000000000014,4.8814928374397,399.3440929558837,212.57617370664195,10.791661207910638,5.326672398322566,398.966527009874,216.81275592365265,4.253373358297784,467.41998183954,False,,,Dead Reckoning
35.4,400.6118500526915,212.57617370664204,10.72415384421575,0.0786249464355171,-0.0181518436037286,-0.0624303662120978,20.0019096042588,85.00382971771771,403.8172647206586,208.4484329408374,20.00187252413261,85.0038603604292,1,0.0657986383580769,-0.6382147461375909,-0.050815582265643,0.0999999999999943,4.504877595197296,400.4131952747922,212.6604054610362,10.795523275335531,4.798490556907063,400.0422955749169,216.90306219336048,4.258838190833765,468.4923972239615,False,,,Dead Reckoning
35.5,401.68095237160014,212.6604054610363,10.721755565390566,0.0723819098143073,-0.029927578831419,-0.0590243486216441,20.001910360925528,85.00383993798475,402.3795864320117,210.77529213667788,20.001893426664413,85.00384661669693,1,-0.0598069932831269,-0.7029853252539577,-0.0627806359466115,0.1000000000000014,4.14717794545636,401.4825634179671,212.7379438283297,10.77641312579331,4.552922279238438,401.116536323865,216.9886052344404,4.266391709983467,469.5645727805006,False,,,Dead Reckoning
35.6,402.750320514775,212.7379438283298,10.718168328449464,0.0664794749521429,-0.0419209709556067,-0.0555331981775712,20.00191105746453,85.00385016079301,403.4535231928711,210.5521123725512,20.00189142180648,85.00385688317967,1,0.020016998128192,-0.6032075621515971,-0.0570059774184443,0.1000000000000014,3.8089933390034583,402.5520126646904,212.8091451755977,10.772856346303438,4.19970176621453,402.1909292940524,217.06749809972436,4.273634381526902,470.63638961334556,False,,,Dead Reckoning
35.7,403.8197697614983,212.80914517559785,10.713371371199443,0.0609261551343858,-0.0541117915049582,-0.0519768988241825,20.00191169707712,85.00386038437658,404.63079947934347,215.1237449548836,20.0019324894807,85.00386813755432,1,-0.0075347067482736,-0.4776858213544567,-0.0420275857789495,0.1000000000000014,3.490811551159617,403.62136201702486,212.87437725385803,10.768778235985078,4.106541540123905,403.26504235602766,217.1446147454789,4.285077821423707,471.7077267504655,False,,,Dead Reckoning
35.800000000000004,404.8891191138328,212.8743772538581,10.707345970148474,0.0557284652519675,-0.0664795091064629,-0.0483757349780889,20.001912283066847,85.00387060700518,402.2990833196146,215.30174118682888,20.001934088448056,85.00384584711361,1,0.0010279040551537,-0.5194229987172494,-0.0496169455287183,0.1000000000000014,3.1930058576791995,404.6904343745137,212.9340167684257,10.740079064853688,3.814374054327736,404.3366711314282,217.21606228516112,4.296633826561446,472.77846134748035,False,,,Dead Reckoning
35.9,405.9581914713216,212.93401676842583,10.700075469378152,0.0508908917541586,-0.0790033180352001,-0.0447500965640633,20.00191281881772,85.00388082698582,405.5156054306005,212.49658539415933,20.00190888930483,85.00387659600862,1,-0.0054045430492497,-0.4902731686374508,-0.0609225296852685,0.0999999999999943,2.91583331317041,405.7590566233653,212.9884469049592,10.747124895773348,3.393961744457088,405.4094986532446,217.27968652336185,4.305453313766578,473.8484688944181,False,,,Dead Reckoning
36.0,407.02681372017327,212.9884469049593,10.691545306541434,0.0464158820977523,-0.0916621671431805,-0.0411202835894697,20.00191330777196,85.00389104266357,406.5692461228162,211.8123275173471,20.00190274251174,85.0038866684676,1,-0.0963854292394481,-0.344163093188928,-0.0366526915758605,0.1000000000000014,2.6594341465780404,406.8270596492832,213.03805483828276,10.738494855892387,3.100628177197431,406.48177610625896,217.33777078506336,4.31355745853503,474.9176234250723,False,,,Dead Reckoning
36.1,408.0948167460911,213.03805483828285,10.681743035949516,0.0423038537388053,-0.1044347891274721,-0.0375063123371521,20.001913753407603,85.00390125242174,409.2449983391516,213.4578277744002,20.001917524292047,85.00391224778002,1,-0.1552827591357194,-0.3036200705639306,-0.0473084389484002,0.1000000000000014,2.423832276372272,407.8942782844799,213.0832292508336,10.739410913236586,2.944820923178139,407.5542990305885,217.39294364452445,4.32310352041944,475.9857977286672,False,,,Dead Reckoning
36.2,409.1620353812879,213.08322925083368,10.67065834871594,0.0385532225050901,-0.1172997300978373,-0.0339277252375,20.00191415921625,85.0039114546814,412.16150812201874,210.6335039284669,20.001892152959265,85.00394012865571,1,-0.1139757063819813,-0.3061816409504135,-0.0127649077018628,0.1000000000000014,2.2089369361704456,408.9605512004048,213.12435788702788,10.740654833654146,2.586450670052109,408.62727033048975,217.44141272895143,4.329900535396503,477.0528635635387,False,,,Dead Reckoning
36.3,410.2283082972128,213.124357887028,10.658283089929949,0.0351604499813401,-0.130235379403194,-0.0304034064388198,20.00191452868108,85.00392164790028,407.0527000512776,209.6838616405257,20.00188362217745,85.00389129012838,1,-0.0557790135268437,-0.3168039794250739,-0.0236355300611882,0.0999999999999943,2.014545389711622,410.02572075828414,213.16182516899488,10.687112368290382,2.342520577386506,409.6950884850894,217.48509449210167,4.335893834054764,478.1186918725317,False,,,Dead Reckoning
36.4,411.29347785509214,213.16182516899505,10.6446112728353,0.0321201093374581,-0.1432199996762584,-0.0269514050315719,20.0019148652554,85.00393183057143,410.9184507641334,210.34116154221783,20.001889526802927,85.00392824543562,1,-0.1403201948525569,-0.2688607830736367,-0.0310031555990076,0.1000000000000014,1.840346702535096,411.0896328297449,213.19600989800884,10.69211109222891,2.1993135211962387,410.7635119880426,217.5261263629208,4.342379923854455,479.18315299981526,False,,,Dead Reckoning
36.5,412.3573899265529,213.19600989800892,10.629639089994695,0.0294249688343009,-0.156231757055183,-0.0235887677971885,20.00191517234205,85.00394200122143,416.80175656952986,211.29157040609465,20.00189806447101,85.00398448790692,1,-0.1609339232480651,-0.2609475863405518,-0.0255750919438131,0.1000000000000014,1.6859265265094232,412.152136599568,213.22728306457924,10.709268200947877,2.0907045519137046,411.8337259195286,217.5651954664631,4.349582665909569,480.2461169088148,False,,,Dead Reckoning
36.6,413.419893696376,213.22728306457932,10.613364921424264,0.027066092054582,-0.1692487515408558,-0.0203313832470121,20.00191545327368,85.00395215840852,411.1891290099383,209.73686166520253,20.001884098284773,85.00393083303075,1,-0.2303162686370877,-0.2355230457093041,-0.0342253591257513,0.1000000000000014,1.5507728426401195,413.2130843620333,213.25600578855972,10.648493156848014,1.876251772671279,412.8980043401117,217.6000596113049,4.3554654211830535,481.3074534009572,False,,,Dead Reckoning
36.7,414.4808414588413,213.2560057885599,10.595789339686526,0.0250329537298808,-0.1822490474483018,-0.017193838592509,20.001915711294306,85.0039623007207,412.0140914069704,213.7421844657485,20.001920078711667,85.00393871940032,1,-0.0646166697207548,-0.2044031160822192,-0.023188457460314,0.1000000000000014,1.434282597468442,414.27233132141936,213.28252740882763,10.62934433934072,1.958591531327873,413.9603177953951,217.63638774870088,4.365026036525247,482.36703233492585,False,,,Dead Reckoning
36.8,415.54008841822736,213.28252740882772,10.576915111934603,0.0233135698706299,-0.1952107039105666,-0.0141892911457246,20.00191594954207,85.00397242677374,416.14700699372094,215.4716744301789,20.001935614984355,85.00397822871601,1,-0.1239250218393011,-0.150981648286115,0.0009739408796823,0.0999999999999943,1.33576915897045,415.32973540604326,213.30718374008848,10.630961235771228,1.9452265100380064,415.0228012922769,217.6724735744292,4.376067171329962,483.42472384611926,False,,,Dead Reckoning
36.9,416.5974925028513,213.30718374008865,10.556747198904413,0.0218946407560575,-0.2081118053934183,-0.0113293554904839,20.001916171033663,85.00398253520953,419.13064807430726,208.5458888376939,20.00187339959384,85.00400675134485,1,-0.1396170063296801,-0.1413371913737957,0.0159885059644399,0.1000000000000014,1.2544705092772166,416.3851571038521,213.33029551219704,10.62363490271412,1.5164057641574804,416.0847927307749,217.70058709464115,4.380601245513675,484.4803985660097,False,,,Dead Reckoning
37.0,417.6529142006602,213.3302955121972,10.53529275085592,0.0207617052070091,-0.2209304921788923,-0.008624007591846,20.001916378650243,85.00399262469433,417.68719236734216,213.40568164584528,20.001917055855404,85.00399295238235,1,-0.1425442228399187,-0.1390417005928595,0.0036399575401435,0.1000000000000014,1.1895580838564066,417.438459326038,213.3521670050756,10.585521271967131,1.6933273905388115,417.1428825969825,217.73186713654297,4.389662725578623,485.5339278410953,False,,,Dead Reckoning
37.1,418.706216422846,213.35216700507576,10.512561100468634,0.0198993044478245,-0.2336449907761562,-0.0060815068257065,20.001916575125207,85.00400269391766,422.69309819415696,212.6923596192768,20.00191064797461,85.00404080719802,1,-0.1748095726989861,-0.0229620786004614,-0.0020019322119167,0.1000000000000014,1.1401461601062508,418.48950730353766,213.37308488987955,10.589140312277374,1.6071557908163006,418.2013800726637,217.76156594977704,4.39792943488752,486.58518395114214,False,,,Dead Reckoning
37.2,419.7572644003457,213.3730848898797,10.488563752700689,0.0192911537652538,-0.2462336442181012,-0.0037083367142118,20.00191676303376,85.00401274159114,422.3276463480453,214.3976109464901,20.00192596650792,85.00403731359839,1,-0.2284500869770777,0.0028346530011802,-0.003027930470751,0.1000000000000014,1.1053016926869497,419.5381685196373,213.39331728452845,10.55569963235202,1.65652799551747,419.2565088932256,217.79208019733596,4.407771240461663,487.6340403264123,False,,,Dead Reckoning
37.3,420.8059256164453,213.3933172845286,10.463314371625014,0.0189203200938326,-0.2586749422020062,-0.001509164947991,20.00191694478446,85.00402276644796,423.33138581711546,213.35450098021784,20.00191659609166,85.00404690901807,1,-0.2368631474081163,0.0992487706319481,-0.0060741230837546,0.0999999999999943,1.0840544884131735,420.58431268030085,213.41311302911927,10.530150772962816,1.5821136731976353,420.3091225430396,217.82115350534127,4.4166220634844136,488.6803717635747,False,,,Dead Reckoning
37.4,421.8520697771089,213.41311302911944,10.436828764260287,0.0187694035990335,-0.2709475510333448,0.000513176934677,20.001917122612657,85.00403276724256,423.5144192810812,209.05231518932453,20.00187794889915,85.00404865875787,1,-0.262325769262951,0.0019390213752571,0.0261108359280744,0.1000000000000014,1.0754076102022772,421.62781172233673,213.43270118408884,10.49791109428677,1.3573677182125323,421.3586190730838,217.8460212929556,4.421522256614754,489.72405464000076,False,,,Dead Reckoning
37.5,422.8955688191448,213.43270118408896,10.409124861418343,0.0188207212925012,-0.2830303433314274,0.0023576940564106,20.001917298576046,85.0040427427507,429.87852812018303,209.64553328751748,20.001883277868,85.00410949754827,1,-0.1212933056106773,0.0693465612993663,0.0054702070377669,0.1000000000000014,1.0783478974523224,422.6685398581442,213.45229075133133,10.505677923425266,1.3889895026237475,422.4088781733518,217.8714871251968,4.426818358746491,490.7649671261426,False,,,Dead Reckoning
37.6,423.9362969549522,213.45229075133147,10.380222695594002,0.0190564906981423,-0.2949024274564582,0.0040252089579557,20.001917474552123,85.00405269176989,423.3208118883541,213.5405614780864,20.00191826750155,85.00404680793478,1,-0.237106825891486,0.0874181943436206,0.0301815072585807,0.1000000000000014,1.0918564893338654,423.706373654598,213.4720706158292,10.42611946181668,1.5962700256716114,423.4510855137725,217.9005307113036,4.4358123102826745,491.802989395702,False,,,Dead Reckoning
37.7,424.9741307514061,213.47207061582927,10.350144375927051,0.0194590115939379,-0.3065431766177084,0.0055183228805746,20.00191765223767,85.00406261312013,418.9635638752065,216.55841337506584,20.0019453773264,85.00400515407478,1,-0.2997331986852801,0.0744235604706521,0.0244535179766752,0.1000000000000014,1.1149192378287789,424.7411921426446,213.4922097027593,10.360073930085722,1.769236375790605,424.4865990229538,217.9325164998882,4.447599589578963,492.83800383329475,False,,,Dead Reckoning
37.8,426.0089492394526,213.49220970275945,10.31891406027046,0.0200108438819953,-0.3179322576227861,0.006841358062377,20.001917833150163,85.00407250564503,430.821712324004,206.84964758963045,20.001858161999444,85.00411851407951,1,-0.2646574189144721,0.137812065338691,-0.0055666062510856,0.0999999999999943,1.146536898933515,425.77287695342966,213.51285734252173,10.400999147500803,1.3144087932770645,425.5264252585836,217.9563750907757,4.450346999610328,493.86989523932175,False,,,Dead Reckoning
37.9,427.0406340502377,213.51285734252187,10.286557924402496,0.020694979688233,-0.3290496592290548,0.0080002817441939,20.00191801863107,85.00408236821299,425.66753575736726,214.5500370819266,20.0019273357752,85.00406924184426,1,-0.3495931051218707,0.1510568209157263,0.006340757786601,0.1000000000000014,1.1857349932447152,426.8013124762567,213.53414383373905,10.32740393578336,1.7375939802149525,426.5586907772518,217.9876899354506,4.460150016411789,494.898551031762,False,,,Dead Reckoning
38.0,428.0690695730648,213.5341438337392,10.25310412842465,0.0214950078626524,-0.3398757200578295,0.0090026127796356,20.00191820985087,85.00409219971883,428.3927109060939,217.10300984960213,20.001950269519764,85.00409529362368,1,-0.2346503841283681,0.1386752810173673,0.0073121615378973,0.1000000000000014,1.231573231130503,427.8263860333847,213.5561811920268,10.305261737311511,1.9100165319236493,427.5886443952083,218.0220372730956,4.472179739605959,495.92386144460454,False,,,Dead Reckoning
38.1,429.0941431301927,213.5561811920269,10.21858278039093,0.022395269140616,-0.350391156033778,0.0098573119330777,20.00191840781583,85.00410199908538,433.0227951847743,213.0971035634083,20.001914283851328,85.00413955570878,1,-0.353444610824135,0.1179457727279007,0.0140588482920203,0.1000000000000014,1.283154402816871,428.84798806660535,213.5790640702645,10.294773794088142,1.760200521385939,428.617636003509,218.0536591762835,4.480520442513558,496.9457197226436,False,,,Dead Reckoning
38.2,430.11574516341335,213.57906407026465,10.183025897217894,0.0233810003339238,-0.3605770873114799,0.010574657126401,20.001918613376223,85.0041117652653,425.30896654023655,215.229671558344,20.00193344103557,85.0040658140403,1,-0.3055228156803566,0.119805501944615,0.0149715145952635,0.1000000000000014,1.3396326399278022,429.86601233066943,213.60287083423788,10.200980706396717,1.9221630143317685,429.63716008145286,218.08787508216804,4.490839170569694,497.9640223123654,False,,,Dead Reckoning
38.3,431.13376942747743,213.602870834238,10.146467362928634,0.0244384660465639,-0.3704150646525139,0.0111661050584445,20.00191882723602,85.00412149724292,427.378827785159,211.49366359154465,20.001899879904983,85.00408560123402,1,-0.2871161831653572,0.0749088256066867,0.0461284960124259,0.0999999999999943,1.400220962241874,430.8803560889322,213.6276647758968,10.171434418646513,1.7947606001072036,430.65380454177074,218.11973136307373,4.4977758756025965,498.9786690486582,False,,,Dead Reckoning
38.400000000000006,432.1481131857402,213.62766477589693,10.10894288428739,0.0255550765524083,-0.3798870952169775,0.0116441407685352,20.00191904996379,85.00413119403612,427.3442793743837,213.2695661780663,20.001915833109354,85.00408527096256,1,-0.3306486680067278,0.1074140650348406,0.0058718620237876,0.1000000000000085,1.4641980315867258,431.8909203070333,213.65349544510528,10.126917325545014,1.9462931016951943,431.6659120539102,218.15412509877285,4.506250769036874,499.989563337087,False,,,Dead Reckoning
38.5,433.1586774038413,213.65349544510545,10.07048994388524,0.0267194906292619,-0.3889756677339573,0.0120221168455116,20.00191928200464,85.00414085469816,430.776268533765,208.79075489018092,20.00187559926301,85.00411807965179,1,-0.3542521681429754,0.1199682306018542,0.0193118162021555,0.0999999999999943,1.530914043796059,432.8976098409702,213.68040007966448,10.104607218084732,1.7877770160498363,432.67588092236247,218.1856489797963,4.510701870605716,500.9966123314755,False,,,Dead Reckoning
38.6,434.16536693777823,213.68040007966465,10.0311477507406,0.027921702313813,-0.3976637770168079,0.0123140840949528,20.001919523693083,85.00415047831949,435.4842767558292,206.647370154408,20.00185634491033,85.00416308666419,1,-0.3671236727740071,0.0973258088500449,0.0234791615196308,0.1000000000000014,1.59979569940215,433.9003336165451,213.70840511258223,10.08994048286094,1.7481442031393188,433.6844053640813,218.21642949201453,4.513192751896159,501.9997271065496,False,,,Dead Reckoning
38.7,435.16809071335314,213.7084051125824,9.990957188481875,0.0291531107233083,-0.4059349477893104,0.0125346155686396,20.00191977526657,85.00416006402946,436.74065424179145,216.5367025162582,20.00194518229443,85.00417509722034,1,-0.3787570026336657,0.1772290058547401,0.0175188955239476,0.1000000000000014,1.6703502041231484,434.8990047978062,213.7375277350497,10.05144094533813,2.31176507430694,434.6887314054244,218.25697395472463,4.524335203328527,502.9988228253978,False,,,Dead Reckoning
38.8,436.16676189461424,213.73752773504984,9.949960761182735,0.0304065722801723,-0.4137732577903374,0.0126986259306129,20.001920036879543,85.00416961099798,436.9955844325999,210.7825429518765,20.001893491799592,85.00417753426925,1,-0.4126081822367125,0.2161822231798867,0.0188004317084265,0.0999999999999943,1.7421682611133529,435.8935409427563,213.7677774933696,10.005486244769306,2.0944190219546863,435.6886116217684,218.29354037246569,4.530400166034407,503.993818901516,False,,,Dead Reckoning
38.900000000000006,437.1612980395644,213.7677774933697,9.90820253692381,0.0316764348732336,-0.4211633601253162,0.0128211881827995,20.001920308617745,85.0041791184369,432.9230003878873,212.40119395835944,20.00190803238898,85.00413860170329,1,-0.4136375316138013,0.1116318076627343,0.0073730992397336,0.1000000000000085,1.814926028257304,436.88386414521216,213.79915789816084,9.929947219245962,2.2465968515067893,436.68084309454537,218.33246622764128,4.537852130375176,504.9846391552085,False,,,Dead Reckoning
39.0,438.15162124202016,213.79915789816096,9.865728089157674,0.0329585536915135,-0.4280905048339622,0.0129173497995092,20.00192059051272,85.00418858560147,431.2213109321222,209.6398311383504,20.00188322664472,85.00412233411096,1,-0.3241109861514155,0.1716111325417252,0.018982211745536,0.0999999999999943,1.888386025379043,437.86990116225314,213.8316680245325,9.869526020425022,2.180419687388514,437.6670811199527,218.3700161400124,4.542877896976612,505.9712119641242,False,,,Dead Reckoning
39.1,439.1376582590612,213.83166802453263,9.822584435957015,0.0342502886714644,-0.4345405596444962,0.0130019503238986,20.00192088255616,85.00419801179152,439.3007190152324,209.601758915281,20.00188288463612,85.0041995705988,1,-0.409967391278754,0.1060071979121275,0.0231159402856423,0.1000000000000014,1.9623969879796457,438.8515835271834,213.86530408256493,9.873671507664824,2.2509015325170645,438.6536864363687,218.40879551639213,4.547799211466365,506.95347040771986,False,,,Dead Reckoning
39.2,440.1193406239915,213.86530408256505,9.778819977228776,0.0355504837038543,-0.4405000298860972,0.0130894424607019,20.001921184714003,85.00420739635253,438.70401252307647,213.3437909822812,20.00191649988212,85.0041938662807,1,-0.4497898433552359,0.1427531928785405,0.0213654483034132,0.1000000000000014,2.036892675879462,439.8288476483129,213.9000609383436,9.81938445655601,2.51081702086527,439.6346821904394,218.45181227535545,4.555890742656206,507.93135240544285,False,,,Dead Reckoning
39.3,441.09660474512094,213.90006093834367,9.734484429979798,0.0368594279499245,-0.4459560775325411,0.0131937186583623,20.00192149694015,85.00421673867658,442.4747620602708,211.71132935593675,20.001901835229816,85.0042299134079,1,-0.4417709573756164,0.1239175698944733,0.0238957276974832,0.0999999999999943,2.111889656797218,440.801634894165,213.93593356694043,9.793672145414131,2.502453077676871,440.6131154345054,218.49457356421567,4.562536379189532,508.9048008484407,False,,,Dead Reckoning
39.400000000000006,442.06939199097314,213.9359335669405,9.689628761722268,0.0381787998157607,-0.4508965393504827,0.0133279451106236,20.00192181918945,85.00422603820316,444.17525286963695,215.06984656092465,20.00193200530319,85.00424616954156,1,-0.3658780053156215,0.1892376227088765,0.0324540241169859,0.1000000000000085,2.187484096317933,441.7698916659133,213.97291842010893,9.753667834246697,2.7441797460171378,441.5873637210205,218.541270870678,4.571997436929186,509.8737637246131,False,,,Dead Reckoning
39.5,443.0376487627212,213.97291842010904,9.6443051221097,0.0395115943268231,-0.4553099441277108,0.0135044050233445,20.001922151430044,85.0042352944199,443.4523730588973,215.3305336770478,20.0019343470954,85.00423925904798,1,-0.3915296124694869,0.1263011938455764,0.0278740704424879,0.0999999999999943,2.263847596760011,442.7335694579545,214.0110146930232,9.697069950750874,2.8317283596069496,442.5558866388238,218.58917717493023,4.581609203648345,510.83819423682405,False,,,Dead Reckoning
39.6,444.0013265547625,214.01101469302333,9.598566772896724,0.0408620348291576,-0.4591855289578461,0.0137343528877238,20.00192249365469,85.0042445068631,446.28172581089007,214.9735636319972,20.00193114037892,85.00426630673107,1,-0.4011690700462332,0.2124131239606763,0.0194472990226981,0.1000000000000014,2.3412221380273044,443.692624907564,214.05022547612973,9.663769434604244,2.889349584975996,443.52103507017216,218.6378896201332,4.590871961890352,511.7980509141137,False,,,Dead Reckoning
39.7,444.960382004372,214.05022547612984,9.552468016318132,0.0422354701179299,-0.4625132545591626,0.014027881377415,20.001922845891144,85.00425367511824,445.64801612671727,214.7660278489152,20.001929276053264,85.00426024867461,1,-0.4453893145046521,0.1517148495113516,0.0073102978585822,0.1000000000000014,2.4199141835082885,444.6470198345321,214.0905587800532,9.607052243800434,2.955704302147555,444.4804622660325,218.6874273228938,4.59988497940789,512.7532977157455,False,,,Dead Reckoning
39.8,445.9147769313401,214.09055878005327,9.506064121984892,0.0436382582556714,-0.4652838196063236,0.0143938023455288,20.001923208211377,85.00426279882029,447.5049710481445,218.82386339484893,20.001965728210177,85.0042780005538,1,-0.4066156960976763,0.1343482225760323,0.0133937495984176,0.0999999999999943,2.500288023351893,445.5967212716092,214.1320284234865,9.566665416096924,3.236953254091676,445.4356024979428,218.74144592359409,4.612232534199224,513.7039041279439,False,,,Dead Reckoning
39.900000000000006,446.8644783684172,214.13202842348664,9.459411252396867,0.0450776384902243,-0.4674886740555362,0.014839543239837,20.00192358073952,85.00427187765413,444.7504585798076,210.929247116352,20.00189480966553,85.00425166831924,1,-0.4696667303030685,0.1077080791860863,0.0176432317206629,0.1000000000000085,2.582758435906325,446.5417014864741,214.1746547760616,9.49531778713947,2.922619370549592,446.3838992265128,218.78985990268305,4.617902111786479,514.6498452531837,False,,,Dead Reckoning
40.0,447.809458583282,214.1746547760617,9.412566387173785,0.046561592814208,-0.4691200314449428,0.0153710600823207,20.00192396365856,85.00428091135463,447.2706243417876,214.0098501774529,20.001922483193667,85.00427576027624,1,-0.4521007330122315,0.1873413489808485,0.0228945183957352,0.0999999999999943,2.66778275566078,447.4819379958232,214.2184653503135,9.458974158897156,3.159542525730342,447.3283588137565,218.84199443490812,4.6260790915479335,515.591101891901,False,,,Dead Reckoning
40.1,448.7496950926312,214.2184653503136,9.36558724610788,0.0480986988224401,-0.4701708801530646,0.0159927679744635,20.00192435721565,85.00428989970688,449.3400233826021,217.6165348118724,20.001954882592987,85.00429554305144,1,-0.3916806557834773,0.2245425838829077,0.0162094403594696,0.1000000000000014,2.75585244259668,448.41741357207866,214.26349523898992,9.41952276804102,3.4257559156746185,448.26862788527,218.8982808891529,4.6371731910244005,516.5276606165118,False,,,Dead Reckoning
40.2,449.6851706688866,214.26349523899003,9.318532211143172,0.0496979756198865,-0.470634993600072,0.0167074898943858,20.00192476172602,85.00429884254615,452.14675609513887,218.05711466700413,20.001958840389165,85.0043223744944,1,-0.3969211096541187,0.1993553455750274,0.0123501579025423,0.1000000000000014,2.847484253363558,449.34811624312505,214.30978739608176,9.38494278065152,3.537165224764263,449.2053343213808,218.9561822061476,4.648588109112693,517.4595138376261,False,,,Dead Reckoning
40.3,450.615873339933,214.30978739608187,9.271460247387864,0.051368724609325,-0.4705069393778949,0.0175164243482195,20.001925177575544,85.00430773975802,449.4346498232593,210.04449644804816,20.001886861815045,85.00429644764914,1,-0.489602431675435,0.3043444153416157,0.0106344374570161,0.0999999999999943,2.943211119084131,450.2740392854567,214.3573927620416,9.313585423943373,3.229946571682445,450.135213355828,219.0086580652295,4.65333660499398,518.3866598623648,False,,,Dead Reckoning
40.400000000000006,451.5417963822647,214.3573927620417,9.224430823267593,0.053120367044147,-0.4697820872964175,0.0184191322282544,20.00192560522182,85.00431659127821,453.105298149461,213.4203264370741,20.0019171874118,85.00433153784162,1,-0.4825584099418463,0.2713953836876723,0.006907354637699,0.1000000000000085,3.043572837815451,451.1951812111168,214.40637023567828,9.284854168382235,3.4967195215670706,451.0619702040577,219.06528768239767,4.660821488509077,519.3091029446916,False,,,Dead Reckoning
40.5,452.46293830792473,214.4063702356784,9.17750382992858,0.0549622802669724,-0.4684566163349846,0.0194135430166651,20.001926045193954,85.0043253970925,451.6654219321786,218.48073352328012,20.001962645822097,85.00431777309787,1,-0.4330215086943141,0.1927914771520767,0.0220640359789194,0.0999999999999943,3.149106691712686,452.1115457488761,214.4567864971485,9.222187054090274,3.852824856092775,451.9821046415468,219.12725507344317,4.67226194925138,520.2268533276845,False,,,Dead Reckoning
40.6,453.3793028456841,214.45678649714864,9.130739500000596,0.056903634568639,-0.4665275204891017,0.0204959802584008,20.00192649809093,85.00433415723653,453.0266763436997,215.98102381274583,20.001940190547707,85.00433078624299,1,-0.3502209017556262,0.2012420848462597,0.0107993258376978,0.1000000000000014,3.2603380997377496,453.02314182021286,214.508715688285,9.178388656654034,3.836549965517609,452.8978866193088,219.188668040577,4.681628230122172,521.1399272776845,False,,,Dead Reckoning
40.7,454.29089891702085,214.50871568828515,9.08419832583076,0.058953232594479,-0.4639926135049332,0.0216612060124417,20.0019269645788,85.00434287179559,456.7794560430931,215.09450478272447,20.001932226811764,85.00436666158443,1,-0.5297708717283829,0.2502595273679661,0.0166559491708678,0.1000000000000014,3.377771416316727,453.9299835108124,214.56223895818505,9.150788706671245,3.9070608710386927,453.8108387454407,219.25101990448425,4.690294472364574,522.0483471102675,False,,,Dead Reckoning
40.8,455.1977406076204,214.5622389581852,9.037940977299607,0.0611193531957232,-0.4608505324948808,0.022902483779479,20.00192744538651,85.00435154090432,449.218559494458,213.9091848778812,20.001921578901893,85.00429438189657,1,-0.4169338855163556,0.1950903376112086,0.0239634650510359,0.0999999999999943,3.50188098468436,454.83209003850783,214.61744388351573,9.048079769878523,3.969228280669162,454.71347642318335,219.3136513497817,4.697705158473965,522.9521412079974,False,,,Dead Reckoning
40.900000000000006,456.0998471353159,214.6174438835159,8.992028219331784,0.0634096015736711,-0.4571007404284533,0.0242116591984452,20.001927941300792,85.00436016474646,452.2104301510916,213.46604110639268,20.001917598073664,85.00432298319745,1,-0.4959029070071106,0.3060263380758879,0.0158524861045309,0.1000000000000085,3.6331025507774575,455.72948571880295,214.67442377435796,9.01609877277029,4.075532411921295,455.6128063312654,219.37773010782783,4.704753399056581,523.8513440299307,False,,,Dead Reckoning
41.0,456.99724281561095,214.6744237743581,8.946520829213918,0.0658307674935156,-0.4527435274963132,0.0255792576065014,20.00192845315986,85.00436874355445,452.5506866232825,215.5390809636291,20.001936220507545,85.00432623593758,1,-0.4544600771725904,0.2769253870645733,0.0343767794914884,0.0999999999999943,3.771825139485457,456.6221999293511,214.7332768775973,8.966877121265062,4.315057998949007,456.5069522868471,219.44519760515445,4.713329922876738,524.745996112852,False,,,Dead Reckoning
41.1,457.8899570261592,214.7332768775975,8.901479513832522,0.0683886932541658,-0.4477800113442587,0.0269945973692326,20.001928981846284,85.00437727760911,450.8891086666142,213.97615450264405,20.00192218050027,85.00431035179801,1,-0.4360014322474707,0.2831148010093079,0.0393968280052894,0.1000000000000014,3.918383489878504,457.51026707498767,214.79410549087035,8.904807191435555,4.380527371130832,457.394831705652,219.51321266840645,4.7205188144489405,525.6361440642353,False,,,Dead Reckoning
41.2,458.7780241717957,214.7941054908705,8.856964826945067,0.071088152991089,-0.4422121361774422,0.0284459177119785,20.00192952827901,85.00438576723937,456.74323085133017,214.6663696277372,20.00192838080823,85.00436631528349,1,-0.4332375533492867,0.3162921760337083,0.0279516475142245,0.1000000000000014,4.073051139769699,458.3937265551044,214.85701500087777,8.893399538141963,4.566664346613033,458.28134833491,219.584020997713,4.728341628783848,526.5218405469299,False,,,Dead Reckoning
41.3,459.6614836519124,214.857015000878,8.813037086597033,0.0739327447622869,-0.4360426707361675,0.0299205196213897,20.00193009340476,85.00439421282185,461.9097853510957,215.09281111922303,20.001932211597325,85.0044157058477,1,-0.4327324677191279,0.3798321432420147,0.0305502465452897,0.0999999999999943,4.236034242696982,459.2726227353052,214.9221128604867,8.87802576459159,4.747824048614238,459.16610454700566,219.6575047369041,4.736589738163756,527.4031442555895,False,,,Dead Reckoning
41.400000000000006,460.5403798321133,214.9221128604869,8.769756292797833,0.0769247967244259,-0.4292752051449344,0.0314049182401862,20.00193067818877,85.00440261478069,459.6857276329656,212.8878982750064,20.001912404528245,85.00439444458635,1,-0.3989148521261159,0.3139612469710501,0.041779215941577,0.1000000000000085,4.407466192211383,460.14700492536485,214.98950751945333,8.814058611470182,4.805755462937358,460.0444117805734,219.7313471063612,4.742949295672952,528.2801198848694,False,,,Dead Reckoning
41.5,461.4147620221729,214.9895075194535,8.727182045568046,0.0800652885484445,-0.421914146640141,0.0328850050493599,20.001931283605305,85.00441097358726,462.00813226799846,216.5858956410978,20.001945624203792,85.00441664601193,1,-0.4186769249716699,0.3113414070916191,0.0307450540770131,0.0999999999999943,4.587403119322991,461.01692736551456,215.0593073238139,8.781137847206884,5.167222525405206,460.9189569848731,219.8104325320276,4.752135197951195,529.1528380894262,False,,,Dead Reckoning
41.6,462.2846844623227,215.05930732381407,8.685373463469805,0.0833537890533805,-0.4139647141816027,0.0343462180220962,20.00193191062761,85.0044192897601,465.5523369524551,223.8020412690604,20.00201044794289,85.00445052744473,1,-0.4570875834243103,0.4037457117457921,0.0315188789061233,0.1000000000000014,4.775820319182464,461.8824492229968,215.13161939901656,8.75715781340402,5.7129570164447765,461.7903231595677,219.89760545951492,4.766876371422685,530.0213754357733,False,,,Dead Reckoning
41.7,463.1502063198048,215.1316193990168,8.644389102731726,0.0867884108555901,-0.4054329319548166,0.0357737178437005,20.00193256021804,85.0044275638648,467.1332647166079,209.8006594810385,20.0018846713903,85.00446564059494,1,-0.3364394513286778,0.3876194574918416,0.0527387026255634,0.1000000000000014,4.97260965267269,462.74363460064114,215.2065485317072,8.72094282537708,5.206061656773779,462.6588198826869,219.97673749832515,4.770942916617801,530.8858143460465,False,,,Dead Reckoning
41.8,464.0113916974492,215.2065485317073,8.604286877078842,0.0903657826399602,-0.3963256217736965,0.0371525682228151,20.001933233317885,85.00443579651417,463.8039778932708,216.1785861042773,20.00194196527997,85.00443381370633,1,-0.3286820134162525,0.3336223631901582,0.0509944456099429,0.0999999999999943,5.177577957666282,463.6005525589332,215.2841960647472,8.652904118384319,5.726179836294778,463.51979256846806,220.06307133386025,4.779557616955785,531.7462430337542,False,,,Dead Reckoning
41.900000000000006,464.8683096557413,215.2841960647474,8.565123978376986,0.0940810394622417,-0.3866503943934241,0.0384679182719462,20.001933930837545,85.00444398836842,468.92906732444953,213.00362579889068,20.00191344412628,85.0044828078781,1,-0.3144916788922905,0.3597418116222444,0.0494834182953854,0.1000000000000085,5.390446493390197,464.4532771526567,215.36465881954047,8.642195696168375,5.776417980097361,464.3796238192551,220.15005227820384,4.785960234659144,532.6027554315921,False,,,Dead Reckoning
42.0,465.7210342494647,215.3646588195407,8.526956798200157,0.0979278312894363,-0.3764156397450247,0.0397051849103131,20.001934653646767,85.00445214013548,465.9974142247671,217.09686655209845,20.001950214333583,85.00445478223729,1,-0.4234523645582287,0.3783334421917291,0.0539616311242541,0.0999999999999943,5.6108514297538665,465.3018874827143,215.4480280590908,8.57879933136884,6.197461816381754,465.2324900853036,220.24266497666,4.795139118950021,533.455451111412,False,,,Dead Reckoning
42.1,466.56964457952233,215.44802805909097,8.489840850427981,0.1018983497804676,-0.365630516105675,0.0408502332395774,20.00193540256539,85.00446025257155,464.0574499080399,215.58770047907456,20.00193665726409,85.00443623681554,1,-0.3206846084764674,0.3949026261371246,0.0260774459859038,0.1000000000000014,5.838345381768613,466.1464677631727,215.5343885044163,8.523092885951433,6.345329002767792,466.0795779815899,220.3368627441004,4.802940043942776,534.3044351964548,False,,,Dead Reckoning
42.2,467.4142248599807,215.53438850441648,8.453830694979022,0.1059833731044254,-0.3543049382185526,0.0418895528631177,20.00193617835447,85.00446832648164,465.6310238033845,217.81995282654387,20.001956709928105,85.00445127966519,1,-0.2905059954282064,0.3162971952462152,0.0604279083310487,0.1000000000000014,6.072399977443897,466.9871074029483,215.6238174160252,8.491942687935047,6.686678193550267,466.9229958184425,220.43574276549316,4.812352425178356,535.1498182659527,False,,,Dead Reckoning
42.3,468.2548644997564,215.62381741602536,8.418979862784271,0.1101723283907372,-0.3424495643791836,0.042810428161995,20.00193698170805,85.00447636272052,463.8132549620613,219.1503371455517,20.001968660973777,85.00443390239205,1,-0.3640096678011628,0.3132959022229307,0.0517310493278324,0.0999999999999943,6.312409435918579,467.8239011008848,215.71638375112215,8.43936913253297,6.988735422394896,467.7606623584566,220.5384281164066,4.8224590199726105,535.9917162522311,False,,,Dead Reckoning
42.400000000000006,469.09165819769294,215.71638375112235,8.385340782103185,0.1144533712069367,-0.3300757825055633,0.0436011006051181,20.001937813245583,85.00448436219345,466.427256636492,216.2936471044269,20.00194299889052,85.00445889138958,1,-0.2996171200964568,0.351240585948558,0.0587089144451754,0.1000000000000085,6.55769512120161,468.6569489522759,215.8121474060904,8.417578105028513,7.086558288866837,468.5959899033889,220.64227465809228,4.830511906224071,536.8302503304415,False,,,Dead Reckoning
42.5,469.9247060490839,215.81214740609056,8.352964706283158,0.1188134812674485,-0.3171956952103905,0.044250921256694,20.001938673505137,85.00449232585733,468.8506559848606,219.2083042713331,20.00196918170133,85.00448205829144,1,-0.2930090274759087,0.3513894613271133,0.0531225390478576,0.0999999999999943,6.807511025881467,469.4863565641974,215.91115855258764,8.39580437252167,7.477318869143593,469.42843092963966,220.75153237375127,4.840720412061122,537.6655468010697,False,,,Dead Reckoning
42.6,470.7541136610055,215.91115855258784,8.321901643061107,0.1232385733931179,-0.3038221038966959,0.0447504917498731,20.0019395629374,85.0045002547217,473.1648687191413,208.8782648712218,20.00187638537854,85.00452330074832,1,-0.1817145709682827,0.3702179901224365,0.0502397399966746,0.1000000000000014,7.061050128638897,470.31223517635294,216.01345707433592,8.38797334344868,7.209405444570595,470.2605968276707,220.85679816239215,4.843616357052719,538.4977369653758,False,,,Dead Reckoning
42.7,471.579992273161,216.0134570743361,8.292200285503819,0.1277136225681052,-0.2899684918980583,0.0450917921204471,20.00194048190065,85.00450814985,476.74230176665895,220.7848139680842,20.00198334372889,85.00455749983335,1,-0.1637436900474296,0.4356457035995512,0.0473386999968266,0.1000000000000014,7.31745155947917,471.1347017835232,216.1190721103817,8.37661568212714,8.056019404166573,471.0899919517085,220.97418909510407,4.855322842448389,539.3269569939262,False,,,Dead Reckoning
42.8,472.40245888033127,216.1190721103819,8.263907944681495,0.1322228017801499,-0.2756490066861605,0.0452682940371338,20.001941430656665,85.00451601236065,468.25591433420016,217.2442585660589,20.00195153837857,85.0044763727566,1,-0.3288668263526706,0.3956465569194118,0.0539397378059959,0.0999999999999943,7.575808497397457,471.9538792551863,216.2280217092858,8.286264314373955,8.132067820181307,471.9102862475482,221.0914027081764,4.863576368340966,540.1533477883943,False,,,Dead Reckoning
42.900000000000006,473.22163635199433,216.228021709286,8.237070484166587,0.1367496311838633,-0.260878441170167,0.0452750581238505,20.001942409367565,85.00452384342825,474.4001187567741,219.4615517765216,20.00197145666237,85.00453510933299,1,-0.1061820908837675,0.4127535751914055,0.047157579034805,0.1000000000000085,7.835176716805958,472.7698964474452,216.34031259738177,8.294927033531787,8.496853220167734,472.7306744222418,221.21396447929249,4.873809704257331,540.9770548368111,False,,,Dead Reckoning
43.0,474.0376535442531,216.340312597382,8.211732256447462,0.1412771369962484,-0.2456722141134637,0.0451088142426867,20.001943418093774,85.00453164428461,470.9160217267805,212.6806853628574,20.001910543102984,85.00450180250964,1,-0.2614335001711299,0.3392063344646545,0.0587875752433379,0.0999999999999943,8.094583691576574,473.582888302093,216.4559400629424,8.240921377664312,8.411602329850346,473.5459015792295,221.3345154396297,4.878715581348015,541.7982280624558,False,,,Dead Reckoning
43.1,474.850645398901,216.4559400629426,8.187936041343894,0.145788018420517,-0.2300463496940441,0.0447680237921425,20.00194445679297,85.00453941621973,476.2747366642906,213.9636304181266,20.001922067994503,85.00455303006453,1,-0.1510126849776728,0.3734756053613776,0.0339034573466205,0.1000000000000014,8.353038159071126,474.3929959274803,216.57488795683227,8.24742998311316,8.728422676830325,474.36109300564993,221.4596711488648,4.884887371228206,542.6170216665902,False,,,Dead Reckoning
43.2,475.6607530242882,216.57488795683247,8.165722986508653,0.1502648207997313,-0.2140174562368635,0.0442529232715686,20.00194552532008,85.00454716058258,475.267493072225,217.0127028392668,20.001949458278087,85.00454340114659,1,-0.1354925571936769,0.4207199958660934,0.0438371646536258,0.1000000000000014,8.609540041114231,475.20036665582063,216.69712880901815,8.2131012534949,9.131430785235947,475.17199458343583,221.59001282733328,4.892966277338803,543.433593965241,False,,,Dead Reckoning
43.3,476.46812375262857,216.6971288090184,8.145132550096521,0.1546901131268881,-0.1976027041466732,0.0435655485674782,20.00194662342834,85.00455487878158,470.975406275086,216.646015141006,20.00194616426645,85.00450237020641,1,-0.2173872154887635,0.4145947906086178,0.0690137810522446,0.0999999999999943,8.863090614571941,476.0051540717104,216.82262405917436,8.15851443357957,9.360534931171324,475.9769824963096,221.72270810892385,4.90016503112599,544.2481072202506,False,,,Dead Reckoning
43.400000000000006,477.2729111685184,216.82262405917453,8.126202445679318,0.1590466679836359,-0.1808198030717367,0.0427097396282554,20.00194775077136,85.00456257228497,480.0578021432239,217.6718298232045,20.001955379316524,85.00458919492807,1,-0.1261564133797817,0.3408392992120609,0.0414489349925315,0.1000000000000085,9.112702821080813,476.80751800691775,216.9513243985691,8.194768385510688,9.65516310928231,476.7848514608933,221.86014909620272,4.908877028853579,545.0607274648186,False,,,Dead Reckoning
43.5,478.0752751037257,216.9513243985693,8.108968589482174,0.1633176419464615,-0.1636869783295402,0.0416911254084495,20.00194890690617,85.00457024262067,476.2602729652995,220.2048698813592,20.00197813400252,85.00455289179632,1,-0.1390636655428434,0.3761551457162573,0.0443042881778147,0.0999999999999943,9.357411603560983,477.6076244969328,217.08317021946547,8.146868575226,10.02008887770048,477.5871117437393,222.00189927922864,4.918771832114416,545.8716243237667,False,,,Dead Reckoning
43.6,478.8753815937408,217.08317021946567,8.09346505001341,0.1674867544873065,-0.1462229466260822,0.040517089179975,20.00195009129733,85.00457789137596,477.2736808786201,211.7875092735572,20.00190251956566,85.00456257964315,1,-0.0885064463944627,0.4678660378805208,0.0366912798464742,0.1000000000000014,9.596284156466464,478.4056456953473,217.21809216741667,8.13278704524594,9.831501109171036,478.3884467744094,222.14076763363013,4.922705511051962,546.6809708287681,False,,,Dead Reckoning
43.7,479.6734027921553,217.21809216741687,8.079724000156958,0.171538463405304,-0.1284468911025804,0.0391967145227586,20.00195130332181,85.00458552019653,476.4641455582862,220.1395493825688,20.00197754721849,85.00455484075135,1,-0.0869132759835491,0.3458187385940519,0.0475551712516168,0.1000000000000014,9.828429977283236,479.2017597428248,217.3560117910968,8.108328951931165,10.474502838040834,479.18576787461,222.2881753915743,4.932189526135829,547.4889432287837,False,,,Dead Reckoning
43.8,480.4695168396328,217.35601179109705,8.067775671792894,0.1754581348575798,-0.1103784357432235,0.0377407125193223,20.00195254227487,85.00459313078535,478.50666700957015,217.3808575209708,20.001952765467863,85.00457436658562,1,-0.0205614614747112,0.2998242549923964,0.0353780636179004,0.0999999999999943,10.053010608576557,479.9961505882304,217.49684228367408,8.104690006259144,10.554252895070244,479.982525287334,222.43662614517584,4.939802652655059,548.295720795963,False,,,Dead Reckoning
43.900000000000006,481.2639076850384,217.49684228367428,8.057648313008313,0.1792322061095121,-0.0920376191787308,0.0361613308841667,20.00195380737671,85.00460072490095,482.5475790071232,216.88549670030065,20.001948315565897,85.0046129963772,1,-0.0582676420214277,0.3126871673268337,0.0393052215360962,0.1000000000000085,10.269248962893933,480.7890077603716,217.6404893092109,8.116206121822213,10.738681683725249,480.77993217024095,222.58785537916108,4.9473743942045285,549.1014856272639,False,,,Dead Reckoning
44.0,482.0567648571796,217.64048930921112,8.049368147957148,0.1828483391979287,-0.0734448679216459,0.0344722459573316,20.0019550977799,85.00460830435512,481.4890318343704,213.22714360605644,20.001915452020903,85.00460287701388,1,-0.0518385713929615,0.3120886539738313,0.0479609113176823,0.0999999999999943,10.476438127017811,481.5805260897464,217.7868519071556,8.09558326113842,10.75577084186008,481.57526785672025,222.7389375726608,4.952088457157935,549.9064224420596,False,,,Dead Reckoning
44.1,482.84828318655445,217.7868519071558,8.042959339423984,0.1862955637936619,-0.0546209690697452,0.0326884386799963,20.001956412577485,85.0046158710104,483.8342691934019,219.2959979122864,20.001969969466707,85.0046252967128,1,0.0301822425831137,0.285353364137937,0.0307008044918481,0.1000000000000014,10.673949547387014,482.3709053806669,217.9358234676644,8.099532579469635,11.249406847643543,482.369659725721,222.89694339066884,4.961120079386094,550.7107183760021,False,,,Dead Reckoning
44.2,483.6386624774749,217.93582346766465,8.0384439541432,0.1895644076616615,-0.0355870425147308,0.0308260558463896,20.001957750811783,85.00462342677685,484.7244280392614,210.6934999145715,20.00189269191237,85.00463380633903,1,0.0234327557281992,0.2762257872146663,0.0437121670390418,0.1000000000000014,10.86124050491061,483.1603500350995,218.0872927702532,8.095682391221777,10.999124327255954,483.1643562768733,223.0514041474391,4.96411299378644,551.5145627714164,False,,,Dead Reckoning
44.3,484.4281071319075,218.0872927702534,8.035841930921038,0.1926470132463005,-0.0163645126943023,0.0289022580886309,20.00195911148368,85.00463097360847,488.390092098492,220.0324748039696,20.00197658535119,85.00466884888355,1,0.050226157021742,0.19008163760008,0.0421245512442344,0.0999999999999943,11.037860794813884,483.94906863051534,218.24114507810933,8.112255164031602,11.635119896499692,483.9589125799094,223.21501074806724,4.973875411198526,552.3181469645085,False,,,Dead Reckoning
44.400000000000006,485.2168257273234,218.2411450781096,8.035171051604339,0.1955372390551636,0.003024920074246,0.026935056197695,20.001960493562475,85.00463851349922,484.1884672747303,213.7648275716906,20.00192028211815,85.00462868273014,1,-0.0002044135386837,0.1982962600787577,0.0424846171448879,0.1000000000000085,11.203458535501523,484.737273454933,218.397263280284,8.078315328587053,11.479642660180575,484.7505838296731,223.3757851794256,4.978539692149528,553.121664069669,False,,,Dead Reckoning
44.5,486.005030551741,218.3972632802842,8.036446914935887,0.1982307446749331,0.0225593086395825,0.0249431375128305,20.001961895996143,85.00464604847848,481.5744571012039,218.5576370181366,20.001963336657944,85.00460369365138,1,0.0002961695696588,0.2229874386602338,0.0313485474620109,0.0999999999999943,11.357785039609084,485.525180003155,218.555529073918,8.056909758598973,11.865803726501705,485.5390587050595,223.54145146889428,4.985941711160724,553.9253087611626,False,,,Dead Reckoning
44.6,486.7929370999631,218.55552907391825,8.039682913332255,0.2007250584262161,0.0422164884013387,0.0229456842220559,20.00196331772196,85.00465358060632,489.99460434967904,218.1980225619345,20.00196010618632,85.00468418749372,1,0.0438303812387036,0.2062126268736588,0.0603582749918238,0.1000000000000014,11.500698690339044,486.3130064389127,218.7158241786176,8.111027361663696,11.982823364739856,486.3324874204495,223.7098513566945,4.994065174185455,554.7292770524958,False,,,Dead Reckoning
44.7,487.58076353572073,218.7158241786178,8.044890212616155,0.2030196268484217,0.0619741069949242,0.0209621855066264,20.001964757677385,85.0046611119683,486.58629901942896,222.22443862049943,20.001996276097177,85.00465160521412,1,0.0609330377108948,0.1703290172743035,0.0365075224720473,0.1000000000000014,11.632167776735418,487.100973028221,218.87803157507128,8.08826044917421,12.3075984988295,487.1227244703514,223.8822606832956,5.004276380540369,555.5337660737574,False,,,Dead Reckoning
44.8,488.36873012502906,218.87803157507147,8.05207773473124,0.2051158453990844,0.0818096542352542,0.0190122455315669,20.00196621481122,85.0046686446701,491.7125074587612,218.3420660680298,20.00196140015116,85.00470061008326,1,0.1511196176678999,0.1742373996281519,0.0272610217756352,0.0999999999999943,11.75227225262542,487.889301549704,219.0420367599829,8.124369583622789,12.225473977273335,487.9167368547393,224.05430179684572,5.012340121711634,556.3389738472305,False,,,Dead Reckoning
44.900000000000006,489.1570586465121,219.04203675998312,8.061252143463205,0.2070170699522411,0.1017004922786934,0.0171153893317828,20.00196768809486,85.00467618083188,490.3071899860595,216.9596210765461,20.0019489814365,85.00468717570975,1,0.1804996947933961,0.1710222117077522,0.0133561451909655,0.1000000000000085,11.861204395427944,488.6782146879512,219.20772900936728,8.118919685726855,12.257083611256096,488.7101216378844,224.2266652341138,5.019037644960117,557.145099061577,False,,,Dead Reckoning
45.0,489.9459717847592,219.2077290093675,8.072417833186979,0.2087286088854194,0.1216238859622986,0.0152908686683436,20.001969176533663,85.00468372258239,489.5525591941492,217.6879209214539,20.00195552386532,85.00467996168722,1,0.1438673714856786,0.1979049537494837,0.0193202774096022,0.0999999999999943,11.959268352771383,489.4679354161132,219.37500264221669,8.119795082582913,12.383277948375705,489.5032103684129,224.40079446009275,5.025915610004758,557.9523408448955,False,,,Dead Reckoning
45.1,490.7356925129213,219.3750026422169,8.085576920655665,0.2102576957522537,0.1415570332786941,0.0135574699320074,20.00197067917827,85.00469127205318,491.7820201950602,223.1936509484809,20.00200498267965,85.00470127460218,1,0.2431029842199117,0.1346593792234202,0.0328207397010078,0.1000000000000014,12.046878576749874,490.2586863739375,219.54375827648843,8.142552438536592,12.737810992063071,490.2974261794043,224.5803295477898,5.036720256617981,558.7608985369611,False,,,Dead Reckoning
45.2,491.5264434707456,219.54375827648863,8.100729239842718,0.2116134427454545,0.1614770959451927,0.0119333261508943,20.001972195135927,85.00469883137264,497.3794811511245,221.15264918403133,20.001986648048856,85.00475478449061,1,0.2599005656334492,0.1466238043440422,0.034028672307157,0.1000000000000014,12.12455715754783,491.0506892472689,219.71390406928768,8.189749491045244,12.705001702924964,491.0963488122879,224.76044782539407,5.046750308681231,559.5709714609454,False,,,Dead Reckoning
45.3,492.3184463440769,219.7139040692879,8.117872339844704,0.2128067753605439,0.1813612300255584,0.010435735116631,20.00197372358159,85.00470640266,498.5493879312382,218.5570141247184,20.0019633310624,85.00476596841521,1,0.2235311758455854,0.0876359503775494,0.0302190261210333,0.0999999999999943,12.192930079947764,491.8441641547333,219.88535693302703,8.20941195042578,12.635085582719288,491.89740927195305,224.94002116884715,5.054944666303136,560.3827586949299,False,,,Dead Reckoning
45.400000000000006,493.1119212515413,219.8853569330273,8.13700148584783,0.213850348872207,0.2011866165624543,0.0090809855787362,20.00197526376887,85.00471398801952,493.3200646569397,219.17601767313377,20.00196889166588,85.00471597780212,1,0.1900920279853022,0.1324967793270635,0.0219329086460324,0.1000000000000085,12.252722437777704,492.63932904686186,220.0580437192418,8.188389108550485,12.717255474783029,492.69616066391166,225.1202803593885,5.062555642513025,561.1964588435147,False,,,Dead Reckoning
45.5,493.9070861436698,220.05804371924205,8.158109663157195,0.2147584474300807,0.2209304921789012,0.0078841933712115,20.001976815040663,85.00472158953474,494.387657923621,215.3565124474857,20.001934580466664,85.00472618364313,1,0.3296993246506783,0.1131066290084987,0.0003275913082558,0.0999999999999943,12.304752652525783,493.4363991223424,220.23190236163367,8.211313475023537,12.569676088937968,493.4976111993408,225.29898046882144,5.067447825356669,562.0122698098304,False,,,Dead Reckoning
45.6,494.7041562191504,220.231902361634,8.18118758428361,0.2155468667672018,0.2405701796071291,0.0068591492291628,20.00197837683942,85.00472920926289,497.9328766915496,221.39732496418856,20.001988846008786,85.00476007477023,1,0.2675193120557087,0.1294068366713667,0.0167307674074195,0.1000000000000014,12.349925753029328,494.2355862654137,220.40688296982165,8.252712387432938,12.908196883157055,494.30202721119264,225.4833374523433,5.076889255478249,562.8303885682587,False,,,Dead Reckoning
45.7,495.5033433622217,220.4068829698219,8.20622369907862,0.2162327816901181,0.2600831181031005,0.0060181799279712,20.00197994871697,85.00473684922952,492.9663602639197,215.12743584673552,20.001932522636547,85.00471259650429,1,0.2963913779246492,0.115059553872461,-0.0013958438525587,0.1000000000000014,12.389225783217473,495.037098507664,220.58294886520207,8.239310478423274,12.625253427063152,495.10603603418696,225.6634268305583,5.080945654012977,563.6510109381666,False,,,Dead Reckoning
45.8,496.304855604472,220.58294886520235,8.23320420790423,0.2168345996829152,0.2794468937051153,0.0053720242344188,20.00198153034382,85.00474451142331,497.3040667223268,222.8383382627087,20.00200179085149,85.00475406355343,1,0.2924666424247869,0.1036657536758384,-0.0045026876993886,0.0999999999999943,12.42370741423978,495.8411395167,220.76007755028385,8.289865615356595,13.0364768841151,495.9136568383294,225.8504224345786,5.09086140088316,564.474331358957,False,,,Dead Reckoning
45.900000000000006,497.108896613508,220.7600775502841,8.262113077819643,0.2173718021063571,0.2986392692955064,0.0049297249998273,20.001983121517867,85.00475219779129,497.03130806964646,221.14594232775792,20.00198658780014,85.0047514560703,1,0.2841497529806466,0.0658090749582387,0.0123213118455997,0.1000000000000085,12.4544868458472,496.64790811333,220.93826160287705,8.311595820860568,12.97378008472089,496.7235993314047,226.0370220294457,5.099322214572846,565.300542666739,False,,,Dead Reckoning
46.0,497.91566521013794,220.9382616028773,8.29293206176333,0.2178647746063398,0.3176382144243117,0.0046985385513992,20.00198472217245,85.00475991023413,498.8573898445106,228.09911700159907,20.002049049230965,85.00476891281235,1,0.2742062429085471,0.0812116223485535,0.0149305330240967,0.0999999999999943,12.482732089512222,497.45759781808977,221.11750948659173,8.349210225992483,13.34077485944831,497.5359899352197,226.2296735822847,5.112765109539112,566.1298358729154,False,,,Dead Reckoning
46.1,498.72535491489776,221.117509486592,8.325640720704506,0.2183346284614798,0.3364219348540231,0.0046838623515006,20.001986332383584,85.00476765060178,496.2252484970496,217.81710282541908,20.001956684326107,85.00474375040551,1,0.3980653510318876,0.1221716015464048,0.0187176333363086,0.1000000000000014,12.509652732399696,498.2703964271669,221.2978462692645,8.358973344585518,12.84463239934105,498.35097017274575,226.41550029241245,5.118288271396879,566.9623999449858,False,,,Dead Reckoning
46.2,499.5381535239749,221.2978462692648,8.360216448734135,0.2188030146966298,0.3549689017856572,0.0048891816975791,20.001987952376464,85.00477542068954,494.769451044048,220.98985999614288,20.0019851856887,85.00472983345998,1,0.3457988490908262,0.0382708887788111,0.01486054410144,0.1000000000000014,12.536489286855812,499.0864856170632,221.47931424118067,8.378425098867957,13.021089973199716,499.1672694029491,226.6042743323195,5.1255967414368255,567.7984215898593,False,,,Dead Reckoning
46.3,500.3542427138712,221.47931424118096,8.396634501061637,0.2192919328663877,0.3732578807257347,0.0053160360299675,20.001989582530992,85.00478322223418,494.1352924058973,226.87417734395007,20.002038045410803,85.00472377111166,1,0.5562344421755759,0.0432164226032691,0.015631895887395,0.0999999999999943,12.5645022345102,499.9060405767176,221.6619734253184,8.405174832341812,13.33424538964866,499.9851275429722,226.79812402259563,5.136759455740815,568.6380850399654,False,,,Dead Reckoning
46.400000000000006,501.17379767352566,221.6619734253187,8.434868024879282,0.2198235364693845,0.3912679599551705,0.0059640052031908,20.00199122338636,85.00479105691043,497.8216453345568,225.2361423461929,20.00202333069205,85.00475901143498,1,0.3669642808245466,0.0893771666861263,0.001117479353267,0.1000000000000085,12.594960877335865,500.7292296653071,221.84590197231057,8.462520342619491,13.273669323379576,500.8087715233769,226.9924255898456,5.147138258589038,569.4815718424535,False,,,Dead Reckoning
46.5,501.9969867621151,221.84590197231088,8.474888093052671,0.2204199369897036,0.4089785785614097,0.0068307158609054,20.00199287564461,85.00479892632778,500.62096090729705,219.75726581757115,20.0019741131068,85.00478577197252,1,0.3761094548123412,0.1086535370298859,0.0107809490140587,0.0999999999999943,12.629132110049555,501.5562140935665,222.0311964334097,8.515714587353886,13.024700302312572,501.6384346010523,227.1843451742417,5.153804629299619,570.3290606517587,False,,,Dead Reckoning
46.6,502.82397119037455,222.03119643341,8.516663740591564,0.2211030085757941,0.4263695539947409,0.0079118678375985,20.00199454017308,85.00480683202731,501.9443964304282,222.7030987185304,20.002000575974,85.00479842358148,1,0.481876489775413,0.0561773929696275,-0.0021593000187463,0.1000000000000014,12.668269229037849,502.3871476262543,222.217971905456,8.56079990885859,13.201864343293868,502.4718896579845,227.37985890488315,5.162582552056352,571.180727025818,False,,,Dead Reckoning
46.7,503.6549047230623,222.21797190545632,8.56016200385162,0.221894195359554,0.4434211091122364,0.0092012802940299,20.001996218005687,85.00481477547899,509.46659821035087,222.2239699747016,20.00199627188726,85.00487033336005,1,0.5498867830606012,0.1050263217890788,-0.0058324109999719,0.1000000000000014,12.71360089255382,503.2221763033165,222.40636204268608,8.64890662710021,13.213900796016084,503.3138810196696,227.57756172552732,5.172012752770363,572.036743226203,False,,,Dead Reckoning
46.8,504.4899334001245,222.4063620426864,8.605347962414012,0.222814323388957,0.460113898672212,0.0106909570804807,20.00199791034308,85.0048227580789,507.8079135098464,223.25222964486883,20.00200550890104,85.00485447687906,1,0.493343381519373,0.1172994670173316,0.0230973841789115,0.0999999999999943,12.766320345250302,504.0614381774057,222.5965189311819,8.677467829812159,13.308613725359423,504.1583238350592,227.7773135988877,5.181700514270187,572.8972780224444,False,,,Dead Reckoning
46.900000000000006,505.32919527421376,222.5965189311822,8.652184783586062,0.2238834190970051,0.4764290352423117,0.0123711706144919,20.00199961855148,85.00483078114678,502.4429219251889,220.5004776232277,20.001980789492045,85.00480318932148,1,0.5350411562516755,0.0262736483656806,0.0098399266765823,0.1000000000000085,12.827575017217008,504.9050630656592,222.7886128228407,8.68294296125923,13.222772951819284,505.003597969206,227.9759253377838,5.188248283852875,573.7624965008031,False,,,Dead Reckoning
47.0,506.1728201624672,222.78861282284092,8.700633769462474,0.2251205361584543,0.4923481144870045,0.0142305633602083,20.002001344160263,85.00483884592366,507.2159455198201,222.5206516147388,20.00199893702377,85.00484881785948,1,0.4301707436140691,0.1428352206673659,0.0279555483816388,0.0999999999999943,12.898456603601671,505.7531723140434,222.9828317269366,8.757587938511493,13.385058543196562,505.85556789621626,228.1786584344346,5.196835578464829,574.6325598777493,False,,,Dead Reckoning
47.1,507.0209294108514,222.9828317269369,8.750654406483463,0.2265435924944751,0.5078532397992941,0.0162562658068672,20.00200308885837,85.00484695356954,505.7996947018004,218.1886746011068,20.00196002221216,85.0048352789668,1,0.5039776625147058,0.1643870723734061,0.0323397415856676,0.1000000000000014,12.979991725665016,506.605878573105,223.17938085864225,8.792512841756457,13.24028386937351,506.7114470211585,228.3800380367104,5.201728537805124,575.5076253183976,False,,,Dead Reckoning
47.2,507.873635669913,223.17938085864256,8.802204417422333,0.2281692190751618,0.5229270462431135,0.0184340296664411,20.002004854489257,85.00485510516133,507.0205441557927,223.5847512142468,20.00200849599312,85.00484694988663,1,0.4992462597862351,0.1842454502196915,0.0172408564202091,0.1000000000000014,13.073133267802648,507.4632855846045,223.37848194526043,8.84651714066153,13.59340178558286,507.5713179361953,228.58795788827317,5.210595991805388,576.38784576014,False,,,Dead Reckoning
47.3,508.7310426814124,223.3784819452608,8.855239815732086,0.2300126220418059,0.5375527237743682,0.0207483748469229,20.002006643044748,85.00486330169076,509.2870196296586,224.72854396552623,20.00201877085822,85.0048686166478,1,0.4728004312769742,0.2845275487850698,0.0316514857924759,0.0999999999999943,13.17875247773325,508.3254879792327,223.5803723923813,8.908946328720393,13.746255578746524,508.436695209616,228.79965441995756,5.220466639245019,577.2733697417132,False,,,Dead Reckoning
47.400000000000006,509.5932450760406,223.5803723923816,8.909714962177206,0.2320874595264982,0.5517140397079867,0.023182748609992,20.00200845665749,85.0048715440625,511.4507584269668,222.89811415445,20.002002327827466,85.00488930128009,1,0.5875630514091811,0.1757617672293956,0.0215711813238556,0.1000000000000085,13.29763190878166,509.19257108637794,223.7853043137012,8.972098384516714,13.763518996885075,509.3081425293709,229.01311416582664,5.229087167796642,578.1643412379309,False,,,Dead Reckoning
47.5,510.4603281831858,223.78530431370143,8.965582623673683,0.2344057343874974,0.5653953604013662,0.0257196951914374,20.002010297592264,85.00487983309223,509.4425527315338,218.9401516419471,20.001966772845275,85.00487010349318,1,0.4832539793208445,0.2193609237343043,0.0122609064451691,0.0999999999999943,13.43045927406819,510.0646107576901,223.9935434298077,9.008797453996005,13.688201640480472,510.1834353703724,229.22629661858187,5.234102141074959,579.0608995002982,False,,,Dead Reckoning
47.6,511.3323678544981,223.993543429808,9.02279403425748,0.2369777039066412,0.5785816721240078,0.028341034051174,20.00201216823607,85.0048881695051,514.5239224527011,226.9591390183624,20.00203880863451,85.00491867971888,1,0.5424718738196354,0.1551055230456543,0.0345741280955986,0.1000000000000014,13.57782227255142,510.94167320694686,224.20536784282484,9.094071064912168,14.22610205197914,511.0649541396591,229.4497825123917,5.24586345750046,579.9631789037239,False,,,Dead Reckoning
47.7,512.2094303037547,224.20536784282515,9.081298958098484,0.2398118073117586,0.5912586010848653,0.0310280448281622,20.00201407108715,85.00489655393406,508.7836156253275,225.2989429568036,20.002023894839542,85.00486380427084,1,0.5943989113841944,0.2877291178611157,0.0313193060310046,0.1000000000000014,13.740204436368304,511.8238148694133,224.4210666954056,9.108460193575636,14.294883192067225,511.94759834948536,229.67468175614272,5.255073125689355,580.8713087995338,False,,,Dead Reckoning
47.8,513.0915719662211,224.42106669540595,9.141045754474453,0.2429146117945748,0.6034124325906998,0.0337616570050421,20.00201600874291,85.00490498691865,513.1105891533078,222.243021402303,20.001996443029142,85.0049051687167,1,0.591848140793146,0.3188346737236632,0.0343607668991708,0.0999999999999943,13.917982037887944,512.7110822844792,224.6409387241316,9.191172535721698,14.309079773232796,512.8382014395544,229.9018439488012,5.262440789457158,581.7854133749812,False,,,Dead Reckoning
47.900000000000006,513.978839381287,224.640938724132,9.201981444616624,0.246290777495079,0.6150301293088756,0.0365226422385886,20.002017983886947,85.00491346890374,521.7718605610745,223.79913738361776,20.002010421856845,85.00498796762683,1,0.664850554419229,0.3405818173711516,0.0612760734170439,0.1000000000000085,14.111422083463664,513.603512005808,224.865290718907,9.303934919148542,14.569332016437954,513.7386771553704,230.1358856865816,5.272327847443968,582.705611519443,False,,,Dead Reckoning
48.0,514.8712691026158,224.8652907189073,9.264051780336228,0.2499430417189379,0.6260993486097277,0.0392918072856868,20.00201999927521,85.00492200023878,515.5405083304915,220.36328251056185,20.00197955704738,85.004928397946,1,0.6713783582048517,0.4493852042117829,0.02903323745836,0.0999999999999943,14.320681409157402,514.5011305435136,225.0944359013892,9.318513375188736,14.595580998740123,514.640456353776,230.3707073051743,5.278110609660052,583.6320166974765,False,,,Dead Reckoning
48.1,515.7688876403214,225.09443590138952,9.32720131433857,0.2538722224475065,0.6366084589647869,0.0420501854507334,20.002022057721405,85.0049305811772,520.06853116014,222.0182055180558,20.001994423473697,85.00497168435717,1,0.7112983962615598,0.4652414211211101,0.0508788968044481,0.1000000000000014,14.545806881848522,515.4039543429753,225.3286922368584,9.405865604470694,14.891995362681836,515.5494504864466,230.61243596393052,5.285746579352765,584.5647368289104,False,,,Dead Reckoning
48.2,516.6717114397832,225.3286922368588,9.391373472129183,0.2580772409925799,0.6465465553791461,0.0447792244991984,20.00202416208187,85.00493921187622,516.9462719743028,223.7152581977873,20.0020096683573,85.00494183658476,1,0.71416574201478,0.4544312572776544,0.0398311521277508,0.1000000000000014,14.786736697255469,516.311989804776,225.5683806951592,9.443203875692648,15.206064995301896,516.4607090229241,230.8601230125948,5.293831708694998,585.5038741761233,False,,,Dead Reckoning
48.3,517.5797469015838,225.5683806951596,9.4565106254144,0.2625551634424997,0.6559034738360658,0.0474609690233357,20.002026315239924,85.00494789239703,519.3220781875732,229.253643132,20.002059420515657,85.0049645485119,1,0.7429441133041349,0.4602845051846446,0.0615435831160089,0.0999999999999943,15.043302754622754,517.2252333499043,225.81382347742655,9.518126167320997,15.727565876464777,517.3768871506522,231.1181247483308,5.306468773845489,586.4495252386647,False,,,Dead Reckoning
48.400000000000006,518.4929904467122,225.8138234774269,9.522554166896398,0.2673012603448333,0.6646698047348121,0.0500782353092371,20.00202852008995,85.0049566227054,518.322640863534,223.8953133047645,20.002011285819844,85.00495499421932,1,0.6945738847343594,0.5581821917201373,0.0580625476709877,0.1000000000000085,15.315234076286584,518.1436715337945,226.0653422262056,9.571418503008545,15.719308567653464,518.2982323742581,231.37743826617412,5.314344116751832,587.4017806553544,False,,,Dead Reckoning
48.5,519.4114286306022,226.0653422262059,9.589444586361362,0.272309083875757,0.6728369053031713,0.0526147768389114,20.00203077952132,85.0049654026728,518.9002058871097,227.98598320419217,20.002048032932773,85.00496051555126,1,0.7180102503440048,0.5335585939287177,0.0614082203307175,0.0999999999999943,15.602161229154811,519.0672812119858,226.323256237264,9.636036434738076,16.198193278054127,519.2235833454197,231.6462459332636,5.325283998120072,588.3607251139905,False,,,Dead Reckoning
48.6,520.3350383087935,226.3232562372644,9.657121547957033,0.2775705615596481,0.6803969109675023,0.0550554386658672,20.002033096402297,85.00497423207798,517.9965911186173,224.70830762867965,20.002018589072115,85.00495187729084,1,0.7359725960634619,0.520763561126451,0.0506065424898446,0.1000000000000014,15.90362169444404,519.9960297591999,226.5878806918554,9.691531900022524,16.322874264014803,520.1536730372916,231.91862631208187,5.333076060838743,589.3264372687862,False,,,Dead Reckoning
48.7,521.2637868560076,226.58788069185576,9.725523968554862,0.2830761054262349,0.6873427456657133,0.0573862990266741,20.002035473564217,85.00498311060907,522.5546909328802,227.33172337441133,20.002042155616724,85.0049954512281,1,0.7244255805352646,0.502299392776348,0.0547304198937908,0.1000000000000014,16.2190661219236,520.9298753424661,226.85952492839212,9.784129995734014,16.75625825605138,521.0905424998039,232.20070362053863,5.343594647508983,590.2989896656417,False,,,Dead Reckoning
48.8,522.1976324392738,226.8595249283925,9.794590097090175,0.2888147353289023,0.6936681310878701,0.0595947966927793,20.002037913785912,85.00499203786616,519.6430208717164,226.43533842196112,20.00203410325369,85.00496761661856,1,0.7038084155920163,0.5916408808304149,0.0738673017662382,0.0999999999999943,16.547865395534014,521.8687672476195,227.13849077242568,9.82755935330646,17.026656070212443,522.0302228966796,232.48847085313315,5.352415790143744,591.2784486753507,False,,,Dead Reckoning
48.900000000000006,523.1365243444272,227.13849077242608,9.864257594772436,0.2947742149981803,0.6993675948328004,0.0616698427249128,20.002040419778726,85.00500101336442,525.1332800533676,229.7576605727043,20.00206394818136,85.00502010169322,1,0.712745468115812,0.6760593953262731,0.0843778199421884,0.1000000000000085,16.88931842867766,522.8126462570909,227.42507094347687,9.927569299498703,17.52027691869157,522.9769263007805,232.7873336755573,5.364778610587096,592.264874434828,False,,,Dead Reckoning
49.0,524.0804033538985,227.4250709434773,9.934463616056735,0.3009411992706716,0.7044364774697875,0.063601915465002,20.002042994172204,85.00501003653777,527.3362643672363,225.8206369288216,20.002028581296223,85.00504116149976,1,0.6935585575532893,0.7756778495757336,0.0734049936372439,0.0999999999999943,17.242660599814972,523.7614450754388,227.7195475566215,10.006169356145657,17.66243889908219,523.9303747443406,233.09092932327215,5.374037524631044,593.2583207964336,False,,,Dead Reckoning
49.1,525.0292021722464,227.7195475566219,10.005144890266394,0.3073013908171718,0.7088709384944814,0.0653831377857254,20.00204563950063,85.00501910674286,526.128796393958,223.00196280661456,20.00200326071577,85.00502961850249,1,0.7599517799899729,0.687248284235908,0.061408930578011,0.1000000000000014,17.607072732324216,524.7150887976162,228.0221907358012,10.06247551841114,17.87119349482385,524.8880696571741,233.39972470782172,5.38031541807807,594.2588352854603,False,,,Dead Reckoning
49.2,525.9828458944238,228.0221907358016,10.076237803755632,0.3138397045957443,0.712667961172242,0.0670073358136291,20.002048358190564,85.00502822326365,525.1240996937568,223.8763436417107,20.00201111541246,85.005020013932,1,0.7379672024679842,0.6669140744982235,0.0753967210382498,0.1000000000000014,17.981690516968655,525.6734954135366,228.33325735461204,10.120512829084518,18.27439816226411,525.8490788279994,233.71707179355988,5.386676846485005,595.2664590658359,False,,,Dead Reckoning
49.3,526.9412525103442,228.3332573546124,10.147678482500842,0.3205404381771072,0.715825356262263,0.0684700785459934,20.002051152549544,85.00503738531614,528.3031492482703,226.73762487278407,20.00203681873908,85.00505040460168,1,0.7126666687304247,0.6655640823421092,0.0977447989893695,0.0999999999999943,18.36561427082233,526.6365763411962,228.65298991882815,10.206757794087016,18.78583264673092,526.815382103078,234.0457616583925,5.395735217329123,596.2812269140859,False,,,Dead Reckoning
49.400000000000006,527.9043334380038,228.65298991882852,10.219402875008084,0.3273874460317066,0.7183417646162837,0.069768697992073,20.00205402475604,85.00504659205352,526.9783142713646,224.9058100067944,20.00202036326617,85.00503773961441,1,0.7152295236500541,0.7705921776610424,0.0757929260992622,0.1000000000000085,18.7579189231838,527.6042369794408,228.98161560317067,10.263229413897156,19.07055992758209,527.7853772809207,234.3810945303048,5.402516496354812,597.3031672015868,False,,,Dead Reckoning
49.5,528.8719940762483,228.98161560317104,10.2913468354241,0.3343643158309139,0.7202166586497327,0.070902289683693,20.00205697685079,85.00505584257141,531.6786354526437,230.21225165020968,20.00206803184249,85.00508267314122,1,0.6896967222605933,0.671449251941384,0.090520698277629,0.0999999999999943,19.157664116890665,528.5763772705013,229.3193454528532,10.360057777933404,19.7191959192426,528.7606291461234,234.7306539258869,5.414444398458365,598.3323018851291,False,,,Dead Reckoning
49.6,529.8441343673088,229.31934545285355,10.36344620673803,0.3414545447992832,0.7214503426826724,0.0718716936160719,20.002060010729647,85.00506513591333,524.3499161146634,227.92204095827933,20.002047458529805,85.00501261299124,1,0.8003924097445324,0.8023556856475628,0.0694683999576847,0.1000000000000014,19.56390431255962,529.5528922617044,229.6663737582624,10.37681808505373,19.99403908783091,529.7357680027875,235.08546055762724,5.422171638349978,599.368646505803,False,,,Dead Reckoning
49.7,530.8206493585119,229.6663737582628,10.435636903960631,0.3486417141608904,0.722043952150031,0.0726794558948159,20.002063128137955,85.00507447107594,529.813827254156,236.79019340834208,20.002127122498685,85.00506484618728,1,0.7559748356266205,0.829341992408866,0.077258595378452,0.1000000000000014,19.975698783625447,530.5336726553043,230.0228776087932,10.47892475659826,20.83188976612941,530.7151575317266,235.45811963929415,5.438271112264851,600.4122101961991,False,,,Dead Reckoning
49.8,531.8014297521117,230.0228776087936,10.507854997168035,0.355909659750372,0.721999451682942,0.07332977157692,20.00206633066653,85.00508384701439,525.8289937667397,224.80973382338212,20.002019500199125,85.00502675248784,1,0.7088594507042785,0.822352579367373,0.0845254236381754,0.0999999999999943,20.392121391633463,531.5186053352382,230.38901662940293,10.518038757265556,20.63146420236289,531.6995052063617,235.82872866297515,5.442719152368868,601.4629956959159,False,,,Dead Reckoning
49.900000000000006,532.7863624320457,230.3890166294033,10.580036794297222,0.3632426369080639,0.721319632062789,0.0738284094000006,20.00206961974932,85.00509326264734,528.3011799413641,230.9999161655327,20.002075107553217,85.00505038577575,1,0.79174701954289,0.8001242043195174,0.0828016924826292,0.1000000000000085,20.81227003403505,532.5075738597621,230.76493290091557,10.600135577692678,21.34281501084152,532.6868225290422,236.21451778541103,5.452532026385578,602.5209993753457,False,,,Dead Reckoning
50.0,533.7753309565696,230.76493290091588,10.652118923580597,0.370625477848064,0.7200081060531893,0.0741826192926067,20.00207299666264,85.00510271686164,537.8669176460114,227.3810738303989,20.00204259893941,85.00514183108663,1,0.7219856655634707,0.8484491154448914,0.0715187324914951,0.0999999999999943,21.23527566071345,533.5004589093941,231.1507510625389,10.729396168176876,21.5660827071876,533.6846501937101,236.60890258856665,5.461258509748205,603.5862112677037,False,,,Dead Reckoning
50.1,534.7682160062016,231.15075106253929,10.72403841550786,0.3780437397773247,0.7180693031152163,0.074401023747144,20.00207646252615,85.00511220851664,537.4537709521167,229.6705470413912,20.002063165627195,85.00513788153992,1,0.6777442717646047,0.8364263553738999,0.071305849175838,0.1000000000000014,21.660310760582664,534.49713868038,231.54657859250676,10.791942115147291,22.086300559525263,534.68465157966,237.014682546506,5.471318117157776,604.6586151092545,False,,,Dead Reckoning
50.2,535.7648957771875,231.5465785925071,10.795732784203638,0.385483842152039,0.715508463012684,0.074493494313614,20.00208001830536,85.00512173644792,533.6064550773331,231.9708370125288,20.002083829483585,85.0051011024637,1,0.7965695774736407,0.7953056666783407,0.0893763383446406,0.1000000000000014,22.086597225799057,535.4974892149598,231.952506260257,10.831343179537942,22.607810146800137,535.6845554999098,237.43106230225575,5.481748817693712,605.7381883876749,False,,,Dead Reckoning
50.3,536.7652463117673,231.95250626025737,10.867140108110396,0.3929331915834004,0.7123316283171821,0.0744710146351066,20.00208366481564,85.00513129947049,532.2577359436447,224.9763921356345,20.00202099731621,85.00508820915172,1,0.7154767788388765,0.9318075661515944,0.091386522761608,0.0999999999999943,22.51341350833425,536.5013846610489,232.3686087411611,10.887090038989578,22.664607802103102,536.6891903571652,237.8505811918876,5.485188504510817,606.8249023984858,False,,,Dead Reckoning
50.400000000000006,537.7691417578565,232.3686087411615,10.938199109867076,0.4003802930469111,0.7085456358227926,0.0743455315929826,20.002087402727817,85.00514089638125,528.8755552443315,233.0790870915256,20.00209378506343,85.00505587661502,1,0.7181006813123532,0.8256222585124317,0.0944669671742018,0.1000000000000085,22.940100991799103,537.5086974555063,232.7949453825533,10.928908533110244,23.47562490931731,537.6916222295761,238.285943981324,5.4940446926349376,607.9187223094726,False,,,Dead Reckoning
50.5,538.7764545523138,232.7949453825537,11.008849235274957,0.4078148462062094,0.7041581068816782,0.0741297962593565,20.00209123257503,85.00515052596074,537.1459680285159,238.5036677693762,20.00214251490076,85.00513493904506,1,0.7362171078991372,0.8848713658834013,0.0971691010918852,0.0999999999999943,23.36606951039255,538.519298426904,233.2315611077167,11.047979325116303,24.151505629733677,538.6997136004145,238.73797302875664,5.509366740289101,609.019607233,False,,,Dead Reckoning
50.6,539.7870555237116,233.23156110771708,11.07903073124341,0.415227825832145,0.6991774366742476,0.0738371964653943,20.00209515476082,85.00516018697414,547.0483005604539,231.8712462126113,20.002082934844207,85.00522960209194,1,0.7863068978137534,0.7271138546141755,0.0801833908286203,0.1000000000000014,23.79080195657513,539.5330568155923,233.678487442589,11.177439031488358,24.22278621181984,539.7190479993889,239.1965674204514,5.521213576971651,610.1275103061243,False,,,Dead Reckoning
50.7,540.8008139123999,233.6784874425894,11.148684722609804,0.4226115454786845,0.693612782429236,0.0734815828848945,20.0020991695684,85.00516987817139,542.1054667267908,234.4579110130059,20.00210617124946,85.00518235022382,1,0.7246146469725516,0.913046544641056,0.0753695904425786,0.1000000000000014,24.213857929429672,540.5498402108133,234.1357436482818,11.207382408039075,24.752829107950497,540.73681561298,239.66582565333107,5.533241977682276,611.2423787783854,False,,,Dead Reckoning
50.8,541.8175973076209,234.1357436482822,11.217753287729256,0.4299597037671739,0.6874740506086052,0.0730770906025925,20.00210327717078,85.00517959828672,540.1388804494724,237.2105087276584,20.00213089825544,85.00516355030487,1,0.6575181943013437,0.9231989605976508,0.0915869999903772,0.0999999999999943,24.634876386554183,541.5695144066144,234.60333794108348,11.256561842008267,25.288614640523,541.7545972979467,240.1466814391709,5.5464324402675445,612.3641541071582,False,,,Dead Reckoning
50.900000000000006,542.8372715034221,234.6033379410839,11.286179532731524,0.4372674128274332,0.6807718830756126,0.0726379581848902,20.00210747764178,85.00518934603714,544.232512131923,234.1114774410029,20.00210305918373,85.00520268407934,1,0.7379657332812217,0.8512967263220491,0.0847686510034061,0.1000000000000085,25.05357727361656,542.5919431802862,235.08126878045124,11.34548113692153,25.52898424861251,542.7783765135647,240.63563495429395,5.557494127831844,613.4927720604315,False,,,Dead Reckoning
51.0,543.8597002770938,235.08126878045164,11.35390766434438,0.4445312086459222,0.6735176422647715,0.0721783462967055,20.00211177096756,85.00519912012044,539.1768252181105,233.3383882148572,20.00209611440505,85.00515435337282,1,0.6792681560516853,0.8774448309547561,0.0673537937100296,0.0999999999999943,25.469762117260757,543.6169879989475,235.5695262046039,11.372688497284493,25.88261808898103,543.8015662102104,241.13208563788777,5.565620950521902,614.628162826866,False,,,Dead Reckoning
51.1,544.8847450957551,235.5695262046044,11.42088306118448,0.4517490432755928,0.6657233953737673,0.071712157911611,20.002116157058623,85.00520891921227,543.9927750076622,228.74231699343903,20.0020548271948,85.00520039227116,1,0.7901195939502407,0.8769419286540828,0.0663758012564219,0.1000000000000014,25.88331357876425,544.6445076616985,236.0680931927133,11.464936593930528,26.041953118205985,544.8316596029047,241.63542976803743,5.570481342939682,615.7702511329844,False,,,Dead Reckoning
51.2,545.9122647585061,236.0680931927137,11.487052343419132,0.4589202590667539,0.657401897599712,0.0712528621433212,20.00212063576208,85.00521874196278,546.2106971775534,237.99106535089865,20.00213791011489,85.00522159487869,1,0.6873459114998175,0.8163461785767228,0.0811721641568843,0.1000000000000014,26.29419397757535,545.6743578863847,236.5769470323553,11.539041892879448,26.8903425854846,545.860796489892,242.1573226170959,5.583489143863973,616.9189563673264,False,,,Dead Reckoning
51.3,546.9421149831923,236.5769470323557,11.552363440704422,0.466045545281086,0.6485665744415758,0.0708133236851312,20.00212520687389,85.0052285869927,546.6838130277291,236.237441803169,20.00212215704653,85.00522611771085,1,0.5668147995466426,0.8754173669268452,0.0740405770702912,0.0999999999999943,26.702442805479325,546.7063908514623,237.0960606708335,11.600641427668002,27.185467544019996,546.8927109948111,242.68732381508585,5.594366697320773,618.0741927113967,False,,,Dead Reckoning
51.400000000000006,547.97414794827,237.096060670834,11.616765658307449,0.4731268776495991,0.6392315030938001,0.0704056397805535,20.00212987015105,85.0052384528889,550.3465663133402,234.05800911666944,20.0021025788696,85.00526113242933,1,0.6870997517015838,0.8074542948602719,0.0751413402331466,0.1000000000000085,27.108173263524503,547.7404547046829,237.62540402921564,11.68258178074125,27.45627068581628,547.9293800657484,243.2259743585731,5.603755955261864,619.2358692772276,False,,,Dead Reckoning
51.5,549.0082118014905,237.625404029216,11.680209741323182,0.4801674416276544,0.6294113929566336,0.0700409865638424,20.002134625323347,85.00524833819973,550.0421474801987,238.0051941600491,20.002138037036136,85.00525822228526,1,0.7566412825696451,0.8176555673726121,0.0857663202109443,0.0999999999999943,27.511567864858915,548.7763930512989,238.1649452584312,11.737102645847903,28.03055737140057,548.9654106955895,243.7775505720039,5.615787217817093,620.4038902513599,False,,,Dead Reckoning
51.6,550.0441501481065,238.1649452584316,11.742647936898775,0.4871715402840387,0.6191215652888982,0.0697294765042709,20.00213947210467,85.00525824143011,552.0491282024304,236.41390418801305,20.002123742235103,85.00527740836183,1,0.7279175797161677,0.9051558505745234,0.0823198479541212,0.1000000000000014,27.912873157162984,549.8140444352467,238.7146519175601,11.806014457260936,28.325321103642057,550.004656074561,244.33771913229364,5.626296979226503,621.5781550450498,False,,,Dead Reckoning
51.7,551.0818015320543,238.7146519175605,11.804034054380962,0.4941444879344658,0.6083779320319405,0.0694800285640898,20.00214441020361,85.00526816103655,549.0166846853621,237.12937352421392,20.002130169405504,85.00524841919773,1,0.7299256464697688,0.8988775078048881,0.0877787610482741,0.1000000000000014,28.31239362829812,550.8532418272455,239.2744920554861,11.840266608736346,28.73312970863079,551.0428915684506,244.90691698268265,5.635616877045844,622.758558450488,False,,,Dead Reckoning
51.8,552.120998924053,239.2744920554865,11.864323523305163,0.5010924907908748,0.5971969738337624,0.0693002525384046,20.00214943933313,85.00527809542233,554.8144451492847,241.0933655238126,20.002165778551497,85.00530384388367,1,0.5762089645646892,0.8168818412565931,0.054984891474671,0.0999999999999943,28.7104848680152,551.893812134003,239.84443517839463,11.932279831473377,29.301428541431505,552.0834544678846,245.49088776284825,5.64963636026983,623.9449908028183,False,,,Dead Reckoning
51.900000000000006,553.1615692308106,239.84443517839503,11.923473449147714,0.5080225160447153,0.5855957173025228,0.0691963488873275,20.00215455921932,85.00528804293272,558.0483800736827,235.8292879444235,20.002118490538034,85.00533475923945,1,0.6612033371013618,0.8183820115609594,0.0767303280595395,0.1000000000000085,29.10754606697933,552.9355757427221,240.42445308714755,12.006052188100195,29.406788705280757,553.1293684758404,246.080393300902,5.659259255854398,625.1373381477332,False,,,Dead Reckoning
52.0,554.2033328395296,240.42445308714792,11.981442666765668,0.514942150933448,0.5735917115211997,0.0691730251984171,20.00215976960884,85.00529800185069,551.2928842805753,243.5663989453692,20.002187994188706,85.00527017891831,1,0.5674919845343641,0.8265128053786881,0.0811199104223892,0.0999999999999943,29.504011941875195,553.9783461148718,241.01452057035328,12.01203967637264,30.16110923478626,554.1679486919303,246.6839180366121,5.672567035095273,626.3354824144097,False,,,Dead Reckoning
52.1,555.2461032116793,241.01452057035365,12.038191791451954,0.5218594534532897,0.5612030038555194,0.0692334302325189,20.002165070275232,85.00530797039298,552.5830162445355,236.82146208099843,20.00212740338995,85.00528251215619,1,0.6024174738263656,0.900077289842446,0.0589675716656421,0.1000000000000014,29.900344181877333,555.0219294427608,241.6146159409652,12.070437878337664,30.19069125740957,555.2112648541917,247.29091564065385,5.679456503813302,627.5393015935549,False,,,Dead Reckoning
52.2,556.2896865395683,241.6146159409656,12.093683267536772,0.5287827964765416,0.5484481150877318,0.069379106310681,20.002170461023663,85.00531794670685,560.2970395485289,239.6265117158998,20.002152601579542,85.00535625568553,1,0.5148004936507452,0.8190496980656189,0.0678301498975813,0.1000000000000014,30.29702251723101,556.0661243818107,242.2247214064525,12.170398954263176,30.69761730597772,556.2577652114103,247.912223221004,5.690729575203532,628.7486699203085,False,,,Dead Reckoning
52.3,557.3338814786182,242.2247214064529,12.1478814144695,0.5357207071076097,0.5353460139109067,0.0696099605960024,20.00217594169431,85.00532792886754,556.759849518533,247.9935599886526,20.00222776405301,85.00532244131053,1,0.533123225666771,0.8934491785379302,0.0662051089727132,0.0999999999999943,30.69453551503016,557.110721870626,242.8448232649893,12.1940545347356,31.482977444140143,557.2976685251404,248.54905189345385,5.707291239934098,629.9634580617554,False,,,Dead Reckoning
52.400000000000006,558.3784789674336,242.8448232649897,12.200752470318951,0.5426817031672099,0.5219160908180154,0.0699242556143093,20.00218151216408,85.00533791487646,562.5899431436333,246.22688754991697,20.00221189376447,85.00537817509087,1,0.5181037559498346,0.9204708749532136,0.0751412373249085,0.1000000000000085,31.09337121045245,558.1555050499923,243.4749119226664,12.278828898160285,31.76247442469881,558.3416607727019,249.19540827977232,5.723524484507725,631.1835333087873,False,,,Dead Reckoning
52.5,559.4232621467999,243.4749119226668,12.252264632633104,0.5496741287286409,0.5081781314217348,0.0703186191437555,20.0021871723468,85.00534790266053,558.0956550111233,243.7677239001531,20.002189802721546,85.00533521117232,1,0.5831058954288657,0.8871500578359777,0.0915971588306961,0.0999999999999943,31.49400768368184,559.2002492908302,244.1149817294192,12.29341391839526,32.00864828255615,559.3841030569295,249.84701732033588,5.734983367268345,632.4087597720506,False,,,Dead Reckoning
52.6,560.4680063876378,244.1149817294196,12.3023880966033,0.5567059906430164,0.4941522892416738,0.0707880733881559,20.0021929221917,85.00535789007236,564.83314311645,241.29339108291595,20.00216757541167,85.0053996193459,1,0.5641882453251567,0.9513655362751766,0.0960139674348049,0.1000000000000014,31.896903693494338,560.2447223399055,244.76503063415635,12.381489008128716,32.25582416116916,560.4311728642601,250.50781798556,5.745813289820151,633.638998581711,False,,,Dead Reckoning
52.7,561.5124794367131,244.76503063415672,12.351095090481438,0.563784797981832,0.4798590579955508,0.0713260831344579,20.002198761680365,85.00536787489169,561.9069368871294,243.17721371405705,20.00218449807829,85.00537164577537,1,0.523700044462092,0.8957397267507852,0.0681832076037251,0.1000000000000014,32.302489477994705,561.2886845907495,245.42505966242229,12.403724806817548,32.72309863198972,561.4746894469532,251.17833795728137,5.756284300191229,634.8741080907591,False,,,Dead Reckoning
52.8,562.5564416875571,245.42505966242263,12.39835990820241,0.5709174062952778,0.4653192434330755,0.0719246223835798,20.00220469082201,85.00537785482794,563.3311281575252,245.6448856061797,20.00220666555206,85.00538526057618,1,0.4277981725303063,0.911054574523478,0.0821901948885155,0.0999999999999943,32.711157831275074,562.3318894858062,246.0950722227992,12.453524484668865,33.22214912846293,562.516492246454,251.8606499444651,5.768532278128397,636.1139440815792,False,,,Dead Reckoning
52.900000000000006,563.5996465826139,246.0950722227996,12.444158939168052,0.5781098685336358,0.450553934750264,0.0725742587382328,20.002210709647244,85.00538782752413,568.2938006476236,246.2076419198184,20.00221172087804,85.00543270209535,1,0.4649719630527781,0.8842632990742831,0.083162237259656,0.1000000000000085,33.1232555618402,563.374084054274,246.77507325109931,12.52545329960145,33.62888404669114,563.5594142932175,252.55432379288368,5.782221383013745,637.3583599754961,False,,,Dead Reckoning
53.0,564.6418411510816,246.77507325109968,12.488470695152465,0.585367294407459,0.4355844756237026,0.0732642546335428,20.002216818200413,85.00539779056193,563.5565297187491,246.5024604622218,20.002214369278065,85.00538741534108,1,0.4282786514765663,0.9958173643741984,0.0821405123486903,0.0999999999999943,33.53907543453932,564.4150095884848,247.4650682041712,12.531235285603582,34.025444795095424,564.597989484549,253.2555228728761,5.7933450538259965,638.6072070450114,False,,,Dead Reckoning
53.1,565.6827666852924,247.4650682041716,12.531275834292794,0.5926937198708133,0.4204324349042831,0.0739826843084799,20.002223016530536,85.00540774146818,562.8594003975176,247.372570661919,20.00222218561097,85.00538075101372,1,0.4939162227390077,0.9187714016820242,0.0829724806558723,0.1000000000000014,33.9588486925067,565.4544024599442,248.1650619177936,12.562453392374296,34.45422381539407,565.6338623230399,253.96624068947597,5.803953909489652,639.8603346284407,False,,,Dead Reckoning
53.2,566.7221595567518,248.165061917794,12.57255718213332,0.6000919883016613,0.4051195770100158,0.0747165652403522,20.00222930468105,85.00541767772268,565.3764669326667,247.5219365886786,20.00222352738793,85.00540481334313,1,0.494028819650875,0.9868668798226766,0.0827539902648655,0.1000000000000014,34.382738249299166,566.4919950743509,248.87505734560185,12.613585897972753,34.8505819828434,566.6689900068303,254.687029264792,5.814666352902643,641.117590346654,False,,,Dead Reckoning
53.3,567.7597521711585,248.87505734560224,12.612299749694795,0.6075636448256966,0.389667832059164,0.0754520026028594,20.002235682678496,85.0054275967673,569.116754023088,244.54912113868212,20.00219682213237,85.00544056925933,1,0.4724871113607082,0.9780574701857192,0.0973277038109236,0.0999999999999943,34.81083263409777,567.5275169630415,249.59505419823665,12.67134642870766,35.09453582375177,567.7057653380128,255.4155394677504,5.823213997081537,642.3788203216234,False,,,Dead Reckoning
53.400000000000006,568.7952740598492,249.59505419823705,12.650490748545153,0.6151088450859825,0.3740992657839825,0.0761743451622097,20.00224215052027,85.00543749601647,564.0979968433077,248.0455219717545,20.00222823083545,85.00539259158896,1,0.3663382948131315,0.941003695595436,0.0921990103058902,0.1000000000000085,35.243140764593164,568.5606960063454,250.32504750386903,12.669175567101544,35.66566415326904,568.735051073097,256.1542213824152,5.831780842557997,643.643869396478,False,,,Dead Reckoning
53.5,569.828453103153,250.32504750386937,12.687119602851594,0.6227262796022035,0.3584360492661531,0.0768683508971872,20.002248708161705,85.0054473728688,571.7408658111063,253.06891966582992,20.00227335678472,85.00546565490622,1,0.2514593931516792,0.9747828043154124,0.0712668119212045,0.0999999999999943,35.67958761308991,569.5912597823249,251.06502611289065,12.749869020904615,36.31678122118794,569.7623779587358,256.9093313548998,5.846809830332584,644.9125813567631,False,,,Dead Reckoning
53.6,570.8590168791325,251.06502611289105,12.722177958398383,0.6304131146919222,0.342700428535414,0.0775183605192376,20.00225535550265,85.00545722472005,569.2427029262792,246.96002322023767,20.00221847963425,85.00544177328949,1,0.2843523336289113,1.085345989521062,0.0904755713280431,0.1000000000000014,36.12001082154385,570.6189370323086,251.81497117082324,12.761402532046027,36.41476067691119,570.7893402052368,257.6668816767337,5.854390985450919,646.184799152603,False,,,Dead Reckoning
53.7,571.8866941291162,251.8149711708236,12.755659688558676,0.6381649507438459,0.3269146940731104,0.0781084769788213,20.00226209237373,85.00546704897705,575.3301321113169,251.2463046362057,20.00225698395533,85.00549996711327,1,0.4279960429772209,1.0364080282651886,0.0920322107239358,0.1000000000000014,36.56415831079644,571.6434592325302,252.57485458435224,12.828615941773348,37.035724984065546,571.8133974450438,258.4395657256269,5.867172723438726,647.4603651214588,False,,,Dead Reckoning
53.8,572.9112163293378,252.57485458435252,12.787560897213003,0.645975798441728,0.3111011502618854,0.0786227489754649,20.00226891852257,85.00547684307281,565.7284354146364,250.11559279804004,20.00224682659807,85.00540817804624,1,0.3210384032958943,0.9849356733617068,0.0867724218469827,0.0999999999999943,37.01168691830456,572.6645622590855,253.34463750580392,12.789675691114995,37.38872382898893,572.8295808433569,259.2161797506302,5.873860695142049,648.7391212111801,False,,,Dead Reckoning
53.900000000000006,573.9323193558931,253.34463750580431,12.817879918611052,0.6538380733392746,0.2952820848236648,0.0790453564418775,20.00227583360021,85.0054866044824,571.5726220305806,253.67868879399865,20.00227883443399,85.00546404655094,1,0.2877458539104092,1.05846030136323,0.0953596001469048,0.1000000000000085,37.46216208730563,573.6819881313502,254.12426886133431,12.852148603108969,37.97886465171535,573.8426357851703,260.0070633843158,5.884987601371733,650.0209092030414,False,,,Dead Reckoning
54.0,574.9497452281577,254.12426886133463,12.846617314177738,0.6617426089834624,0.2794797382875646,0.0793607959477198,20.00228283714784,85.00549633073959,569.8903407744554,252.9583693181342,20.002272363694043,85.00544796449462,1,0.3916127529593764,1.042212073709177,0.0862415362907102,0.0999999999999943,37.91505861872831,574.6954868169856,254.91368394757487,12.862887951153056,38.356763641568286,574.8512945313505,260.8052778906944,5.893653810197642,651.305570934459,False,,,Dead Reckoning
54.1,575.9632439137932,254.9136839475753,12.873775866268566,0.6696786885782343,0.2637162735290488,0.0795540639663848,20.00228992858421,85.00550601945417,573.4845555147014,259.3458649424993,20.00232974354351,85.00548232400712,1,0.3569742708034651,1.2268635088662403,0.0865587411771473,0.1000000000000014,38.36976248538864,575.7048180797685,255.71280312048864,12.907251276941288,39.09137153513483,575.8530797066621,261.6191561480442,5.9082135706255965,652.5929485210859,False,,,Dead Reckoning
54.2,576.9725751765761,255.71280312048896,12.899360568883548,0.6776340949748728,0.2480137454228614,0.0796108359685313,20.002297107193883,85.00551566832956,577.715572879903,257.23255258305977,20.002310759335582,85.00552277114359,1,0.2792361815188508,1.0711850704154424,0.0858232414153017,0.1000000000000014,38.8255736962274,576.7097533497224,256.5215305987305,12.954313886905728,39.401561169355936,576.8540806282044,262.4414332533295,5.92166174339955,653.8828845779742,False,,,Dead Reckoning
54.3,577.97751044653,256.52153059873086,12.92337861535314,0.6855951785717259,0.232394070650308,0.0795176393488403,20.002304372116427,85.0055252751807,577.4398305701808,252.5861211013992,20.00226901973142,85.00552013513767,1,0.2477239160971093,1.038605317550848,0.0643351984908436,0.0999999999999943,39.28171018667791,577.7100775934989,257.3397534019268,12.969794082844146,39.58493971181133,577.8536377095788,263.26789633574026,5.929880955858306,655.1752224395094,False,,,Dead Reckoning
54.400000000000006,578.9778346903066,257.3397534019272,12.94583938301361,0.69354694250661,0.2168789977022811,0.0792620182571386,20.002311722336923,85.00553483795194,578.2177019834626,259.3534374367683,20.002329811568384,85.0055275713329,1,0.2402739370616248,1.1271147534197647,0.0834580343180799,0.1000000000000085,39.73731269983111,578.7055911616703,258.1673404419986,12.99077183163465,40.33799690157316,578.8438453010833,264.1087830424631,5.943050932112142,656.4698063778109,False,,,Dead Reckoning
54.5,579.9733482584779,258.1673404419989,12.966754414893597,0.7014731443323239,0.2014900771197236,0.0788326884908915,20.0023191566778,85.00554435473471,579.4957936443377,255.8433848732127,20.002298280229724,85.00553978946944,1,0.2428482170390969,0.9601523031625578,0.0771501827463458,0.0999999999999943,40.191450612013405,579.696111588621,259.0041417830318,13.013570717465996,40.5752528335741,579.8322940822555,264.9552458208437,5.952662004551702,657.7664818193001,False,,,Dead Reckoning
54.6,580.9638686854287,259.00414178303214,12.986137398437554,0.7093564131814131,0.1862486320111589,0.0782196807122249,20.00232667379214,85.00555382378468,581.5740334072885,257.2731526688995,20.00231112405236,85.00555965675903,1,0.2962509960771393,1.0504875288099242,0.0713552009302994,0.1000000000000014,40.643128645833166,580.6814753201179,259.8499880822857,13.040205163249954,41.05657919012653,580.8156055643758,265.81173168536634,5.963252276341987,659.0650955591439,False,,,Dead Reckoning
54.7,581.9492324169256,259.849988082286,13.004004141295828,0.7171783812526356,0.1711757288882687,0.0774144703779031,20.002334272158727,85.00556324353835,578.9236242910963,260.79144514260736,20.002342729411392,85.00553431971834,1,0.22229910010013,1.1364195181245296,0.0967546532252984,0.1000000000000014,41.0912944038003,581.661539343421,260.7046902218029,13.033833420456968,41.638367256816366,581.7896934514081,266.67773452869835,5.974418948109547,660.3654959732735,False,,,Dead Reckoning
54.8,582.9292964402288,260.7046902218032,13.020372544215208,0.7249198282904259,0.1562921488592472,0.0764100929137144,20.00234195007868,85.00557261262854,585.0498453629259,259.2294479626128,20.002328697751988,85.00559288437981,1,0.2225936005112043,1.0190779116566733,0.086452168099059,0.0999999999999943,41.53484664638974,582.6361826950246,261.5680391368288,13.08450953703319,41.96108453343022,582.7626564416532,267.5525984711833,5.985895591721931,661.6675332276949,False,,,Dead Reckoning
54.900000000000006,583.9039397918324,261.5680391368291,13.035262571067676,0.7325608375817974,0.1416183592189845,0.0752012428239356,20.00234970567394,85.00558192989888,585.8919377029888,264.246606585798,20.002373767654728,85.00560093450602,1,0.2300818646724931,0.9236028936482163,0.0799029320144902,0.1000000000000085,41.97264423000557,583.6053078218048,262.4398058439301,13.098515890475388,42.606572602454015,583.7267326687199,268.4393161341039,6.000738930777542,662.9710594848018,False,,,Dead Reckoning
55.0,584.8730649186125,262.43980584393034,13.048696216059003,0.7400809618641909,0.1271744854752032,0.0737843556002243,20.00235753688751,85.00559119441682,586.0281787315809,260.11627565939017,20.00233666426073,85.00560223692551,1,0.0986906854239823,0.97299374350447,0.0731363220892001,0.0999999999999943,42.40351561280057,584.5688417725153,263.31974166841843,13.106396974812126,42.78733910357356,584.6885849111312,269.32960635666166,6.01105747687031,664.2759291064076,False,,,Dead Reckoning
55.1,585.8365988693231,263.31974166841866,13.060697468162717,0.7474593974242134,0.1129802838486249,0.0721576714805147,20.002365441485512,85.00560040548494,587.5061991975768,261.46290201064454,20.002348761211064,85.00561636631575,1,0.180723378472327,1.0451554192620276,0.0801193673268021,0.1000000000000014,42.82626882979911,585.5267371982175,264.20757866751654,13.121828137017744,43.2334268469104,585.6446008057331,270.22841520499526,6.021990073141544,665.5819988532239,False,,,Dead Reckoning
55.2,586.7944942950253,264.2075786675168,13.07129227282873,0.7546751645722649,0.0990551142847184,0.0703212803052541,20.002373417060973,85.00560956265062,587.6837482974513,262.2384659868724,20.0023557282208,85.00561806362684,1,0.1143266765516379,0.96799348768553,0.0852356412384292,0.1000000000000014,43.23970183333161,586.4789731423393,265.10303024272287,13.127220632844905,43.6412461992994,586.5945852456945,271.1343781067,6.032455819543471,666.8891280805068,False,,,Dead Reckoning
55.3,587.7467302391472,265.1030302427231,13.08050849101966,0.7617072926027904,0.0854179140139521,0.0682771469234406,20.00238146103933,85.00561866571351,593.8519501473404,263.406113997658,20.002366217381347,85.00567702961077,1,-0.0103868457746861,0.881156994599036,0.0650074884879712,0.0999999999999943,43.64261309047636,587.4255556036146,266.00579193211945,13.171209957074282,44.0577672782231,587.5411198399387,272.0502820204552,6.045594720183142,668.1971789296086,False,,,Dead Reckoning
55.400000000000006,588.6933127004226,266.00579193211973,13.08837585563152,0.7685350072951345,0.0720871716967153,0.0660291168121767,20.00238957068557,85.00562771473096,588.432030187265,269.30336659876315,20.002419193302806,85.00562521695595,1,-0.0043213054025753,0.8599517578942162,0.0709808330894106,0.1000000000000085,44.03381232606714,588.3665178581059,266.9155423709794,13.13663397221047,44.69869105939932,588.4748922009101,272.9742845632464,6.059711375184021,669.506016515172,False,,,Dead Reckoning
55.5,589.6342749549137,266.91554237097955,13.094925925359004,0.7751379189763521,0.0590809021879401,0.0635829017885365,20.00239774311281,85.0056367100211,588.71302529991,268.80193125181046,20.002414688832445,85.00562790317694,1,0.0381750216120058,0.8346283754827721,0.0772635667770482,0.0999999999999943,44.41213129789854,589.30192052982,267.8319444070183,13.138784260992312,45.006450741940085,589.4038399408469,273.90344150103203,6.072352470744883,670.8155091077077,False,,,Dead Reckoning
55.6,590.5696776266279,267.8319444070185,13.100192036069108,0.7814962091552058,0.0464166219562667,0.0609460459090733,20.00240597529236,85.00564565216342,588.3090948855559,272.9617762690547,20.002452057356027,85.00562404173485,1,0.1029777833858957,0.8464647994506441,0.046586034618232,0.1000000000000014,44.776434490066336,590.231851403024,268.7546463550388,13.135121484461962,45.53292608316815,590.3239542366861,274.8408335463941,6.086884051810565,672.1255283113146,False,,,Dead Reckoning
55.7,591.499608499832,268.75464635503903,13.104209249750255,0.7875908137461132,0.0341113251910663,0.0581278718679452,20.00241426406499,85.00565454199716,588.4028204880984,275.5575789667368,20.00247537584841,85.00562493772082,1,0.0698013034580811,0.8586296028471585,0.0625521742438912,0.1000000000000014,45.12562961092639,591.1564249731721,269.6832833745444,13.1335639963387,45.96577624151128,591.2368524055076,275.7850379553128,6.1022846160926285,673.4359492362896,False,,,Dead Reckoning
55.8,592.42418206998,269.6832833745446,13.107014301107322,0.7934036009329077,0.0221814606300707,0.0551394084170057,20.002422606153267,85.00566338061685,588.6907667071767,266.5911322787476,20.00239482888737,85.0056276903921,1,0.0613997959888539,0.8053341653162502,0.0558464947115303,0.0999999999999943,45.45867778393744,592.0757817373091,270.61747895317325,13.1321248653553,45.80407022914759,592.1523114414471,276.72655895258765,6.109559332297262,674.7466506664002,False,,,Dead Reckoning
55.900000000000006,593.343538834117,270.6174789531736,13.108645541876273,0.7989175417746083,0.0106429091392179,0.0519932995379989,20.002430998174937,85.00567216936558,590.6771468944243,270.8287363351554,20.002432895932287,85.00564667953434,1,0.1381900832735525,0.7343623433016836,0.0556550009604485,0.1000000000000085,45.77460332265169,592.9900872288159,271.5568464784934,13.140869595611656,46.28516619175079,593.0604369426543,277.6763655704558,6.119923447162498,676.0575152205879,False,,,Dead Reckoning
56.0,594.2578443256239,271.55684647849364,13.109142882935163,0.8041168717284082,-0.0004890379247335,0.0487036962959424,20.00243943665699,85.0056809098258,594.0458031806677,268.02824552856333,20.00240773869534,85.00567888278209,1,-0.0339435186677241,0.6018814756677149,0.0486874107322233,0.0999999999999943,46.072502985300375,593.8995308053331,272.50099088078764,13.157729275302122,46.39607293780386,593.9678849746698,278.6291491062143,6.128539428634699,677.3684295088814,False,,,Dead Reckoning
56.1,595.1672879021411,272.5009908807879,13.108547734291324,0.8089872413580024,-0.0111996995390573,0.0452861324917005,20.00244791805046,85.00568960380771,596.1701732876343,270.1681730975431,20.002426961991763,85.00569919106263,1,0.0174286327517565,0.5572388037692263,0.0516623785437735,0.1000000000000014,46.35155460974482,594.8043242025591,273.4495103299073,13.16523363686128,46.734913720582576,594.8701968465455,279.5878289552795,6.13867206746024,678.6792842823105,False,,,Dead Reckoning
56.2,596.072081299367,273.4495103299076,13.106902943027354,0.8135158546071725,-0.0214750249993489,0.0417573854085712,20.002456438745643,85.00569825333544,596.2255074750235,271.5592627991406,20.002439458363167,85.00569972003929,1,0.0237467511413418,0.603972598765418,0.0659936576127984,0.1000000000000014,46.61102503596929,595.7046998702787,274.4019979700151,13.157925784198396,47.016512659430944,595.7672878520051,280.55039730991626,6.148717890613766,679.9899745766133,False,,,Dead Reckoning
56.3,596.9724569670866,274.4019979700153,13.104252729291456,0.8176915931480296,-0.0313016130355148,0.0381353231104946,20.002464995087696,85.00570686063112,594.6758511347974,271.2305333476005,20.00243650533626,85.00568490583362,1,-0.0381152688624316,0.462461357056466,0.0398960983712091,0.0999999999999943,46.850277230710525,596.6009091103703,275.3580436770321,13.138942023742862,47.19170399958978,596.6601414194469,281.5143114565803,6.156552723719831,681.3003998495424,False,,,Dead Reckoning
56.400000000000006,597.8686662071783,275.3580436770324,13.10064262042025,0.821505125459079,-0.0406667300335161,0.0344387398964955,20.002473583392405,85.00571542809712,600.5692198992382,272.2023818583371,20.00244523559997,85.00574124450351,1,-0.0092503927793691,0.4698912726281667,0.0423558499874366,0.1000000000000085,47.06877653717042,597.4932200395899,276.3172358247663,13.16864631170065,47.41099344623566,597.55130943812,282.483822683602,6.166860454541386,682.6104641115845,False,,,Dead Reckoning
56.5,598.760977136398,276.31723582476656,13.096119383284751,0.8249489994487286,-0.0495583273381949,0.0306871816455022,20.00248219996207,85.00572395829656,600.9792151533009,275.8843826892058,20.0024783115762,85.00574516392348,1,-0.0995557940424122,0.4470905166753511,0.0556346458295933,0.0999999999999943,47.26609598195223,598.3819154025812,277.2791630469667,13.160907636730771,47.74445332517418,598.4362994885795,283.4579312549703,6.179007541429753,683.920076049913,False,,,Dead Reckoning
56.6,599.6496724993892,277.27916304696697,13.090730954952612,0.8280177176132788,-0.0579650576133516,0.0269007628964306,20.00249084110133,85.00573245393237,599.1707275771232,273.62900779180774,20.00245805119878,85.0057278753762,1,0.0425302532503997,0.3252709497920114,0.0264006071127051,0.1000000000000014,47.44192058129608,599.2672902627684,278.2434159838552,13.137537988804173,47.75941281853812,599.3194641631738,284.4305407355026,6.187344730038183,685.2291491454082,False,,,Dead Reckoning
56.7,600.5350473595764,278.2434159838554,13.08452637176208,0.8307077939029218,-0.065876290236746,0.0230999775990691,20.00249950313284,85.00574091782525,598.5762989255823,280.76979686126833,20.002522197998395,85.00572219283352,1,-0.0699570178632677,0.281039149364191,0.0462467310883588,0.1000000000000014,47.59605059926084,600.1496496005037,279.20958900295926,13.121468048868786,48.222369643131486,600.1936706452042,285.40905607230167,6.199623359224125,686.5376017825845,False,,,Dead Reckoning
56.8,601.4174066973118,279.2095890029595,13.077555696905264,0.8330177916628287,-0.0732821257090066,0.019305505540927,20.00250818241274,85.00574935289073,603.0626904598012,276.456328390707,20.002483449451848,85.00576508126316,1,0.0582878825299185,0.2777627707399951,0.024358735607198,0.0999999999999943,47.72840372158818,601.0293058490471,280.17728188525973,13.138524255321862,48.09074069097555,601.0712620930595,286.3868297918952,6.209689648542229,687.845357352275,False,,,Dead Reckoning
56.900000000000006,602.2970629458553,280.17728188526,13.06986994662028,0.8349483422169215,-0.0801734090569361,0.0155380165030182,20.002516875345805,85.00575776211558,602.8609837083136,288.6059887955492,20.00259259170824,85.00576315301286,1,-0.0517971252528089,0.2582623692990911,0.0383569787616675,0.1000000000000085,47.83901612047434,601.9065763996333,281.1461014687169,13.123629418370005,48.7604514659888,601.9363831082759,287.37367431872724,6.227644180752951,689.1523443469371,False,,,Dead Reckoning
57.0,603.1743334964415,281.14610146871706,13.061521015093875,0.8365021438672233,-0.0865417422127734,0.0118179742230209,20.0025255784002,85.00576614853392,598.8299517181963,279.79194811582386,20.00251341383366,85.00572461767091,1,-0.0051390639428142,0.237436657190513,0.024319985472484,0.0999999999999943,47.92804239723709,602.7817811070231,282.1156632421176,13.082558469905576,48.36033472959243,602.8056455244073,288.3513839960273,6.235766418906151,690.4584964484463,False,,,Dead Reckoning
57.1,604.0495382038314,282.1156632421178,13.052561598177723,0.8376839412895254,-0.0923794953524925,0.0081654422471067,20.0025342881218,85.0057745152035,603.8455974358782,282.331716167869,20.00253622895825,85.00577256559673,1,-0.0650446388020502,0.1669326096452511,0.0162365258729309,0.1000000000000014,47.99575440177444,603.6552398265577,283.0855928828706,13.101201993058035,48.506557048062,603.6736451352685,289.3327053563237,6.247139586351622,691.7637526082641,False,,,Dead Reckoning
57.2,604.9229969233659,283.08559288287086,13.043045116023375,0.8385004855142361,-0.0976798171776671,0.0045998937319605,20.002543001148005,85.00578286518198,605.709104359589,279.19956932947275,20.002508092404483,85.00579038011091,1,-0.0692170087906936,0.0936794512244838,0.0089435869130946,0.1000000000000014,48.04253893963615,604.5272700128409,284.0555277328462,13.098285832264864,48.34823776196624,604.5441592006307,290.3114066281344,6.255901693375308,693.0680571198665,False,,,Dead Reckoning
57.3,605.795027109649,284.05552773284643,13.033025634742192,0.8389604748874321,-0.1024366441272928,0.0011400272162534,20.00255171422101,85.00579120150418,603.0959427501857,289.17380300722937,20.002597692470083,85.00576539914414,1,-0.1016381107883932,0.0075482662558825,-0.0001003871825386,0.0999999999999943,48.068894389341146,605.3981844088088,285.0251182066309,13.065031739012436,48.82480815306029,605.4043133529531,291.2948116198119,6.269696408857589,694.3713596833406,False,,,Dead Reckoning
57.400000000000006,606.6659415056171,285.0251182066312,13.022557787197918,0.8390744776090574,-0.1066447085062627,-0.0021964096833373,20.00256042420043,85.00579952715978,607.2354716841294,288.38362024903995,20.0025905941376,85.00580497168124,1,-0.0706885120379488,-0.0521482218178471,0.0035615058163062,0.1000000000000085,48.07542626414328,606.2682888521267,285.9940291266477,13.076354655054669,48.74335136626372,606.266611402229,292.2778439615296,6.283815058777556,695.6736154620605,False,,,Dead Reckoning
57.5,607.5360459489349,285.9940291266479,13.01169669304094,0.8388548366407237,-0.1102995455198385,-0.0053927867819592,20.002569128075315,85.0058078450725,603.1715784931615,286.8847767388562,20.002577129797256,85.005766122197,1,-0.0643996107991361,-0.0657131603535519,0.0085808278082409,0.0999999999999943,48.0628417636496,607.1378802236367,286.9619409795105,13.032600243335786,48.60737914426001,607.1283468086335,293.25554472371334,6.293610964704285,696.9747851313646,False,,,Dead Reckoning
57.6,608.4056373204448,286.9619409795107,13.00049787809395,0.8383155579625278,-0.1133974992047903,-0.0084337462784747,20.002577822975425,85.00581615808042,612.4141956204813,282.921533333172,20.002541527376,85.00585447858128,1,-0.1226104246505493,-0.0591461213486654,-0.0035648605884414,0.1000000000000014,48.03194337140758,608.0072445600156,287.9285510877836,13.077221600094196,48.32992298909064,607.9977732392969,294.2323942154181,6.303850242807218,698.2748349191739,False,,,Dead Reckoning
57.7,609.2750016568237,287.92855108778383,12.98901719319998,0.8374721833346803,-0.1159357272484751,-0.011305344510613,20.002586506181764,85.00582446891796,613.0188516120021,288.5605517209577,20.00259218354005,85.00586025889397,1,-0.0921879480414693,-0.1000141288920345,-0.0094715725612316,0.1000000000000014,47.9836215646835,608.8766553499357,288.8935746910301,13.063976192901167,48.515221596342194,608.8631585246429,295.2110581248341,6.317497851260495,699.573736638494,False,,,Dead Reckoning
57.8,610.1444124467439,288.8935746910303,12.977310732644256,0.8363416488836191,-0.1179122046899117,-0.0139951790174052,20.00259517513629,85.00583278019958,609.386860443835,285.52928155297855,20.002564953176822,85.00582553825123,1,-0.1184171479927674,-0.2566148861541067,-0.0115030043591829,0.0999999999999943,47.91884671204355,609.7463720299298,289.85674592972856,13.022260385958196,48.25063205514096,609.730276251243,296.182603030545,6.3258775781737535,700.8714677117583,True,609.7463720299298,289.85674592972856,GNSS + DR
57.900000000000006,611.0141291267381,289.8567459297288,12.965434752262,0.8349421309818785,-0.1193257264974079,-0.0164924995720035,20.00260382745073,85.00584109440541,612.1044921402554,294.24381172014887,20.00264323713326,85.00585151791772,1,0.025657476983334,-0.2231162785158959,-0.001567733436173,0.1000000000000085,47.83866024292081,610.6166386928961,290.81781872534884,13.022703839018783,48.55801353244181,610.5921987125281,297.158819104742,6.341047478461634,702.1680111869846,True,610.6166386928961,290.81781872534884,GNSS + DR
58.0,611.8843957897044,290.817818725349,12.953445587344774,0.8332928810246781,-0.1201759090194531,-0.0187883020215674,20.002612460914552,85.00584941386889,604.6546298923048,293.24540292090853,20.002634268274416,85.0057802996813,1,-0.0946624475150341,-0.1531478703346656,-0.0015366874705688,0.0999999999999943,47.7441651810111,611.4876830188115,291.776567549668,12.955247148028777,48.36554439078908,611.4529139700683,298.12709258475803,6.350620214440126,703.463355745719,True,611.4876830188115,291.776567549668,GNSS + DR
58.1,612.7554401156199,291.77656754966824,12.941399570458108,0.8314140508225214,-0.1204631903068076,-0.0208754039571329,20.00262107350178,85.00585774076659,609.2863971348239,292.06288466513143,20.002623645532186,85.00582457785498,1,-0.0132015827219796,-0.2361961914137722,-0.0225469090948166,0.1000000000000014,47.63651614000581,612.3597154338213,292.7327880763221,12.968272617252802,48.15083199577897,612.3181207433184,299.09310406826944,6.360451999323568,704.7574957027648,True,612.3597154338213,292.7327880763221,GNSS + DR
58.2,613.6274725306297,292.7327880763223,12.929352949283412,0.8293265104268082,-0.1201888293054764,-0.0227485014331691,20.00262966337692,85.00586607711007,612.7461357701733,285.42366108658035,20.00256400437204,85.0058576518201,1,-0.0999699458458608,-0.3349738497518727,-0.024434380007644,0.1000000000000014,47.516908885768366,613.2329285004947,293.68629770766427,12.97347737088037,47.65145253628127,613.1920647378932,300.05192263571286,6.365756087982602,706.0504309976932,True,613.2329285004947,293.68629770766427,GNSS + DR
58.3,614.5006855973031,293.6862977076645,12.917361804597013,0.8270516602834912,-0.119354903921609,-0.0244042061617778,20.00263822889968,85.00587442474021,611.2842865330225,290.7360497716874,20.002611726371544,85.00584367702149,1,-0.0763905218448636,-0.167446901465752,-0.0156106169651066,0.0999999999999943,47.38656957353157,614.1074965387581,294.6369359702839,12.945919144168476,47.73905717673272,614.0626883747847,301.010036777013,6.373258323988583,707.3421671781527,True,614.1074965387581,294.6369359702839,GNSS + DR
58.400000000000006,615.3752536355667,294.6369359702842,12.90548196849909,0.8246112396673134,-0.1179643079611292,-0.0258410628179203,20.002646768628484,85.00588278532344,617.5184430834586,296.7002193650838,20.00266530341857,85.00590327351068,1,-0.1540325115433927,-0.304938456859261,-0.0055657421703477,0.1000000000000085,47.24674377198787,614.9835754738863,295.5845647730425,12.969769898151704,47.84990794172786,614.9330572742059,301.97160179875124,6.38723680915884,708.6327153750028,True,614.9835754738863,295.5845647730425,GNSS + DR
58.5,616.2513325706947,295.58456477304264,12.893768943004789,0.8220271333855214,-0.1160207469481289,-0.0270595463073728,20.002655281322856,85.00589116035033,622.2432221629387,299.22321584821213,20.0026879678816,85.00594844084698,1,-0.1083743765415221,-0.2996828398241338,-0.0105996432242472,0.0999999999999943,47.09868538822794,615.861302905002,296.5290685222265,12.98371487361975,47.780617941986414,615.8055254567379,302.9331462801268,6.404320655070902,709.9220922693032,True,615.861302905002,296.5290685222265,GNSS + DR
58.6,617.1290600018104,296.52906852222674,12.882277819109463,0.819321178754784,-0.1135287328277101,-0.0280620390659574,20.00266376594439,85.00589955113631,613.5992158435225,299.8565779567031,20.00269365747022,85.00586580698543,1,-0.0730019992882478,-0.3115267456161103,-0.0355805611877565,0.1000000000000014,46.943645608332815,616.7407983848656,297.47035408940945,12.908745524720878,47.61002108005663,616.67579851144,303.88655171354924,6.416526859256677,711.2103200512142,True,616.7407983848656,297.47035408940945,GNSS + DR
58.7,618.008555481674,297.4703540894097,12.871063196439245,0.8165149748481884,-0.1104935775610282,-0.0288527886746001,20.00267222165651,85.00590795882425,615.4961652694184,292.6943150826853,20.002629317768136,85.00588394119895,1,-0.0011933860130349,-0.3597458397322945,-0.0264935483745187,0.1000000000000014,46.78286196803176,617.6221638993387,298.4083506288299,12.904313928357542,47.04406001769554,617.5551445993722,304.8309899790037,6.422989008940348,712.4974263708582,True,617.6221638993387,298.4083506288299,GNSS + DR
58.8,618.8899209961471,298.40835062883014,12.86017910359726,0.8136296959807283,-0.1069213856206019,-0.0294378462875769,20.00268064782279,85.00591638438911,619.5962661010769,299.31300754926883,20.00268877449417,85.00592313681634,1,-0.0658222467367883,-0.3849546597734752,-0.033743881834472,0.0999999999999943,46.61754766620801,618.505484532848,299.3430092425401,12.91488807096346,47.16278051222995,618.4332508196874,305.77802366620745,6.43541982640787,713.7834442812178,True,618.505484532848,299.3430092425401,GNSS + DR
58.900000000000006,619.7732416296564,299.3430092425404,12.849678919315124,0.8106859113519707,-0.1028190453968136,-0.0298249865785839,20.00268904400397,85.00592482864427,624.6065900751552,302.3895548919892,20.002716411589176,85.00597103386804,1,-0.0036330273371636,-0.2471577520543892,-0.0275001117977364,0.1000000000000085,46.44888123118472,619.3908293044316,300.2743024932,12.931901242285118,47.10120851365716,619.3135323432565,306.7253594760792,6.451520054728247,715.0684121731495,True,619.3908293044316,300.2743024932,GNSS + DR
59.0,620.6585864012399,300.27430249320025,12.839615294517897,0.8077034126941123,-0.0981942195269791,-0.0300236101087636,20.00269740995358,85.00593329224952,616.9914634636201,295.2992957964535,20.00265271870804,85.0058982357586,1,-0.0361577640168331,-0.3053313100682357,-0.00897951014841,0.0999999999999943,46.277996645686,620.278252157574,301.2022237661713,12.8651678082671,46.529246310848656,620.1986355907482,307.6590176943948,6.457284772197729,716.3523737026012,True,620.278252157574,301.2022237661713,GNSS + DR
59.1,621.5460092543823,301.2022237661716,12.830040075409729,0.8047010516832359,-0.0930553341601925,-0.0300446292103417,20.0027057456122,85.00594177572056,622.293117621303,301.17851022005186,20.00270553258979,85.00594891783118,1,0.0183147328130417,-0.3143769367640762,-0.0392706356981718,0.1000000000000014,46.10597403118815,621.1677930859921,302.12678648445234,12.885020797855868,46.60478835388216,621.083871034297,308.59528465370533,6.4690425471154605,717.6353777101422,True,621.1677930859921,302.12678648445234,GNSS + DR
59.2,622.4355501828004,302.1267864844526,12.821004227685858,0.8016965887622017,-0.087411567173179,-0.029900338657014,20.00271405110041,85.00595027943969,627.8994467352397,302.948313679378,20.002721431004765,85.00600251249628,1,-0.0603636780384317,-0.3245379087449055,-0.0410889915898159,0.1000000000000014,45.93383098610934,622.0594793768339,303.0480231819347,12.907430204702122,46.47490734585561,621.9727698530139,309.53116735734733,6.483724002508731,718.9174781329108,True,622.0594793768339,303.0480231819347,GNSS + DR
59.3,623.3272364736422,303.0480231819349,12.812557761975093,0.7987065548965003,-0.0812728353525926,-0.029604272555739,20.002722326710465,85.00595880366778,618.3719590291043,302.1457294273947,20.00271422126776,85.00591143284282,1,0.0682383001799975,-0.3994723216397446,-0.032889814090075,0.0999999999999943,45.762514665003465,622.9533269523705,303.9659844424172,12.829522579011508,46.21739997727646,622.8604752506003,310.4574208988517,6.492100484931539,720.1987339091082,True,622.9533269523705,303.9659844424172,GNSS + DR
59.400000000000006,624.2210840491788,303.9659844424175,12.80474966061534,0.7957461276409264,-0.0746497805616375,-0.0291710490423416,20.00273057289677,85.00596734855704,620.3778764286413,298.4094988762139,20.00268065813767,85.00593060875437,1,-0.0689195907073436,-0.2796514707377045,-0.0212979430165817,0.1000000000000085,45.59289467770358,623.849341791172,304.88073771371944,12.829128276478423,45.815070399393406,623.7546353572769,311.3773899347283,6.497342486691023,721.4792088751699,True,623.849341791172,304.88073771371944,GNSS + DR
59.5,625.1170988879802,304.88073771371967,12.797627805862763,0.7928290227366923,-0.0675537549100813,-0.0286162044937221,20.00273879026522,85.00597591416464,623.8462790685977,303.9036433834985,20.00273001287751,85.00596376554452,1,-0.0758768466199647,-0.3783761672277015,-0.0174086562873146,0.0999999999999943,45.42575687829405,624.7475214099311,305.7923660080475,12.839155673733549,45.87690216178299,624.6485002521254,312.29904319593936,6.507430615621301,722.7589716557561,True,624.7475214099311,305.7923660080475,GNSS + DR
59.6,626.0152785067394,305.7923660080478,12.791238909633323,0.7899674022873201,-0.0599968049477706,-0.0279560190810524,20.00274697956152,85.00598450046681,624.4535132681732,304.8104497172827,20.002738158857404,85.00596957050404,1,-0.0904994474322223,-0.3134277791204779,-0.0185815347324371,0.1000000000000014,45.261798103976695,625.6478563875007,306.7009665014427,12.830827141376217,45.71270228943844,625.5444212275415,313.2175348165479,6.517389158071613,724.0380955467194,True,625.6478563875007,306.7009665014427,GNSS + DR
59.7,626.915613484309,306.70096650144296,12.785628444873211,0.7871718003792149,-0.0519916549031407,-0.0272073355799368,20.002755141658625,85.00599310737351,629.3534173475699,306.2567492877997,20.0027511511875,85.00601641197781,1,0.0945595786747627,-0.3998323789732796,-0.0104504815476266,0.1000000000000014,45.101621913443545,626.5503319132953,307.60664904662366,12.851880470628284,45.57941105276138,626.443950093587,314.13544338250875,6.529660984450093,725.3166583912068,True,626.5503319132953,307.60664904662366,GNSS + DR
59.8,627.8180890101036,307.6066490466239,12.780840578652697,0.7844510668212211,-0.043551688989929,-0.0263873734240927,20.002763277543355,85.00600173474314,628.543068169566,305.9162347703487,20.002748092293544,85.00600866530581,1,0.0274206896409658,-0.4092957555550829,-0.039018229366432,0.0999999999999943,44.945735363390895,627.454929342949,308.5095346148066,12.835673773049114,45.361214649577136,627.3458293105718,315.048766485278,6.54014191534506,726.594742449072,True,627.454929342949,308.5095346148066,GNSS + DR
59.900000000000006,628.7226864397572,308.5095346148069,12.776918107075224,0.7818123294788119,-0.0346909328063116,-0.0255135400379344,20.00277138830241,85.00601038239748,623.3978002608309,307.1804981550825,20.002759449364763,85.0059594782344,1,-0.021396969475327,-0.280069851553617,-0.008630174654345,0.1000000000000085,44.79454685042728,628.361627744969,309.40975368310256,12.79141886588238,45.22809502744106,628.2467112721699,315.9568499931626,6.5481047554939575,727.8724342597797,True,628.361627744969,309.40975368310256,GNSS + DR
60.0,629.6293848417772,309.4097536831028,12.773902392091433,0.7792609754750184,-0.0254240338515465,-0.0246032415099586,20.002779475107893,85.00601905013643,,,,,0,0.0670271009921281,-0.32473436893701,-0.0227241947104216,0.0999999999999943,44.6483650339661,629.2704054230471,310.30744458483525,12.834210600149447,45.142409091614056,629.1519685687512,316.8666185594893,6.560243175236328,729.1498244989888,True,629.2704054230471,310.30744458483525,GNSS + DR
60.1,630.5381625198553,310.30744458483554,12.771833300304916,0.7768006513240225,-0.0157662411872117,-0.0236736946727875,20.002787539202465,85.00602773775258,,,,,0,0.0486183680686773,-0.3718148605280229,-0.0113587515747388,0.1000000000000014,44.50739884387993,630.1812413996641,311.20275184059045,12.810282522557804,45.07376703462539,630.0566253545527,317.773607800319,6.572037522884299,730.4270078290193,True,630.1812413996641,311.20275184059045,GNSS + DR
60.2,631.4489984964723,311.20275184059074,12.77074914385399,0.7744332818567438,-0.005733384270572,-0.0227417426370528,20.002795581884385,85.00603644504537,,,,,0,0.1225729892982075,-0.2333986151645364,-0.0309759969046848,0.1000000000000014,44.37175856485673,631.0941168476055,312.09582448797045,12.846238088192816,44.82609455042822,630.9677444663293,318.679212733135,6.584601033116591,731.7040827434047,True,631.0941168476055,312.09582448797045,GNSS + DR
60.3,632.3618739444137,312.0958244879708,12.770686623450802,0.7721591075930385,0.0046581490108188,-0.0218236757852406,20.00280360449248,85.00604517183484,,,,,0,-0.0427334926261767,-0.1426992858725607,-0.0167741088151499,0.0999999999999943,44.24145797766914,632.0090164569925,312.98681442791764,12.808134872722064,44.68001063841394,631.8784602760276,319.5798124794951,6.594290577802319,732.9811514057496,True,632.0090164569925,312.98681442791764,GNSS + DR
60.400000000000006,633.2767735538008,312.986814427918,12.771680773656154,0.7699767400145144,0.0153914350732975,-0.0209350601686078,20.002811608391283,85.00605391797464,,,,,0,0.0321234296575848,-0.1678978925217399,-0.0135723524627176,0.1000000000000085,44.11641752607353,632.9259297263994,313.875874805073,12.80894846799411,44.630270631811705,632.7900154772154,320.4796784271478,6.605202113641898,734.2583194831154,True,632.9259297263994,313.875874805073,GNSS + DR
60.5,634.1936868232076,313.8758748050733,12.77376491046546,0.7678832339976537,0.0264490381090443,-0.0200905751660263,20.00281959495653,85.00606268336436,,,,,0,0.033322968911903,-0.23949817835014,-0.0035330647910421,0.0999999999999943,43.99646846692217,633.8448521675664,314.76315843897936,12.83458754268155,44.20833107803789,633.7100105572647,321.37459486268386,6.612811341975163,735.535695974162,True,633.8448521675664,314.76315843897936,GNSS + DR
60.6,635.1126092643746,314.7631584389797,12.776970581277965,0.765874176481051,0.0378130342633564,-0.0193038621590394,20.002827565561034,85.0060714679611,,,,,0,-0.0308710995570736,-0.216202613576245,-0.0301564083851171,0.1000000000000014,43.8813579504218,634.7657864141372,315.6488163220479,12.842229110924704,44.45291321950577,634.6267225551211,322.2739655306295,6.626608543806848,736.8133930322897,True,634.7657864141372,315.6488163220479,GNSS + DR
60.7,636.0335435109454,315.6488163220482,12.781327517318132,0.7639437902651471,0.0494650364846283,-0.018587385853684,20.002835521561163,85.00608027179005,,,,,0,0.132481396723613,-0.1631861534475065,-0.013279860368335,0.1000000000000014,43.770754967420274,635.6887432257339,316.53299619909603,12.840289504596855,44.27067050285183,635.5461516855534,323.1702804416575,6.638815742576816,738.0915257840215,True,635.6887432257339,316.53299619909603,GNSS + DR
60.8,636.9565003225421,316.5329961990964,12.786863588574889,0.7620850516797787,0.06138622001286,-0.0179523097381013,20.002843464284137,85.00608909495405,,,,,0,0.0778663922226921,-0.1434473347292012,-0.0238046626495227,0.0999999999999943,43.66425709126055,636.6137423795598,317.4158412419827,12.803151642227194,44.17021112025018,636.4644871544577,324.062394159908,6.648228546989107,739.370212142879,True,636.6137423795598,317.4158412419827,GNSS + DR
60.900000000000006,637.8814994763679,317.4158412419831,12.793604761320704,0.7602898207059685,0.0735573484716489,-0.0174083870071826,20.00285139501609,85.00609793764218,,,,,0,0.140538908720977,-0.2098928088432898,-0.0073534265650998,0.1000000000000085,43.56139793321006,637.5408134425909,318.2974888314307,12.85436545011927,44.20550807934923,637.3859440930829,324.95864424861765,6.662955500927186,740.6495726190112,True,637.5408134425909,318.2974888314307,GNSS + DR
61.0,638.808570539399,318.297488831431,12.801575058269218,0.7585489820052502,0.0859588005282141,-0.0169638681132211,20.00285931499114,85.00610680013708,,,,,0,0.2339473972446947,-0.185455345143751,-0.0041917027486598,0.0999999999999943,43.46165522284587,638.4699964182945,319.1780694565795,12.830888897235733,43.66873289333864,638.3140588230154,325.84460144115803,6.66835551204566,741.9297301248381,True,638.4699964182945,319.1780694565795,GNSS + DR
61.1,639.7377535151027,319.17806945657986,12.810796521426347,0.7568525951939281,0.0985705970848904,-0.0166254259166437,20.00286722538149,85.00611568282116,,,,,0,0.11090841249351,-0.1679542081619437,0.0012462765084371,0.1000000000000014,43.36445941813545,639.401342262719,320.0577057411922,12.865502043658111,43.56838433765661,639.2462317087802,326.73131737052813,6.675413954441408,743.2108097769808,True,639.401342262719,320.0577057411922,GNSS + DR
61.2,640.6690993595272,320.0577057411925,12.821289177686197,0.7551900526022638,0.1113724289649908,-0.016398099215429,20.002875127288675,85.00612458618156,,,,,0,0.1203147798321331,-0.1525509559914634,-0.0167483937585128,0.1000000000000014,43.26920274437235,640.3349132657418,320.9365116037658,12.842814488978217,43.81027332117088,640.1730155815042,327.62039019838977,6.685839059372748,744.4929386947495,True,640.3349132657418,320.9365116037658,GNSS + DR
61.3,641.6026703625499,320.93651160376606,12.833071007219344,0.7535502426807209,0.1243436850550061,-0.0162852552279084,20.002883021736057,85.00613351081374,,,,,0,0.1602768935412059,-0.1856436588110024,-0.0020129903710205,0.0999999999999943,43.175248556664265,641.270783294259,321.81459155712207,12.891997450170203,43.67418102839499,641.1054659130889,328.51065553056856,6.698104401470976,745.7762457954713,True,641.270783294259,321.81459155712207,GNSS + DR
61.400000000000006,642.5385403910673,321.8145915571224,12.846157914697198,0.7519217171579301,0.1374634808647812,-0.0162885713935531,20.002890909662483,85.00614245742386,,,,,0,0.2168258485139517,-0.18524982257984,0.0023204444812174,0.1000000000000085,43.081940917379015,642.2090378951611,322.6920401513882,12.880025936611052,43.607467458857805,642.0380853761609,329.3990088490051,6.709147030328482,747.0608615869411,True,642.2090378951611,322.6920401513882,GNSS + DR
61.5,643.4767949919693,322.6920401513884,12.860563703392302,0.7502928600185748,0.150710687466633,-0.0164080366423664,20.00289879191732,85.0061514268297,,,,,0,0.1523750362011255,-0.1120249839990296,-0.0278405063409211,0.0999999999999943,42.9886142778642,643.1497742570647,323.56894156265537,12.884911010387093,43.41929521658833,642.9739721806901,330.28463021650015,6.717989317157114,748.3469179572802,True,643.1497742570647,323.56894156265537,GNSS + DR
61.6,644.417531353873,323.56894156265565,12.876300052190524,0.7486520563543381,0.1640639607735838,-0.0166419720679833,20.00290666925672,85.00616041996037,,,,,0,0.1625158809169773,-0.1238109906853831,-0.0055185228669988,0.1000000000000014,42.89460315289384,644.0931010309805,324.4453693280496,12.940576454920173,43.494256204029824,643.9127377247216,331.1753066129515,6.732353732607735,749.6345479624993,True,644.0931010309805,324.4453693280496,GNSS + DR
61.7,645.3608581277888,324.4453693280499,12.893376495547018,0.7469878591475397,0.1775017711170701,-0.0169870707248917,20.00291454234129,85.00616943785451,,,,,0,0.2603612346291384,-0.1651501697407097,-0.0024019581870906,0.1000000000000014,42.79925167666683,645.0391380113666,325.32138622646033,12.948209385980554,43.43914750311549,644.8529137431094,332.06560449427013,6.746788830395341,750.9238856120539,True,645.0391380113666,325.32138622646033,GNSS + DR
61.8,646.3068951081749,325.3213862264606,12.911800406413938,0.7452891520750505,0.1910024330832449,-0.0174384560586978,20.002922411734986,85.00617848165736,,,,,0,0.2399343992751467,-0.1092064105247805,-0.0150257199225722,0.0999999999999943,42.70192293078418,645.9880156803594,326.1970443027878,12.94952087038608,43.274520274876906,645.7957394447695,332.95328721011776,6.758978352800015,752.2150656526953,True,645.9880156803594,326.1970443027878,GNSS + DR
61.900000000000006,647.2557727771676,326.1970443027881,12.931576982163667,0.7435453064691807,0.2045441355674349,-0.0179897582723616,20.00293027790532,85.00618755261624,,,,,0,0.1323077224171938,-0.2219582321008812,-0.0250974940476127,0.1000000000000085,42.6020079374454,646.939874619367,327.0723850322685,13.01060055914409,43.06288366868471,646.7463001011743,333.8416518354782,6.772033974156527,753.5082233509119,True,646.939874619367,327.0723850322685,GNSS + DR
62.0,648.2076317161751,327.0723850322688,12.952709233527424,0.7417463306419445,0.2181049720053973,-0.018633207733123,20.00293814122488,85.00619665207509,,,,,0,0.1868353820319419,-0.1302018494235882,-0.0042036501720263,0.0999999999999943,42.49893421509872,647.8948647936384,327.9474396202389,12.99389618509603,42.68278080695655,647.7015052800191,334.7225584406291,6.777877465100122,754.8034942742646,True,647.8948647936384,327.9474396202389,GNSS + DR
62.1,649.1626218904465,327.9474396202392,12.975197976564749,0.7398830098686322,0.231662970739972,-0.019359744336561,20.00294600197399,85.00620578146751,,,,,0,0.3367247639313325,-0.1940707433657803,-0.0263548326121386,0.1000000000000014,42.392173798908864,648.8531447168695,328.8222294315895,13.025840130044168,43.00755923011443,648.6540377068843,335.6110442799676,6.791733994127267,756.1010140719211,True,648.8531447168695,328.8222294315895,GNSS + DR
62.2,650.1209018136776,328.8222294315898,12.99904182767542,0.7379470354349761,0.2451961254820478,-0.0201591415679793,20.002953860344565,85.00621494230886,,,,,0,0.2952925396359885,-0.0684982183414638,-0.0169426559130883,0.1000000000000014,42.28125063461514,649.8148805043397,329.69676654313804,13.054420096628991,42.96450993454778,649.60932884376,336.50076203543813,6.807099686680593,757.4009182546887,True,649.8148805043397,329.69676654313804,GNSS + DR
62.3,651.0826376011478,329.6967665431383,13.024237201661157,0.7359311212781782,0.2586824258235953,-0.0210201438389997,20.002961716445103,85.00622413618714,,,,,0,0.2505726292717329,-0.303395435711293,-0.016421384417033,0.0999999999999943,42.16574726156994,650.780244824479,330.57105441120734,13.061843882978584,42.76243102336754,650.5682970517753,337.3876090528254,6.819848901590015,758.7033419748548,True,650.780244824479,330.57105441120734,GNSS + DR
62.400000000000006,652.0480019212871,330.5710544112077,13.05077831284014,0.7338291068942782,0.272099887761259,-0.0219306155306701,20.00296957030665,85.00623336475299,,,,,0,0.2935794048995099,-0.2906788641657722,-0.0097752350136301,0.1000000000000085,42.04531070889668,651.7494157600969,331.4450886458131,13.11020103870814,42.41336434479155,651.5362206226094,338.2718588330217,6.830098341576712,760.0084198061389,True,651.7494157600969,331.4450886458131,GNSS + DR
62.5,653.0171728569048,331.44508864581337,13.078657179213408,0.7316360453412112,0.2854265841891301,-0.0228777000451471,20.002977421889767,85.00624262970884,,,,,0,0.3160884178292136,-0.2482697045293278,-0.0241440156402725,0.0999999999999943,41.91965753769354,652.7225755917468,332.31885788204016,13.117988132270115,42.5207266967437,652.5030594988242,339.1584470766971,6.843110964080574,761.3162855240602,True,652.7225755917468,332.31885788204016,GNSS + DR
62.6,653.9903326885548,332.31885788204045,13.107863629677963,0.7293482753366964,0.2986406753181914,-0.0238479870575379,20.002985271092367,85.00625193279723,,,,,0,0.3654273433321996,-0.2627344595435826,-0.0256938239458164,0.1000000000000014,41.78857797193822,653.699909516819,333.19234473840675,13.14963086323364,42.41765742813244,653.473827708419,340.0454290391029,6.856812482235265,762.6270718870279,True,653.699909516819,333.19234473840675,GNSS + DR
62.7,654.967666613627,333.19234473840703,13.138385314277048,0.7269634766309426,0.311720438981542,-0.0248276860689549,20.0029931177583,85.00626127578857,,,,,0,0.2738072692386025,-0.1986887568270871,-0.0188385312813238,0.1000000000000014,41.65193907111026,654.6816043189123,334.0655268512603,13.215638167073116,42.385761508280126,654.4499649910454,340.93632012509306,6.874696865314144,763.9409104184557,True,654.6816043189123,334.0655268512603,GNSS + DR
62.8,655.9493614157201,334.0655268512606,13.170207717474272,0.7244807080240472,0.3246443007838806,-0.0258028042922987,20.00300096168668,85.00627066046847,,,,,0,0.3125968438503577,-0.3432470263878875,-0.0107388995161012,0.0999999999999943,41.509686908427575,655.6678470028234,334.93837797352904,13.199395996424023,41.87827041979338,655.43274551548,341.81744610217913,6.883084412380872,765.2579311902031,True,655.6678470028234,334.93837797352904,GNSS + DR
62.900000000000006,656.9356040996313,334.9383779735294,13.203314174433824,0.7219004275948173,0.3373908640532619,-0.02675932685444,20.00300880264172,85.00628008862464,,,,,0,0.3810386517964313,-0.2780658736208421,0.0011151731520913,0.1000000000000085,41.3618477298725,656.6588234110759,335.8108691254471,13.205058567815236,41.82787954219088,656.4167225457317,342.6980850303055,6.891469781486026,766.5782626076466,True,656.6588234110759,335.8108691254471,GNSS + DR
63.0,657.9265805078837,335.8108691254473,13.237685890284926,0.7192244949093733,0.349938939555221,-0.0276833972729013,20.00301664036309,85.00628956203364,,,,,0,0.3749472105304485,-0.2783409672405383,-0.037758209270689,0.0999999999999943,41.208528080735455,657.654716838266,336.68296978418886,13.319904630185164,41.820618888406976,657.4093699077102,343.5862572029888,6.907645930626062,767.902031196675,True,657.654716838266,336.68296978418886,GNSS + DR
63.1,658.9224739350739,336.68296978418914,13.273301962344869,0.7164561551820832,0.3622675749278858,-0.0285614961620814,20.0030244745766,85.00629908244774,,,,,0,0.4208605340597214,-0.313872971444629,-0.0204080759842156,0.1000000000000014,41.04991389810333,658.6557066596396,337.5546490986977,13.374288521397007,41.55852540881905,658.4101391491274,344.47348708299126,6.923194526742848,769.2293613929096,True,658.6557066596396,337.5546490986977,GNSS + DR
63.2,659.9234637564473,337.55464909869795,13.310139405270505,0.713600005565875,0.3743560837978954,-0.0293806161435876,20.00303230500511,85.00630865158168,,,,,0,0.3428807139299155,-0.4091099137801087,-0.0352459664059305,0.1000000000000014,40.886268579436695,659.6619669901928,338.4258771153686,13.352034019961518,41.218669439129,659.4144794678718,345.353298795147,6.931841112083285,770.5603753334367,True,659.6619669901928,338.4258771153686,GNSS + DR
63.3,660.9297240870005,338.42587711536885,13.348173179104446,0.7106619439515163,0.3861840745376899,-0.0301284309770977,20.003040131379542,85.00631827109997,,,,,0,0.4340405083512559,-0.3017715740342855,-0.0149403185450303,0.0999999999999943,40.71793004898454,660.6736653902406,339.2966259996827,13.359436418292043,41.28012249173855,660.4184318450272,346.2346755809474,6.942742696851827,771.8951926513471,True,660.6736653902406,339.2966259996827,GNSS + DR
63.400000000000006,661.9414224870484,339.29662599968293,13.38737622017804,0.7076491008538065,0.3977314786243457,-0.0307934569919336,20.00304795344985,85.00632794260441,,,,,0,0.4823106595932194,-0.3207773473051172,-0.0351789024650259,0.1000000000000085,40.545306855150656,661.6909616327952,340.16687123838864,13.431166540654123,41.13210610022293,661.4300604711784,347.1181742335663,6.95619743443925,773.233930273365,True,661.6909616327952,340.16687123838864,GNSS + DR
63.5,662.958718729603,340.1668712383888,13.427719474829315,0.7045697551546132,0.4089785785614186,-0.0313652049844721,20.003055770995847,85.00633766762239,,,,,0,0.4633195059188828,-0.3611839478124913,-0.0331116871662953,0.0999999999999943,40.36887334292511,662.7140065472784,341.0365928064188,13.471995015832505,40.882067777374765,662.4486219041665,347.999921989047,6.968384483826988,774.5767022208478,True,662.7140065472784,341.0365928064188,GNSS + DR
63.6,663.9817636440863,341.03659280641904,13.469171935890325,0.7014332346561659,0.4199060353255746,-0.0318343208517225,20.00306358383762,85.00634744759579,,,,,0,0.4568616223136542,-0.3885645566537011,-0.0327270294423624,0.1000000000000014,40.18916395600782,663.7429409530588,341.9057762824393,13.51537345906988,40.72210169508481,663.4729287237525,348.8816525242622,6.981099909412856,775.9236194144369,True,663.7429409530588,341.9057762824393,GNSS + DR
63.7,665.0106980498667,341.90577628243955,13.51170068189443,0.6982498025709937,0.4304949153002724,-0.0321927133557127,20.00307139184564,85.00635728387078,,,,,0,0.4557007351719739,-0.3936729064981967,-0.0279547027429107,0.1000000000000014,40.00676673316092,664.7778946950795,342.77441389678063,13.539432921055994,40.46796084790805,664.5029668226321,349.7603925046286,6.991386303470728,777.2747894826264,True,664.7778946950795,342.77441389678063,GNSS + DR
63.8,666.0456517918874,342.7744138967808,13.55527091895038,0.6950305312354224,0.440726716659956,-0.0324336675553722,20.00307919495009,85.00636717768866,,,,,0,0.4289841590213809,-0.4135839402202104,-0.0242016915867851,0.0999999999999943,39.82231607252523,665.8189857924651,343.64250549552213,13.616862141799912,40.54405791288264,665.5377208154574,350.64553290039623,7.008673399489298,778.6303165745213,True,665.8189857924651,343.64250549552213,GNSS + DR
63.900000000000006,667.0867428892731,343.6425054955224,13.59984602522642,0.6917871644798851,0.4505833951684312,-0.0325519426008363,20.0030869931496,85.00637713017763,,,,,0,0.4769834655464419,-0.3806621504807511,-0.0227149286647512,0.1000000000000085,39.63648484601991,666.8663197094819,344.51005940472044,13.660336172732142,40.00138101846301,666.5841421123904,351.52362760647645,7.019242346363562,779.9903011770441,True,666.8663197094819,344.51005940472044,GNSS + DR
64.0,668.1340768062897,344.5100594047206,13.645387597984064,0.6885319702198014,0.4600473893561041,-0.0325438527577663,20.00309478651896,85.00638714234591,,,,,0,0.5530326820001245,-0.4125167421641958,-0.0276015282195942,0.0999999999999943,39.44997595342191,667.9199887566166,345.3770931792081,13.665499485587675,39.86187783900734,667.6330946131948,352.3995028332993,7.028267610115845,781.3548399368425,True,667.9199887566166,345.3770931792081,GNSS + DR
64.10000000000001,669.1877458534244,345.3770931792083,13.691855503097642,0.6852775849440248,0.4691016450415564,-0.0324073307145157,20.00310257521588,85.00639721507595,,,,,0,0.4931502197115501,-0.4561427381518794,-0.0407062409389215,0.1000000000000085,39.26351341221039,668.9800716278776,346.243634221073,13.75583943773154,39.76516123923952,668.6904683010636,353.279384683646,7.041708220204655,782.7240254871524,True,668.9800716278776,346.243634221073,GNSS + DR
64.2,670.2478287246853,346.2436342210732,13.739207926992377,0.6820368518725732,0.4777296391643304,-0.0321419724207112,20.0031103594865,85.00640734912005,,,,,0,0.4632394396969099,-0.4640348245131865,-0.0198641109176093,0.0999999999999943,39.07783308468775,670.0466330787232,347.10972025385576,13.830261626631296,39.70967618884288,669.7544188047664,354.16299698113914,7.059327289022771,784.0979462798516,True,670.0466330787232,347.10972025385576,GNSS + DR
64.3,671.3143901755309,347.1097202538559,13.787401430930508,0.6788226546305021,0.4859154028959001,-0.0317490629099317,20.003118139669706,85.00641754509725,,,,,0,0.4913030484576308,-0.4453388880777105,-0.027278649546562,0.0999999999999943,38.89367314819448,671.119723747348,347.9753996397062,13.84084063757925,39.1690671726803,670.8274792424019,355.037199470686,7.06784434629806,785.4766864229446,True,671.119723747348,347.9753996397062,GNSS + DR
64.4,672.3874808441558,347.97539963970644,13.836391007571557,0.6756477483395089,0.4936435439969422,-0.0312315827694127,20.00312591619993,85.00642780349162,,,,,0,0.5336860588607387,-0.3910257788554572,-0.0146142348692657,0.1000000000000085,38.71176441737104,672.1993801204131,348.8407315282,13.879644504330187,39.01521990490622,671.905898144152,355.91096030067,7.076317302485227,786.8603255237019,True,672.1993801204131,348.8407315282,GNSS + DR
64.5,673.4671372172209,348.8407315282002,13.886130139729897,0.6725245900625676,0.5008992683911728,-0.0305941951337661,20.00313368960856,85.00643812465196,,,,,0,0.5122235685321305,-0.3961827669695278,-0.0326715829285654,0.0999999999999943,38.53282062935095,673.2856246427399,349.7057858272414,13.933290075441748,38.727161353190745,672.992881364968,356.78264441830004,7.082910852504138,788.2489385376748,True,673.2856246427399,349.7057858272414,GNSS + DR
64.60000000000001,674.5533817395477,349.70578582724164,13.936570861249791,0.669465170549191,0.5076684009251853,-0.0298432132952314,20.003141460523537,85.00644850879284,,,,,0,0.5619335650783424,-0.3751448671519477,-0.0408659605687414,0.1000000000000085,38.3575288034745,674.3784659690111,350.57064298845376,13.998875996589163,38.862433087262495,674.0829104455272,357.6610076092492,7.09652193143156,789.6425956237998,True,674.3784659690111,350.57064298845376,GNSS + DR
64.7,675.646223065819,350.5706429884539,13.987663819914934,0.6664808492196678,0.513937405286784,-0.0289865492376268,20.003149229667603,85.00645895599702,,,,,0,0.5700795933242355,-0.35041344935803,-0.0243268092644575,0.0999999999999943,38.186539786581946,675.4778993541522,351.43539360165187,14.00305038780479,38.518793914000966,675.1785145973349,358.5330774138952,7.10399512466015,791.0413620057913,True,675.4778993541522,351.43539360165187,GNSS + DR
64.8,676.7456564509602,351.4353936016521,14.039358342307148,0.663582194295905,0.5196934030538625,-0.0280336436125312,20.00315699785453,85.0064694662191,,,,,0,0.5941425620740949,-0.3949404146127002,-0.0100741167296886,0.0999999999999943,38.02045909318553,676.5839071778247,352.30013779539485,14.092646156366694,38.46277657668284,676.2819862966373,359.40964855517456,7.1159187363207295,792.4452978400219,True,676.5839071778247,352.30013779539485,GNSS + DR
64.9,677.8516642746326,352.3001377953952,14.091602500525706,0.6607788299346519,0.5249241918476244,-0.0269953778820614,20.00316476598379,85.00648003929066,,,,,0,0.626102165460876,-0.277125126048226,-0.0203859565159009,0.1000000000000085,37.85983814684833,677.696459597335,353.1649844431715,14.13379322153645,38.45904487533209,677.3887371180947,360.2887069875301,7.130365769947061,793.8544580900747,True,677.696459597335,353.1649844431715,GNSS + DR
65.0,678.9642166941428,353.16498444317165,14.144343180676673,0.6580792921464457,0.5296182625666557,-0.0258839695505648,20.00317253503341,85.00649067492641,,,,,0,0.6094111987852737,-0.3494972895537488,-0.0228806675422934,0.0999999999999943,37.70516602494804,678.8155153222638,354.03005017745494,14.231299680935797,38.10893461683062,678.5085109841252,361.1670038593455,7.143553703940826,795.2688924081423,True,678.8155153222638,354.03005017745494,GNSS + DR
65.10000000000001,680.0832724190717,354.0300501774552,14.197526153039036,0.6554908951913891,0.533764815676081,-0.0247128515955208,20.00318030605112,85.00650137273162,,,,,0,0.5170528624686831,-0.3425327060826557,-0.0284163217720952,0.1000000000000085,37.55686180371879,679.9410225032309,354.8954582166215,14.244042698362938,38.09155410713029,679.6295541360228,362.04574715264096,7.157069540834004,796.6886450234463,True,679.9410225032309,354.8954582166215,GNSS + DR
65.2,681.2087796000387,354.89545821662165,14.251096143811887,0.6530196100318371,0.5373537765311198,-0.0234965373838348,20.003188080143804,85.00651213221063,,,,,0,0.5221770542023062,-0.280732101437078,-0.0009188727170266,0.0999999999999943,37.415267594103135,681.072919726412,355.7613370125025,14.334453896034278,37.87036690794038,680.7611183412617,362.9257063189646,7.1711510696092535,798.1137546378274,True,681.072919726412,355.7613370125025,GNSS + DR
65.3,682.3406768232198,355.76133701250274,14.30499690834526,0.6506699562934536,0.5403758097139288,-0.0222504725215793,20.00319585846537,85.00652295277635,,,,,0,0.5665872358909376,-0.3801184507491679,-0.0275464984704271,0.0999999999999943,37.28064235157663,682.2111371047185,356.62781872910045,14.33292209438962,37.881459498841096,681.8923912607626,363.8057904849637,7.18504540284959,799.5442543286619,True,682.2111371047185,356.62781872910045,GNSS + DR
65.4,683.4788942015264,356.62781872910074,14.359171305754677,0.6484449090412957,0.5428223323625758,-0.0209908752313357,20.003203642203065,85.00653383376067,,,,,0,0.5502635645006051,-0.3109382957906188,-0.0232448178076181,0.1000000000000085,37.1531565348108,683.3555974558857,357.4950375656618,14.420916489090732,37.724425744913,683.0330320532665,364.6881548690645,7.200346170808652,800.9801714592375,True,683.3555974558857,357.4950375656618,GNSS + DR
65.5,684.6233545526934,357.495037565662,14.413561374817776,0.6463458215181621,0.5446855264760675,-0.0197345669799763,20.00321143256242,85.00654477442576,,,,,0,0.5177691901280204,-0.2053917524367497,-0.0090342250191361,0.0999999999999943,37.03288767890668,684.5062175570984,358.36312793984035,14.469949380093604,37.42909762448048,684.1820995062043,365.5676083011596,7.211767452403716,802.4215275967191,True,684.5062175570984,358.36312793984035,GNSS + DR
65.60000000000001,685.7739746539062,358.36312793984064,14.468108411049888,0.6443723648201645,0.5459583501769671,-0.0184987951896035,20.003219230750933,85.00655577397605,,,,,0,0.5538737604683175,-0.3245136707300977,-0.0320590020884714,0.1000000000000085,36.91981693905959,685.662909465177,359.2322225490313,14.500727466092592,37.39451917604952,685.334142741799,366.4482372546807,7.223500245071572,803.8683384378243,True,685.662909465177,359.2322225490313,GNSS + DR
65.7,686.9306665619847,359.2322225490315,14.52275304485317,0.6425224853012041,0.546634547916387,-0.0173010499542224,20.00322703796064,85.00656683157081,,,,,0,0.5529089012354351,-0.1653801660551825,0.0004448566995909,0.0999999999999943,36.81382665001547,686.8255818907272,360.10245033006504,14.57630096714591,37.47038815967355,686.491016896821,367.3349884533211,7.240272193743812,805.3206137423095,True,686.8255818907272,360.10245033006504,GNSS + DR
65.8,688.0933389875349,360.1024503300653,14.577435320633166,0.6407923803057819,0.5467086596081483,-0.0161588767535522,20.003234855349803,85.00657794633734,,,,,0,0.543116272620088,-0.1299981524110341,-0.0049169456113787,0.0999999999999943,36.71469893566327,687.9941416140347,360.9739343392905,14.651685697369798,37.273705466201385,687.6569269854426,368.2223286378022,7.256234120563735,806.7783572743728,True,687.9941416140347,360.9739343392905,GNSS + DR
65.9,689.2618987108425,360.9739343392909,14.6320947767748,0.6391764926304266,0.5461760286782358,-0.0150896872024434,20.003242684023856,85.00658911738452,,,,,0,0.5603865543704856,-0.209266500189226,-0.0010973764843323,0.1000000000000085,36.622115391698216,689.1684949298175,361.84678957658673,14.675618942689068,36.91257108303554,688.8303203582877,369.1037399527249,7.264825586520365,808.2415667520503,True,689.1684949298175,361.84678957658673,GNSS + DR
66.0,690.4362520266252,361.846789576587,14.686670526368813,0.6376675239101823,0.5450328090199452,-0.0141105698991207,20.00325052501586,85.00660034381654,,,,,0,0.6339553515358618,-0.162646652676368,-0.0035293997796241,0.0999999999999943,36.53565785261096,690.3485491072629,362.72112077801694,14.70283127338542,37.13400056178667,690.0024680472732,369.9913222135562,7.278433967097646,809.710233804687,True,690.3485491072629,362.72112077801694,GNSS + DR
66.10000000000001,691.6163062040707,362.7211207780173,14.741101338578789,0.6362564669202703,0.5432759708440571,-0.0132381034376515,20.00325837926668,85.00661162474692,,,,,0,0.5832378729065191,-0.1091898700624576,-0.0098493386122152,0.1000000000000085,36.454810242436565,691.5342138510634,363.5970202026378,14.79075008204924,36.79211864907113,691.1869316694323,370.8771601263136,7.288418362167243,811.184343938545,True,691.5342138510634,363.5970202026378,GNSS + DR
66.2,692.8019709478713,363.5970202026381,14.795325720537624,0.6349326565765051,0.5409033054161405,-0.0124881736295982,20.003266247605083,85.00662295931248,,,,,0,0.694493759218914,-0.1781060559067108,-0.0181196607311524,0.0999999999999943,36.378961496863056,692.7254027484361,364.47456543938864,14.827277258641775,37.09083845735721,692.3696744719407,371.771364226148,7.305464745048843,812.6638765105987,True,692.7254027484361,364.47456543938864,GNSS + DR
66.3,693.9931598452439,364.474565439389,14.849281999662017,0.6336838392135453,0.5379134286750631,-0.0118757969369867,20.00327413072807,85.00663434668714,,,,,0,0.5764388379760456,-0.102958281661729,-0.0082765513492363,0.0999999999999943,36.3074095325828,693.9220346864079,365.3538172600182,14.89243518088874,36.96102435855896,693.5596466297588,372.666804073255,7.321960204356251,814.1488047105648,True,693.9220346864079,365.3538172600182,GNSS + DR
66.4,695.1897917832158,365.3538172600186,14.902908406272635,0.6324962595198467,0.5343057837268628,-0.01141495205395,20.003282029181563,85.00664578609546,,,,,0,0.5498024950300002,-0.1736734246785444,-0.0161673151714763,0.1000000000000085,36.23936622829843,695.1240352229775,366.2348175436416,14.951276650878931,36.78284904968619,694.7571102955412,373.56206241811554,7.336426333909409,815.6390955511923,True,695.1240352229775,366.2348175436416,GNSS + DR
66.5,696.3917923197853,366.2348175436418,14.95614315640739,0.6313547643144517,0.5300806422111304,-0.0111184214884197,20.003289943341763,85.00665727682583,,,,,0,0.5602872863438737,-0.1601688181207412,-0.0012568683876559,0.0999999999999943,36.17396337069488,696.3313378951789,367.117587297793,14.97203011208708,36.697548297210304,695.957569490618,374.4567772205682,7.348701350770264,817.134709866833,True,696.3313378951789,367.117587297793,GNSS + DR
66.60000000000001,697.5990949919867,367.11758729779336,15.008924534714865,0.6302429221656097,0.5252391045375759,-0.0109976448889274,20.003297873397383,85.00666881824287,,,,,0,0.568063703459753,-0.1750296454137541,0.0020701534165535,0.1000000000000085,36.11025950808148,697.5438854466156,368.0021247997639,15.026611367928451,36.57890466967736,697.164261892693,375.35225694607976,7.359929117253666,818.6356023203047,True,697.5438854466156,368.0021247997639,GNSS + DR
66.7,698.8116425434233,368.0021247997642,15.061190977314904,0.629143157676717,0.5197830989925389,-0.0110625857361579,20.00330581933296,85.00668040979924,,,,,0,0.5715457968510922,-0.1194833565154546,0.0087055005758241,0.0999999999999943,36.047247644409566,698.7616309567321,368.88840388060834,15.120832314025415,36.64902623711957,698.3774168690383,376.2548369713725,7.376446091844506,820.1417214180361,True,698.7616309567321,368.88840388060834,GNSS + DR
66.8,700.0293880535398,368.8884038806087,15.11288115451337,0.6280368991031012,0.5137153797166594,-0.0113216128756722,20.003313780913405,85.00669205104639,,,,,0,0.6475509460096106,-0.0832037372391656,-0.0026039364701436,0.0999999999999943,35.983863697091216,699.9845388540244,369.7763723725293,15.15242678058998,36.4282469716719,699.5965828589134,377.15461175571744,7.388431920899805,821.6530095334874,True,699.9845388540244,369.7763723725293,GNSS + DR
66.9,701.2522959508321,369.7763723725297,15.163934053258236,0.626904737815534,0.5070395235559833,-0.0117813982088089,20.003321757670086,85.00670374164426,,,,,0,0.4947735003071049,-0.1578579920994115,0.0024643553571429,0.1000000000000085,35.91899563358552,701.2125857955684,370.6659507384312,15.162639166421826,36.4543311141815,700.8161605098079,378.055548278648,7.400223294845198,823.1694029388135,True,701.2125857955684,370.6659507384312,GNSS + DR
67.0,702.480342892376,370.6659507384314,15.214289059224567,0.6257265979946531,0.4997599257913609,-0.0124468316848639,20.00332974888851,85.00671548136971,,,,,0,0.5727122287002477,-0.2229321531206554,-0.0104182790571653,0.0999999999999943,35.85149319417275,702.4457613957431,371.5570309003189,15.279985939956733,36.48228334915066,702.0447336447917,378.9640568120415,7.417874096664242,824.6908318447358,True,702.4457613957431,371.5570309003189,GNSS + DR
67.10000000000001,703.7135184925507,371.55703090031926,15.263886038416508,0.6244819148261668,0.4918817947513521,-0.0133209545511902,20.0033377535978,85.00672727012345,,,,,0,0.5322693246320583,-0.2274648733066338,-0.0131037259312721,0.1000000000000085,35.780178101787506,703.6840687878617,372.4494752809738,15.319333433521994,36.19590712025867,703.2810076820124,379.8687370170689,7.430202080948584,826.2172204485776,True,703.6840687878617,372.4494752809738,GNSS + DR
67.2,704.9518258846692,372.4494752809741,15.312665418174838,0.6231498193710477,0.4834111453163636,-0.0144049116208387,20.00334577056207,85.00673910793543,,,,,0,0.4348562581878328,-0.1708476209597546,-0.0046681927126706,0.0999999999999943,35.70385465430063,704.9275250036229,373.3431160709864,15.348387921694108,36.11142574330202,704.5209615379213,380.7733057282039,7.441304468563597,827.748486990395,True,704.9275250036229,373.3431160709864,GNSS + DR
67.3,706.1952821004305,373.3431160709868,15.36056826747978,0.6217093282089639,0.4743547913222823,-0.0156979231119714,20.003353798273874,85.00675099496847,,,,,0,0.5428897304270205,-0.1189231989493729,-0.0145626518391405,0.0999999999999943,35.621320590287326,706.1761611569029,374.2377547308491,15.384231663258616,35.942165768178654,705.7664841503027,381.6763114096557,7.449829576141675,829.2845438171429,True,706.1761611569029,374.2377547308491,GNSS + DR
67.4,707.4439182537106,374.2377547308495,15.407536376439294,0.6201395358977667,0.4647203368739205,-0.0171972764017274,20.003361834949693,85.00676293152003,,,,,0,0.5581015149141159,-0.2152814117695764,-0.0095054185134508,0.1000000000000085,35.53137811614364,707.4300224203926,375.1331617354194,15.47425253436558,35.87170720422472,707.0204109484542,382.58305972084855,7.4611501493566195,830.8252974547869,True,707.4300224203926,375.1331617354194,GNSS + DR
67.5,708.6977795172002,375.1331617354198,15.453512334854564,0.618419808257594,0.4545161665813602,-0.0188983378218505,20.00336987852767,85.0067749180219,,,,,0,0.4416573463924887,-0.2813905241707789,-0.0245102597152047,0.0999999999999943,35.43284498044975,708.6891677859771,376.02907656572506,15.510499347305773,35.65858568373353,708.280646942783,383.4872505959549,7.469353997804538,832.3706486882722,True,708.6891677859771,376.02907656572506,GNSS + DR
67.60000000000001,709.9569248827848,376.0290765657255,15.498439609755566,0.6165299744754089,0.4437514347302773,-0.0207945844065324,20.00337792666752,85.00678695503808,,,,,0,0.4733047413356788,-0.2539744122920937,-0.0246108612312954,0.1000000000000085,35.3245654807493,709.9536696025173,376.9252079508129,15.596091655409248,35.934039799101626,709.5434517693553,384.4025127000679,7.488548923781853,833.9204926492479,True,709.9536696025173,376.9252079508129,GNSS + DR
67.7,711.2214266993249,376.9252079508133,15.54226262180062,0.6144505160347556,0.4324360534025562,-0.0228776552869431,20.00338597675272,85.00679904326016,,,,,0,0.376168340302171,-0.3375454584200332,-0.0115235622767602,0.0999999999999943,35.20542128842701,711.2236128877801,377.8212343601704,15.60066639377512,35.97675846973943,710.8059440557016,385.31898481978266,7.509374754791913,835.474718911428,True,711.2236128877801,377.8212343601704,GNSS + DR
67.8,712.4913699845877,377.8212343601707,15.584926820436078,0.6121627505060613,0.4205806795632849,-0.0251374222142255,20.003394025894902,85.00681118350089,,,,,0,0.3876403565790681,-0.3806791465313199,-0.0112705214601645,0.0999999999999943,35.074341979117314,712.499094414675,378.7168047451949,15.64268088326132,35.78814132063786,712.0748546647997,386.2337528331465,7.528910141735908,837.0332115934715,True,712.499094414675,378.7168047451949,GNSS + DR
67.9,713.7668515114826,378.7168047451953,15.626378757713278,0.6096490082846387,0.4081967011302012,-0.027562078485558,20.00340207094056,85.00682337668539,,,,,0,0.4905981800110639,-0.4486184330499138,-0.0324186401752248,0.1000000000000085,34.93031515904596,713.7802215755648,379.61153952624784,15.673040199111108,35.186402485751984,713.3557835194945,387.1368935531011,7.537313904363917,838.5958494692429,True,713.7802215755648,379.61153952624784,GNSS + DR
68.0,715.0479786723723,379.6115395262482,15.666566160662118,0.606892800436083,0.3952962220467171,-0.0301382453485977,20.003410108479844,85.0068356238403,,,,,0,0.4019753967463454,-0.3717403725077562,-0.0184321022435335,0.0999999999999943,34.77239608186288,715.0671110322199,380.5050318200107,15.732901678006137,35.38112428259631,714.6385162436928,388.0478483875296,7.554983472118885,840.162506085309,True,715.0671110322199,380.5050318200107,GNSS + DR
68.10000000000001,716.3348681290275,380.505031820011,15.70543800212262,0.6038789759012232,0.3818920463772013,-0.0328510947703281,20.00341813485768,85.00684792608087,,,,,0,0.3564518976302994,-0.6129012280920267,-0.0331784515006809,0.1000000000000085,34.59971665582244,716.3598871628599,381.3968489001528,15.767939706147583,35.31303260831098,715.9251897868766,388.9593034983488,7.574937713173777,841.7330498855214,True,716.3598871628599,381.3968489001528,GNSS + DR
68.2,717.6276442596674,381.396848900153,15.742944569937558,0.6005938664241903,0.3679976614465818,-0.0356844872791061,20.003426146186825,85.0068602845961,,,,,0,0.4094706796695033,-0.491885945227647,-0.030519435517103,0.0999999999999943,34.411493747550026,717.658680321591,382.2865338826913,15.817979070108862,34.842972250439225,717.2234044502743,389.86303094972055,7.588990241847299,843.3073443425151,True,717.658680321591,382.2865338826913,GNSS + DR
68.3,718.9264374183985,382.2865338826915,15.779037534411938,0.5970254176962797,0.3536272200477697,-0.0386211234255404,20.003434138363,85.00687270063216,,,,,0,0.3575065984762186,-0.6025914030426363,-0.019451679267634,0.0999999999999943,34.20703669603192,718.9636249293349,383.1736076258737,15.818611076039192,34.722253810629425,718.5235722710913,390.76405714326967,7.603194737619463,844.8852480959562,True,718.9636249293349,383.1736076258737,GNSS + DR
68.4,720.2313820261425,383.173607625874,15.813670013947112,0.5931633053537256,0.3387955217399518,-0.0416427072604378,20.003442107082016,85.00688517547404,,,,,0,0.345254438851175,-0.649041067676544,-0.0285678349202083,0.1000000000000085,33.985753958798185,720.2748574189177,384.0575708328925,15.854961864488232,34.184570001177484,719.8351453188089,391.65488501538914,7.61002822061433,846.466615097351,True,720.2748574189177,384.0575708328925,GNSS + DR
68.5,721.5426145157252,384.0575708328928,15.846796638759928,0.5889990346276819,0.3235179932646215,-0.0447301200980824,20.00345004785861,85.006897710426,,,,,0,0.3904842945483667,-0.5942133590157307,-0.0317714002178605,0.0999999999999943,33.747158821446,721.5925140602916,384.9379063442432,15.88721457534169,34.2871692466425,721.1477858617344,392.5498770123912,7.624951188259324,848.0512947612269,True,721.5925140602916,384.9379063442432,GNSS + DR
68.60000000000001,722.8602711570992,384.93790634424346,15.878373612600036,0.5845260226178737,0.3078106681050663,-0.047863602722,20.00345795604706,85.00691030679074,,,,,0,0.279724000158349,-0.7657027210749792,-0.0237756991374303,0.1000000000000085,33.49087411157266,722.9167286947834,385.8140816050279,15.944189647023617,33.83134015215745,722.4722378989812,393.4375698849748,7.636435400240082,849.639132122487,True,722.9167286947834,385.8140816050279,GNSS + DR
68.7,724.1844857915909,385.81408160502815,15.90835877238094,0.5797396623456736,0.2916901652173287,-0.0510229440992491,20.003465826863344,85.00692296584775,,,,,0,0.2764219045832371,-0.8156947580554138,-0.0530617375097471,0.0999999999999943,33.216635868746515,724.2476304097107,386.6855512909672,15.988326261186875,33.746581121433245,723.8016716437027,394.3257543729823,7.653207324737279,851.2299679997251,True,724.2476304097107,386.6855512909672,GNSS + DR
68.8,725.5153875065183,386.68555129096745,15.936711645643502,0.5746373679357487,0.2751736669617788,-0.0541876745992642,20.00347365540873,85.00693568883105,,,,,0,0.3128776665692223,-0.8400930567824118,-0.0590464243491897,0.0999999999999943,32.92429593322462,725.5853411866312,387.5517600753109,15.977534835780515,33.19011549489629,725.1387656508372,395.200394762154,7.661660543377586,852.8236391642893,True,725.5853411866312,387.5517600753109,GNSS + DR
68.9,726.853098283439,387.5517600753112,15.963393505773295,0.5692186004758223,0.2582788962650983,-0.0573372616650266,20.00348143669463,85.00694847690676,,,,,0,0.3367493858025087,-0.8646049012116989,-0.0595584843673125,0.1000000000000085,32.61382342760801,726.9299735577852,388.4121455172189,16.004898031217433,33.19525216127965,726.4780710182594,396.0766531388278,7.677818243936979,854.4199785148668,True,726.9299735577852,388.4121455172189,GNSS + DR
69.0,728.1977306545928,388.4121455172191,15.988367424896522,0.5634848743093196,0.2410240930443485,-0.0604513058584494,20.00348916566856,85.00696133115062,,,,,0,0.3329321081188411,-0.9586104784943325,-0.0579963163925155,0.0999999999999943,32.28530511738368,728.28162830594,389.2661410505356,16.044648969373917,32.93898201869768,727.8246183652501,396.9490738216501,7.696513109931967,856.0188152573563,True,728.28162830594,389.2661410505356,GNSS + DR
69.10000000000001,729.5493854027477,389.2661410505359,16.011598324382167,0.5574397437234746,0.2234279899244828,-0.0635097351985809,20.00349683724096,85.0069742525261,,,,,0,0.2201749039064017,-1.065585316214348,-0.0820552413414998,0.1000000000000085,31.938944648209315,729.6403922427954,390.1131790502234,16.05668309438191,32.32146766895204,729.181506934801,397.8075749164409,7.708067427829004,857.6199750897946,True,729.6403922427954,390.1131790502234,GNSS + DR
69.2,730.908149339603,390.1131790502236,16.03305302288142,0.5510887702036165,0.2055097872827715,-0.0664929957305801,20.00350444631277,85.00698724186309,,,,,0,0.282378635628754,-1.0793706352427077,-0.0635672780975482,0.0999999999999943,31.5750606697221,731.0063361003229,390.9526939520733,16.102094095944217,31.90452228251053,730.5484619702809,398.6585791900624,7.719476408411443,859.2232803920826,True,731.0063361003229,390.9526939520733,GNSS + DR
69.3,732.2740931971306,390.9526939520736,16.05270028183872,0.5444394706305584,0.1872891276544486,-0.0693822363052453,20.00351198780345,85.00700029983777,,,,,0,0.1780820129809281,-1.0197055514685864,-0.0698279436241944,0.0999999999999943,31.194083867467736,732.3795125679369,391.78412539974425,16.05766473602634,31.37068041108524,731.9194931624863,399.4944975100829,7.724082853858984,860.8285504202664,True,732.3795125679369,391.78412539974425,GNSS + DR
69.4,733.6472696647446,391.7841253997446,16.070510848412308,0.5375012470000339,0.1687860695337306,-0.0721594856126267,20.00351945667922,85.00701342695382,,,,,0,0.2900965368790706,-1.125900956896794,-0.0593218879386487,0.1000000000000085,30.796552936120744,733.7599545061906,392.6069213917131,16.103976747473972,31.256590906009468,733.2961451398517,400.33008712469535,7.737080073736786,862.4356015051078,True,733.7599545061906,392.6069213917131,GNSS + DR
69.5,735.0277116029982,392.6069213917134,16.086457495745467,0.5302852984387713,0.1500210606065977,-0.0748078195983264,20.003526847981373,85.00702662352538,,,,,0,0.1233325093356112,-1.1508384461326815,-0.066283625808226,0.0999999999999943,30.383109538376896,735.147673364839,393.4205413994413,16.120809169066238,30.795870448234652,734.6809174885218,401.1554418514722,7.748970644602057,864.0442472546822,True,735.147673364839,393.4205413994413,GNSS + DR
69.60000000000001,736.4154304616467,393.4205413994416,16.100515060533628,0.5228045164789387,0.1310149104515012,-0.0773115174964801,20.003534156854258,85.00703988966193,,,,,0,0.2274388509910878,-1.2278263121634394,-0.0783184837741735,0.1000000000000085,29.954492304620885,736.5426578296514,394.2244594270268,16.104107940285907,30.221839392768675,736.072446084145,401.9660410700057,7.7558484655464754,865.6542987607356,True,736.5426578296514,394.2244594270268,GNSS + DR
69.7,737.810414926459,394.2244594270271,16.112660477835767,0.5150733647292907,0.1117887627449754,-0.0796562048380018,20.00354137857277,85.00705322525526,,,,,0,0.1089644574040392,-1.2864482683163254,-0.0687565963843727,0.0999999999999943,29.511529938590872,737.9448727183571,395.0181669818805,16.143387708948392,30.0794827520377,737.4693833909806,402.7751491146973,7.771541797435569,867.2655648085191,True,737.9448727183571,395.0181669818805,GNSS + DR
69.8,739.2126298151647,395.0181669818808,16.122872813082623,0.5071077442454904,0.0923640670106529,-0.081828981935088,20.003548508569047,85.00706662996909,,,,,0,0.2230263897503829,-1.2054397956696894,-0.0695963513368503,0.0999999999999943,29.055133503666163,739.3542581416834,395.8011759256248,16.154569690765705,29.487637946386464,738.8755771663934,403.570334806802,7.783891391654883,868.8778520898273,True,739.3542581416834,395.8011759256248,GNSS + DR
69.9,740.622015238491,395.8011759256252,16.131133291237898,0.4989248460519816,0.0727625499496475,-0.0838185365016519,20.003555542458063,85.00708010323086,,,,,0,0.1323285863922718,-1.3314975774371898,-0.086503994399566,0.1000000000000085,28.58628797299288,740.7707289406711,396.5730211745008,16.17711119814752,28.924927579196098,740.2914855913672,404.3527621831515,7.794488074885594,870.4909654189513,True,740.7707289406711,396.5730211745008,GNSS + DR
70.0,742.0384860374786,396.5730211745011,16.137425323072552,0.4905429924018164,0.053006186391542,-0.085615239242567,20.003562476061905,85.0070936442265,,,,,0,0.0322053599211309,-1.3737780237702737,-0.0855454817963912,0.0999999999999943,28.10604313434209,742.1941744064737,397.33326321915695,16.20968464090576,28.522857273496022,741.715711743607,405.12678972067965,7.808199654830443,872.1047079512584,True,742.1941744064737,397.33326321915695,GNSS + DR
70.10000000000001,743.4619315032813,397.3332632191573,16.141734528516206,0.4819814684775597,0.0331171699057009,-0.0872112214304352,20.00356930543239,85.00710725189766,,,,,0,0.0370052459285755,-1.322933265919962,-0.104464853301415,0.1000000000000085,27.615503947281898,743.6244582837684,398.0814904348089,16.186833315492393,28.27619962812134,743.1412444100296,405.89359630959103,7.827036083127427,873.7188814041102,True,743.6244582837684,398.0814904348089,GNSS + DR
70.2,744.8922153805759,398.0814904348092,16.144048757053692,0.4732603463345162,0.013117883112681,-0.0886004336850201,20.003576026871823,85.0071209249418,,,,,0,0.0821769433738681,-1.4364877392504376,-0.094507033428713,0.0999999999999943,27.115820455867414,745.0614190538537,398.81732115442907,16.17343248264827,27.7062609974307,744.5731476501916,406.6455619294973,7.843453486575627,875.3332862798154,True,745.0614190538537,398.81732115442907,GNSS + DR
70.3,746.3291761506613,398.8173211544294,16.144358105138743,0.4644003029660142,-0.0069691322632792,-0.0897786853753857,20.003582636951645,85.00713466181483,,,,,0,0.0756630886174988,-1.44915561409751,-0.0922033809796215,0.0999999999999943,26.60817736454938,746.5048704886369,399.5404054798653,16.193219014314472,27.088673455324606,746.0148345408858,407.3829507886862,7.857840170873674,876.9477220903292,True,746.5048704886369,399.5404054798653,GNSS + DR
70.4,747.7726275854445,399.5404054798657,16.142654930601037,0.4554224344284756,-0.0271212055604763,-0.0907436642758406,20.00358913252866,85.00714846073649,,,,,0,-0.0006569851466995,-1.4343313253423586,-0.0850020025097803,0.1000000000000085,26.09378338832513,747.954602462094,400.25042680857393,16.213638403029865,26.686649141094858,747.463484321269,408.1111228263518,7.876023039082357,878.5619875833894,True,747.954602462094,400.25042680857393,GNSS + DR
70.5,749.2223595589015,400.2504268085742,16.138933864026647,0.4463480680008915,-0.0473155675233627,-0.0914949363217891,20.00359551075877,85.00716231969804,,,,,0,-0.0150826534751894,-1.4466172209862749,-0.0959487631153872,0.0999999999999943,25.573860490269357,749.4103820015849,400.94710305696594,16.16941468770435,25.899723696811343,748.9180200035787,408.8173987372514,7.88568160859924,880.1758809697919,True,749.4103820015849,400.94710305696594,GNSS + DR
70.60000000000001,750.6781390983925,400.9471030569663,16.133191817096364,0.4371985743687126,-0.0675293807815613,-0.0920339255281059,20.003601769107995,85.00717623647233,,,,,0,0.0003882708506419,-1.441820406830134,-0.092168445398597,0.1000000000000085,25.04963312046368,750.8719545576845,401.630187565156,16.164980319417936,25.55448863557273,750.3763848552223,409.5147063069526,7.900077538843512,881.7892001515017,True,750.8719545576845,401.630187565156,GNSS + DR
70.7,752.139711654492,401.6301875651563,16.125427987870335,0.427995181815902,-0.087739770423898,-0.0923638743483414,20.003607905360536,85.00719020862596,,,,,0,-0.051149849073357,-1.3548235500151096,-0.0996171811641674,0.0999999999999943,24.522317569985503,752.3390454680414,402.29946967209423,16.18659896705582,25.044415919558475,751.8428581855509,410.19991856066514,7.916015061899932,883.4017429502886,True,752.3390454680414,402.29946967209423,GNSS + DR
70.8,753.606802564849,402.2994696720946,16.115643863011584,0.4187587943810679,-0.1079238546248362,-0.0924897849655893,20.003613917624,85.00720423353324,,,,,0,-0.142599097591755,-1.4437200231543426,-0.0857786459802766,0.0999999999999943,23.993111552021844,753.8113615882826,402.95477495459374,16.16121314069697,24.42263607574704,753.3143695832476,410.8681268427439,7.928943129998987,885.0133073365897,True,753.8113615882826,402.95477495459374,GNSS + DR
70.9,755.0791186850903,402.9547749545941,16.103843216945368,0.4095098158845089,-0.1280587752817474,-0.0924183422128362,20.003619804331507,85.00721830839181,,,,,0,-0.1387074765137565,-1.5771931915030593,-0.0831611962669872,0.1000000000000085,23.46318411936176,755.2885930611468,403.59596512852,16.166792910759558,24.02850286975537,754.7909523063267,411.5264241859699,7.946057335732501,886.6236916582844,True,755.2885930611468,403.59596512852,GNSS + DR
71.0,756.5563501579544,403.5959651285202,16.090032107955235,0.4002679816632253,-0.1481217286217173,-0.0921578190198524,20.00362556424084,85.00723243023954,,,,,0,-0.1063657314641341,-1.436507319856975,-0.0831341655356542,0.0999999999999943,22.93366602352264,756.7704151939159,404.22293761530494,16.13975917211933,23.316601005325968,756.2731176131583,412.1652545739169,7.957870541475443,888.2326948690798,True,756.7704151939159,404.22293761530494,GNSS + DR
71.10000000000001,758.0381722907237,404.2229376153052,16.074218871221024,0.3910521997612401,-0.1680899957355208,-0.0917179654729535,20.003631196430515,85.00724659597248,,,,,0,-0.0773158749106361,-1.4424006517108685,-0.0865943541539009,0.1000000000000085,22.40564061562584,758.2564904137918,404.8356247818677,16.138252144182815,22.982113721792256,757.7588483316521,412.7953625446781,7.97527885999148,889.8401167562021,True,758.2564904137918,404.8356247818677,GNSS + DR
71.2,759.5242475105994,404.8356247818679,16.05641410880813,0.3818804032139448,-0.1879409729975378,-0.0911098827512219,20.003636700292976,85.00726080236352,,,,,0,-0.0771418517894354,-1.4307255056410018,-0.1015206127162358,0.0999999999999943,21.880135382913156,759.746470271108,405.4339928668511,16.08571254652732,22.46291419864285,759.2453725209692,413.4099740608976,7.991706636443641,891.4457581670828,True,759.746470271108,405.4339928668511,GNSS + DR
71.3,761.0142273679157,405.4339928668514,16.036630676621517,0.3727694149388226,-0.2076522023300775,-0.0903458833660792,20.00364207552494,85.00727504608162,,,,,0,-0.138675731291505,-1.406546199225127,-0.0915454200050077,0.0999999999999943,21.358114207555477,761.239997461167,406.0180406107366,16.08638898360575,21.420540225450917,760.7428946064997,413.997465940558,7.994894611082328,893.0494212347448,True,761.239997461167,406.0180406107366,GNSS + DR
71.4,762.5077545579749,406.0180406107369,16.014883668342115,0.3637348266022147,-0.2272014012707757,-0.0894393392786587,20.00364732211509,85.00728932371105,,,,,0,-0.1828368632189575,-1.403794528304841,-0.0885124060018435,0.1000000000000085,20.84047042622972,762.7367078369292,406.5877976117393,16.060669868054852,21.51901628175624,762.2370121011954,414.58658738656993,8.0143829263547,894.6509096015792,True,762.7367078369292,406.5877976117393,GNSS + DR
71.5,764.0044649337369,406.5877976117395,15.991190396367362,0.3547908926743488,-0.2465664928021738,-0.0884045195996406,20.00365244032931,85.0073036317707,,,,,0,-0.1791257985030499,-1.3863241094700136,-0.0874374727288469,0.0999999999999943,20.328020759919145,764.2362323867417,407.1433224333614,16.01687257788528,20.370875875116237,763.7385283190112,415.1441276267303,8.016270521961811,896.2500286412159,True,764.2362323867417,407.1433224333614,GNSS + DR
71.60000000000001,765.5039894835494,407.1433224333617,15.96557036978168,0.3459504407143847,-0.2657256349025516,-0.0872564196876409,20.00365743069369,85.00731796673291,,,,,0,-0.2690631774128944,-1.3324462982496963,-0.0815066075077426,0.1000000000000085,19.821500173625044,765.7381991536473,407.6847004929796,15.984300810824308,20.229092819791624,765.2383633505417,415.696824290646,8.027699768875163,897.8465856781942,True,765.7381991536473,407.6847004929796,GNSS + DR
71.7,767.0059562504549,407.6847004929798,15.938045269386851,0.3372247987456206,-0.2846572497781796,-0.0860105835537126,20.003662293975545,85.00733232504193,,,,,0,-0.2623187977910903,-1.367944614185178,-0.0667551698300025,0.0999999999999943,19.32155771527264,767.2422350754812,408.212041763812,16.001760250092346,19.975359920411304,766.7422721775406,416.24347001786685,8.046974754486781,899.4403902051328,True,767.2422350754812,408.212041763812,GNSS + DR
71.8,768.5099921722889,408.2120417638123,15.908638919826044,0.3286237403902494,-0.3033400527369156,-0.0846829215499666,20.00366703116278,85.00734670313139,,,,,0,-0.3145465888038894,-1.3645743383963334,-0.0715619594231206,0.0999999999999943,18.828753372164133,768.747967727862,408.7254783250033,15.951619872181686,19.281160363376262,768.2479608560832,416.7701989507861,8.06024421582383,901.0312540971153,True,768.747967727862,408.7254783250033,GNSS + DR
71.9,770.0157248246699,408.7254783250036,15.877377258839468,0.3201554482352527,-0.3217530806634006,-0.0832895253690623,20.003671643441884,85.00736109744103,,,,,0,-0.3541902111987861,-1.141230143363163,-0.0881647031675492,0.1000000000000085,18.34355597199908,770.2550269551917,409.2251617963287,15.906931653206522,18.623628074628648,769.7553602283446,417.2781870202369,8.068511764558567,902.6189918229993,True,770.2550269551917,409.2251617963287,GNSS + DR
72.0,771.5227840519995,409.22516179632896,15.844288303693364,0.3118264956983465,-0.3398757200578295,-0.0818464824077515,20.00367613217488,85.0073755044323,,,,,0,-0.2931982694760192,-1.3025921361006445,-0.0700624536547852,0.0999999999999943,17.866342143869574,771.763046377834,409.7112606951536,15.892364724954898,18.202281584612077,771.2650706930898,417.7746211831914,8.078722803924364,904.2034206533685,True,771.763046377834,409.7112606951536,GNSS + DR
72.10000000000001,773.0308034746419,409.7112606951539,15.809402114827902,0.3036418474575713,-0.3576877345994234,-0.080369691551558,20.003680498875585,85.00738992060272,,,,,0,-0.3184120692701861,-1.235589625960264,-0.0689666678749006,0.1000000000000085,17.39739634287398,773.2716647666456,410.1839577537687,15.881962491974887,18.05143220482207,772.7750939226513,418.2667565021333,8.098037923452237,905.7843608648515,True,773.2716647666456,410.1839577537687,GNSS + DR
72.2,774.5394218634533,410.18395775376894,15.77275075677348,0.2956048783024155,-0.3751692921973326,-0.0788746824189709,20.00368474518551,85.00740434249906,,,,,0,-0.310786667971882,-1.2888537193578606,-0.0819353571484866,0.0999999999999943,16.93691193020673,774.7805272789122,410.64344723507264,15.777135999866042,17.148686250624433,774.2826668145601,418.73194912800375,8.103809469250557,907.3616359405287,True,774.7805272789122,410.64344723507264,GNSS + DR
72.3,776.0482843757201,410.643447235073,15.734368256388436,0.2877174100605184,-0.3923009914920428,-0.0773764400624521,20.003688872849747,85.00741876672913,,,,,0,-0.3349953999474204,-1.1816459815584184,-0.0638877808360977,0.0999999999999943,16.484993288902555,776.2892865524619,411.0899322838191,15.75443548259037,17.154341954046856,775.788024714126,419.1966210208113,8.122171243519096,908.9350727661675,True,776.2892865524619,411.0899322838191,GNSS + DR
72.4,777.5570436492698,411.0899322838194,15.694290558475071,0.2799797660542732,-0.4090638877709018,-0.0758892370605498,20.003692883693184,85.00743318997228,,,,,0,-0.3669316742047087,-1.2076890142237309,-0.0724930034200024,0.1000000000000085,16.04165894397001,777.7976036571972,411.5236223493055,15.725832829637168,16.533393629113668,777.2955880311214,419.6441375312411,8.136017853278728,910.5045018220151,True,777.7976036571972,411.5236223493055,GNSS + DR
72.5,779.0653607540049,411.52362234930587,15.652555478834255,0.2723908423482182,-0.4254395182632287,-0.0744264748511859,20.003696779597327,85.00744760898844,,,,,0,-0.3676086849793509,-1.1570881738447512,-0.0835260097513304,0.0999999999999943,15.606845644566278,779.3051489055293,411.9447307135193,15.731779056168662,15.927986344999912,778.8083675126755,420.0758630955867,8.146293977447145,912.0697573698984,True,779.3051489055293,411.9447307135193,GNSS + DR
72.60000000000001,780.5729060023372,411.9447307135197,15.609202654822424,0.2649481948630997,-0.4414099267793769,-0.0730005360516577,20.003700562478123,85.00746202062591,,,,,0,-0.4135440815907508,-1.0572269278524395,-0.0634485088052862,0.1000000000000085,15.18041335526533,780.8116025251479,412.35347215640405,15.66485439448081,15.592946094419926,780.3171995007781,420.4969363239946,8.158458371490111,913.6306776353807,True,780.8116025251479,412.35347215640405,GNSS + DR
72.7,782.0793596219556,412.3534721564044,15.56427349347838,0.2576481412579339,-0.4569576876612125,-0.0716226493872336,20.00370423426498,85.00747642182776,,,,,0,-0.4063131179000924,-1.0611540249715123,-0.0644530311510884,0.0999999999999943,14.762151093470068,782.316655199232,412.7500607871416,15.629619838287605,15.109567442304822,781.8261285095095,420.9043469393477,8.169026813849337,915.1871049847285,True,782.316655199232,412.7500607871416,GNSS + DR
72.8,783.5844122960398,412.75006078714193,15.517811117290185,0.2504858763192105,-0.4720659290109097,-0.0703027687087734,20.00370779688126,85.00749080963703,,,,,0,-0.4783731491452276,-1.032524609616544,-0.0675795450006317,0.0999999999999943,14.351783540726691,783.8200084806174,413.1347080672128,15.54500789890766,14.981717320855472,783.3277892750789,421.3062022005056,8.186305400896046,916.7388860964575,True,783.8200084806174,413.1347080672128,GNSS + DR
72.9,785.0877655774253,413.1347080672131,15.469860307676198,0.2434555994483332,-0.4867183551659604,-0.0690494674221441,20.00371125222657,85.00750518120067,,,,,0,-0.4382330588840039,-1.1267458572596014,-0.0644239982719771,0.1000000000000085,13.948978347216986,785.3213750875693,413.5076210475717,15.497469590170788,14.558842518681413,784.8277738447916,421.6957685332485,8.203011729484887,918.2858721272252,True,785.3213750875693,413.5076210475717,GNSS + DR
73.0,786.5891321843771,413.507621047572,15.42046744625699,0.2365506527061187,-0.5008992683911639,-0.0678698494800455,20.00371460216087,85.00751953377235,,,,,0,-0.4374783841268634,-0.924740045997954,-0.0700607042689301,0.0999999999999943,13.553354041125488,786.820479089712,413.8690008386092,15.479423720591443,13.79547987104408,786.3310628703948,422.0648859843626,8.210484855239159,919.8279188718508,True,786.820479089712,413.8690008386092,GNSS + DR
73.10000000000001,788.0882361865199,413.8690008386095,15.369680453997963,0.2297636677581142,-0.5145935897561849,-0.0667694779021124,20.00371784849077,85.00753386471429,,,,,0,-0.518077661159795,-1.05581960498284,-0.0556681728641413,0.1000000000000085,13.164488447986011,788.3170559933618,414.2190413277561,15.420845940616672,13.603949630208112,787.8298839557452,422.4275983350647,8.223000956856938,921.3648869172507,True,788.3170559933618,414.2190413277561,GNSS + DR
73.2,789.5848130901696,414.2190413277564,15.317548728305754,0.2230867199679029,-0.5277868791717566,-0.0657523215938643,20.00372099295798,85.00754817149797,,,,,0,-0.4951952742221142,-0.9007363492985552,-0.0611868279389536,0.0999999999999943,12.781927519577703,789.8108527360021,414.5579281556461,15.378523504683038,13.152449670226064,789.3273954836212,422.77752557852966,8.233803052609032,922.8966417900812,True,789.8108527360021,414.5579281556461,GNSS + DR
73.3,791.07860983281,414.5579281556464,15.264123078163614,0.2165114878085165,-0.5404653545569271,-0.0648207210313389,20.00372403723015,85.00756245170425,,,,,0,-0.5416454800383951,-0.9083542705385924,-0.0581562325918567,0.0999999999999943,12.405194467526172,791.3016275999943,414.8858379577901,15.310369658345046,13.099220962795078,790.8185934114559,423.12451683313566,8.252826887701087,924.4230540978974,True,791.3016275999943,414.8858379577901,GNSS + DR
73.4,792.5693846968022,414.8858379577904,15.209455657394368,0.2100294157053826,-0.5526159101098571,-0.0639753731683654,20.003726982894023,85.00757670302234,,,,,0,-0.5489412449356629,-0.9141639642802774,-0.0554039539240766,0.1000000000000085,12.033799093517112,792.789150055826,415.20293787475504,15.26501853192346,12.33128422579815,792.3098775105861,423.4505224212495,8.261498231204495,925.943999663637,True,792.789150055826,415.20293787475504,GNSS + DR
73.5,794.0569071526338,415.2029378747554,15.153599896141642,0.2036318783885461,-0.5642261336595666,-0.0632153357096643,20.003729831451043,85.00759092324849,,,,,0,-0.5904726014146744,-0.9706891436899484,-0.0697611918539276,0.0999999999999943,11.66724720598493,794.273200545305,415.50938532995787,15.206762277839744,12.407881571687682,793.7950348934941,423.7772696289518,8.2816998962847,927.4593596532511,True,794.273200545305,415.50938532995787,GNSS + DR
73.60000000000001,795.5409576421129,415.5093853299582,15.096610430662455,0.1973103448175796,-0.5752843230736016,-0.0625380506776839,20.00373258431537,85.00760511028378,,,,,0,-0.4819955768152737,-0.9065330959330448,-0.0664808808965044,0.1000000000000085,11.305050012318286,795.7535702151245,415.80532807041817,15.162165778444152,11.800055801390746,795.279209553872,424.0873313783226,8.295576943714302,928.9690206963176,True,795.7535702151245,415.80532807041817,GNSS + DR
73.7,797.021327311932,415.80532807041845,15.038543031526922,0.1910565397498112,-0.5857795016990774,-0.0619393869866553,20.00373524281424,85.00761926213164,,,,,0,-0.502495242963075,-0.9250242070774576,-0.0790388315828174,0.0999999999999943,10.946733376037631,797.2300606111518,416.09090446221165,15.104683197165812,11.272443215080616,796.7605391070836,424.38258940048144,8.30496776383343,930.4728749994702,True,797.2300606111518,416.09090446221165,GNSS + DR
73.8,798.4978177079594,416.090904462212,14.97945453032264,0.1848626010511457,-0.5957014328168331,-0.0614137015261189,20.00373780819061,85.00763337689492,,,,,0,-0.5388297401054662,-0.8884917709740401,-0.0507662789412148,0.0999999999999943,10.591846830041344,798.7024833436693,416.3662440289749,14.997057090434804,10.990255702439953,798.2327396437622,424.6684963670637,8.315530832659059,931.9708204525024,True,798.7024833436693,416.3662440289749,GNSS + DR
73.9,799.970240440477,416.3662440289753,14.919402744963556,0.1787212308985338,-0.6050406330886737,-0.0609539180504788,20.003740281608028,85.00764745277267,,,,,0,-0.476430835491483,-0.8918896652328757,-0.0680760182879465,0.1000000000000085,10.239972239869068,800.1706597335734,416.6314682186575,14.92445737385674,10.6197294137538,799.6996226936586,424.94353890371497,8.32540659465729,933.4627607269989,True,800.1706597335734,416.6314682186575,GNSS + DR
74.0,801.438416830381,416.6314682186579,14.858446403704905,0.1726258390934859,-0.6137883849796744,-0.060551622973224,20.00374266415746,85.00766148805678,,,,,0,-0.5932506698080939,-0.9716335699336172,-0.0542259258742675,0.0999999999999943,9.890732014961197,801.6344204492648,416.8866913808431,14.928481311657936,10.19953925465887,801.1688793935316,425.2078877123057,8.334208832355944,934.9486053673693,True,801.6344204492648,416.8866913808431,GNSS + DR
74.10000000000001,802.9021775460725,416.8866913808435,14.79664506796762,0.1665706767961635,-0.6219367481379301,-0.0601971769765087,20.003744956866136,85.00767548112849,,,,,0,-0.4403486273823983,-0.804627054265802,-0.0514872947271131,0.1000000000000085,9.54379677105788,803.093605143597,417.132021934385,14.87039956983286,10.058020800017438,802.6330656320642,425.4675923379036,8.34828309257042,936.4282698741662,True,803.093605143597,417.132021934385,GNSS + DR
74.2,804.3613622404046,417.1320219343854,14.73405905407732,0.1605509590985126,-0.6294785697171523,-0.0598798411708493,20.003747160707995,85.00768943045495,,,,,0,-0.6108550404853134,-0.8563284737875321,-0.0488563127819241,0.0999999999999943,9.198892353122275,804.5480620997828,417.3675637028523,14.763646593687056,9.5147050205185,804.0891202519903,425.7116364962532,8.356684653690646,937.9016757795738,True,804.5480620997828,417.3675637028523,GNSS + DR
74.3,805.8158191965905,417.3675637028528,14.67074935402419,0.1545629749814277,-0.6364074936278019,-0.0595879163777443,20.0037492766157,85.00770333458577,,,,,0,-0.5936478260400011,-0.8684394056815529,-0.066628085516105,0.0999999999999943,8.855806135421942,805.9976478946091,417.5934173933765,14.68355264589328,9.028751204111211,805.5392821792097,425.9420655913997,8.361221553302489,939.3687507149762,True,805.9976478946091,417.5934173933765,GNSS + DR
74.4,807.265404991417,417.59341739337697,14.606777555351758,0.1486041833436533,-0.6427179687035522,-0.0593088939617853,20.00375130549392,85.0077171921499,,,,,0,-0.6326068644005627,-0.8643281827952325,-0.0549605101431922,0.1000000000000085,8.51439252357962,807.442227086618,417.80968219294135,14.658758251771904,8.957441052952394,806.9872805737032,426.1703035908294,8.372990295494015,940.8294284705115,True,807.442227086618,417.80968219294135,GNSS + DR
74.5,808.7099841834256,417.80968219294175,14.54220576028348,0.1426732939474747,-0.6484052557730546,-0.0590296165099613,20.00375324823367,85.00773100185255,,,,,0,-0.5997889777700394,-0.8104978504201467,-0.0373268123020838,0.0999999999999943,8.174577592419693,808.8816719361183,418.0164574549799,14.61082252481049,8.40414916295701,808.4326733619356,426.3838475821765,8.379428217982717,942.2836490465398,True,808.8816719361183,418.0164574549799,GNSS + DR
74.60000000000001,810.1494290329259,418.0164574549804,14.477096504197148,0.1367703322964786,-0.65346543362657,-0.0587364465457462,20.003755105727453,85.00774476247257,,,,,0,-0.5816846872322576,-0.865021021871109,-0.036593299745903,0.1000000000000085,7.836362803190039,810.3158621629606,418.21384444834274,14.563048394645834,8.22353867297991,809.8740038219122,426.5921509441077,8.38994985268274,943.7313586969597,True,810.3158621629606,418.21384444834274,GNSS + DR
74.7,811.583619259768,418.2138444483432,14.411512673558166,0.130896687641904,-0.6578954038699347,-0.0584154413754322,20.00375687888498,85.00775847286012,,,,,0,-0.6335912235225889,-0.9246136516372372,-0.0435422104351626,0.0999999999999943,7.4998277541233405,811.7446847469374,418.4019481402758,14.471838625000196,7.863462320832837,811.3075796851775,426.7901443180961,8.399577129392604,945.1725099643154,True,811.7446847469374,418.4019481402758,GNSS + DR
74.8,813.0124418437449,418.40194814027626,14.34551742342316,0.1250551435043607,-0.6616928946590672,-0.0580525320949994,20.0037585686492,85.00777213193477,,,,,0,-0.5428569023031862,-0.7824371204822331,-0.049677600706811,0.0999999999999943,7.16513192920272,813.1680337744995,418.580878985005,14.388083089491449,7.534449518398848,812.7339656142793,426.9788041473162,8.409135639261468,946.6070617066576,True,813.1680337744995,418.580878985005,GNSS + DR
74.9,814.435790871307,418.5808789850054,14.279174094626352,0.1192498902948608,-0.6648564633095155,-0.0576337047384007,20.003760176012324,85.00778573868402,,,,,0,-0.6228989990778425,-0.7670065537800749,-0.0626847686268545,0.1000000000000085,6.8325154212936,814.5858103341694,418.75075468985216,14.311311482194656,7.632659886532123,814.1524169263498,427.16888896704086,8.429283157820764,948.0349791161204,True,814.5858103341694,418.75075468985216,GNSS + DR
75.0,815.8535674309768,418.7507546898526,14.212546130761258,0.1134865198210207,-0.6673854977785698,-0.0571451815229543,20.003761702031746,85.0077992921623,,,,,0,-0.6238612284730598,-0.7921601197795965,-0.0449589652690438,0.0999999999999943,6.502298617372249,815.9979224616562,418.911701931502,14.262775156594673,7.010760352447685,815.5680305168003,427.3429743317549,8.44222490647569,949.4562337291965,True,815.9979224616562,418.911701931502,GNSS + DR
75.10000000000001,817.2656795584637,418.9117019315024,14.145696995070638,0.1077720016687253,-0.6692802170170964,-0.0565736001449023,20.00376314784541,85.00781279149048,,,,,0,-0.6847301017427823,-0.8276681493295734,-0.0531538124323707,0.1000000000000085,6.174880845294825,817.404285134218,419.06385799608375,14.189711700992934,6.711686496644125,816.9772772388008,427.508814188557,8.455744842149658,950.8708034287037,True,817.404285134218,419.06385799608375,GNSS + DR
75.2,818.6720422310253,419.06385799608415,14.078690087357838,0.102114641654235,-0.6705416701912803,-0.055906189098138,20.0037645146866,85.00782623585575,,,,,0,-0.619616716463761,-0.7526391332334443,-0.0453009063454095,0.0999999999999943,5.850737993278461,818.8048203123307,419.2073723181127,14.108388729243265,6.0842782488271165,818.3801689482978,427.6583507285023,8.461640790877755,952.2786724374394,True,818.8048203123307,419.2073723181127,GNSS + DR
75.3,820.072577409138,419.2073723181131,14.011588661032382,0.0965240227444212,-0.6711717347748358,-0.0551309370313723,20.00376580389769,85.00783962451209,,,,,0,-0.6478730958153041,-0.815698630596547,-0.0564593715798935,0.0999999999999943,5.530419124880101,820.1994570252517,419.3424078950262,14.10256377404965,5.932324654834563,819.7828729320337,427.80410594804033,8.47194642612341,953.6798313035425,True,820.1994570252517,419.3424078950262,GNSS + DR
75.4,821.4672141220591,419.3424078950266,13.944455740402873,0.091010929041284,-0.6711731135143584,-0.054236754223206,20.00376701694292,85.00785295678104,,,,,0,-0.6715850999812227,-0.7776635486029875,-0.0509660853516052,0.1000000000000085,5.2145421236301885,821.5881314956232,419.4691425560284,14.030159108444316,5.746837518121415,821.1788373504138,427.9445943415098,8.485328789464909,955.074276877583,True,821.5881314956232,419.4691425560284,GNSS + DR
75.5,822.8558885924305,419.4691425560288,13.87735403832951,0.0855872536189634,-0.6705493302733512,-0.0532136243399368,20.003768155419746,85.0078662320529,,,,,0,-0.6793730506807694,-0.7459992014531807,-0.0465721507391726,0.0999999999999943,4.903788412482384,822.970787296929,419.5877700661885,13.95007501200062,5.250109075545433,822.5679924511077,428.07224243049006,8.494028195645278,956.4620122814159,True,822.970787296929,419.5877700661885,GNSS + DR
75.60000000000001,824.2385443937362,419.58777006618885,13.8103458743482,0.0802658911849697,-0.6693047247583728,-0.0520527447465647,20.0037692210688,85.00787944978828,,,,,0,-0.5057165557705385,-0.6466694551146424,-0.0445899638316261,0.1000000000000085,4.598896803755082,824.3473755364162,419.6985010491924,13.84192886639202,5.23510623028278,823.9464114253724,428.1985400108702,8.509490852476796,957.8430468688508,True,824.3473755364162,419.6985010491924,GNSS + DR
75.7,825.6151326332233,419.6985010491927,13.743493093377836,0.0750606167103132,-0.6674444461363382,-0.050746653766199,20.003770215782147,85.00789260951974,,,,,0,-0.65061830864529,-0.6855668330696392,-0.0408094266215966,0.0999999999999943,4.300656545150088,825.717855055066,419.8015637147808,13.81059347986378,4.620252057264933,825.322982977739,428.3097860619256,8.517380551901308,959.2173961781884,True,825.717855055066,419.8015637147808,GNSS + DR
75.8,826.9856121518733,419.8015637147811,13.676856985120931,0.0699859513336933,-0.664974445551989,-0.0492893434255413,20.00377114160982,85.00790571085385,,,,,0,-0.7078237165910524,-0.6665166215104629,-0.0500812932707903,0.0999999999999943,4.009899636628601,827.0821926354072,419.8972043796836,13.73964951331089,4.4669447162488245,826.6927744180931,428.416795862499,8.52848671113676,960.5850818767004,True,827.0821926354072,419.8972043796836,GNSS + DR
75.9,828.3499497322146,419.8972043796839,13.610498204267438,0.0650570169911392,-0.6619014675531965,-0.0476763563827745,20.00377200076453,85.00791875347305,,,,,0,-0.6668125405398251,-0.5211643371632054,-0.0561092009038766,0.1000000000000085,3.7274925013031615,828.4403632074128,419.9856877737289,13.66934911675152,4.139584755306828,828.0561431994674,428.5154701688325,8.538431514178939,961.9461316971273,True,828.4403632074128,419.9856877737289,GNSS + DR
76.0,829.7081203042201,419.9856877737292,13.544476691610294,0.0602893813528617,-0.6582330404395531,-0.0459048659072921,20.003772795624386,85.00793173713767,,,,,0,-0.6308114324133638,-0.5741342614533785,-0.0246570155082941,0.0999999999999943,3.4543271009737007,829.7923500424677,420.0672971257295,13.619469996951173,3.978975199880988,829.4148073353834,428.60997623082767,8.551017763304738,963.3005793662883,True,829.7923500424677,420.0672971257295,GNSS + DR
76.10000000000001,831.060107139275,420.0672971257298,13.478851596179528,0.0556988947621325,-0.6539774655447239,-0.0439737379663309,20.003773528733667,85.00794466168779,,,,,0,-0.5966441139138996,-0.5457657626537183,-0.0140811962760973,0.1000000000000085,3.19131159341352,831.1381449254329,420.142334026673,13.541559019036754,3.595238082635206,830.7662981820611,428.6948920597848,8.560637763058374,964.6484645259063,True,831.1381449254329,420.142334026673,GNSS + DR
76.2,832.4059020222402,420.14233402667327,13.413681198501347,0.0513015209654994,-0.6491438054681886,-0.041883574669745,20.00377420280162,85.00795752704488,,,,,0,-0.5914039793819229,-0.5502979553340258,-0.0324093675577213,0.0999999999999943,2.939360633925024,832.4777482951836,420.2111180706268,13.478481483227435,3.398726589864383,832.111775661971,428.77479814210704,8.57149650498256,965.9898326457563,True,832.4777482951836,420.2111180706268,GNSS + DR
76.3,833.745505391991,420.2111180706271,13.34902283508589,0.0471131634985249,-0.6437418712732601,-0.039636738528656,20.0037748206992,85.00797033321314,,,,,0,-0.5799111436844337,-0.528930311109197,-0.0478766594759571,0.0999999999999943,2.699385427975281,833.8111693446641,420.2739862765694,13.411760960753336,3.163965914208583,833.4509073679384,428.8488224270181,8.582400812063883,967.3247349292649,True,833.8111693446641,420.2739862765694,GNSS + DR
76.4,835.0789264414716,420.2739862765697,13.284932824246695,0.0431494896456593,-0.6377822086666018,-0.0372373571943712,20.0037753854539,85.00798308028045,,,,,0,-0.6400252239984683,-0.5740161108805585,-0.0399693083627999,0.1000000000000085,2.4722836448397243,835.1384260724551,420.3312922970328,13.341748652406736,2.862125481231029,834.7834179603508,428.91544143443343,8.591486901159591,968.6532282116897,True,835.1384260724551,420.3312922970328,GNSS + DR
76.5,836.4061831692625,420.331292297033,13.22146639335257,0.0394257539262222,-0.6312760831815201,-0.034691308558409,20.00377590024264,85.00799576841888,,,,,0,-0.5842540610064427,-0.3802329436502519,-0.0246001328678993,0.0999999999999943,2.2589293040938667,836.4595452790812,420.3834054219535,13.235794170758286,2.831693384368433,836.1053812381112,428.980829243384,8.60471548240937,969.9753748510249,True,836.4595452790812,420.3834054219535,GNSS + DR
76.60000000000001,837.7273023758886,420.38340542195374,13.158677607610391,0.0359566230703813,-0.624235464382572,-0.0320061863103704,20.00377636838281,85.00800839788461,,,,,0,-0.638038437588101,-0.3687436018194586,-0.0135950301935575,0.1000000000000085,2.060162747475576,837.7745625027571,420.4307093884512,13.210350029158604,2.59592100370119,837.4250605905969,429.0406613881902,8.617042707589025,971.2912426117861,True,837.7745625027571,420.4307093884512,GNSS + DR
76.7,839.0423195995644,420.4307093884514,13.096619300476055,0.0327560044393443,-0.6166730091139438,-0.0291912462654314,20.003776793321567,85.0080209690174,,,,,0,-0.6176551582646445,-0.3612649389054697,-0.03632015261085,0.0999999999999943,1.876780808086217,839.0835218909249,420.47360100934986,13.135495461299074,2.3634887162982414,838.7374927161092,429.0948308081721,8.628171268230787,972.6009045418335,True,839.0835218909249,420.47360100934986,GNSS + DR
76.80000000000001,840.3512789877323,420.4736010093501,13.035343005787604,0.0298368798128011,-0.6086020438151962,-0.026257333984945,20.003777178623555,85.00803348223926,,,,,0,-0.6244874925402092,-0.3191346900030947,-0.022500662193434,0.1000000000000085,1.7095272871125888,840.3864760057529,420.512488635126,13.059746186634804,2.144958537093295,840.0425522811249,429.14371062358,8.638071343901535,973.9044388424124,True,840.3864760057529,420.512488635126,GNSS + DR
76.9,841.6542331025602,420.5124886351263,12.974898891713016,0.0272111464143066,-0.6000365459277202,-0.0232167944198244,20.00377752795704,85.00804593805267,,,,,0,-0.6294559886576336,-0.2344283470738563,-0.0162574737753847,0.0999999999999943,1.5590838452523117,841.683485563647,420.5477904655756,13.058535224099034,2.1785654498303115,841.3474619424,429.19335131154185,8.652088430855338,975.2019287315837,True,841.683485563647,420.5477904655756,GNSS + DR
77.0,842.9512426604542,420.5477904655758,12.91533569660206,0.0248894669723242,-0.5909911244180144,-0.0200833645046706,20.00377784507878,85.00805833703808,,,,,0,-0.507780649975114,-0.3071188981490357,-0.0064375799918118,0.0999999999999943,1.426061411844432,842.9746191107561,420.57993272885005,12.999915603419774,1.8906862752723048,842.6467457773034,429.2362415589017,8.66251600194885,976.4934623012438,True,842.9746191107561,420.57993272885005,GNSS + DR
77.10000000000001,844.2423762075634,420.5799327288503,12.856700666829411,0.0228811305218571,-0.5814809994434977,-0.0168720498189134,20.003778133817644,85.00807067985076,,,,,0,-0.5170504143945533,-0.2164129607352937,-0.0153080607629172,0.1000000000000085,1.3109922093903823,844.2599526383258,420.6093477466106,12.933885078835324,1.764987616216492,843.9395206606479,429.27607789054974,8.672651730594358,977.7791323679268,True,844.2599526383258,420.6093477466106,GNSS + DR
77.2,845.527709735133,420.60934774661087,12.79903949671336,0.0211939255399658,-0.5715219811899352,-0.0135989866074148,20.003778398057243,85.00808296721716,,,,,0,-0.4926887126910287,-0.2008691098482047,-0.024237133520634,0.0999999999999943,1.2143224847545646,845.5395691435418,420.63647190489576,12.85414376505048,1.7300259892377836,845.2243491146864,429.31488462989233,8.684135598433162,979.0590363175979,True,845.5395691435418,420.63647190489576,GNSS + DR
77.30000000000001,846.8073262403492,420.636471904896,12.742396270591426,0.0198340268792243,-0.5611304479085355,-0.0102812906151688,20.0037786417177,85.0080951999307,,,,,0,-0.5291647946073207,-0.0124328150672571,0.0009306849793601,0.1000000000000085,1.1364060309285835,846.8135581431318,420.6617435509037,12.81940877301048,1.8908940333742112,846.5055919401087,429.35718398212975,8.70089233787004,980.3332759446572,True,846.8135581431318,420.6617435509037,GNSS + DR
77.4,848.081315239939,420.6617435509039,12.686813407131654,0.0188058978177074,-0.5503233231829352,-0.0069368943371006,20.003778868736763,85.00810737884713,,,,,0,-0.4814829382396778,-0.0142243074871197,0.0093110653146116,0.0999999999999943,1.0774985749089192,848.0820151483979,420.68560083626727,12.737054470743692,1.3764451437057386,847.7789298589773,429.3877799014334,8.707455493706478,981.6019572853703,True,848.0820151483979,420.68560083626727,GNSS + DR
77.5,849.3497722452053,420.6856008362675,12.63233160595484,0.0181122083839973,-0.5391180524574235,-0.0035843744129132,20.003779083050404,85.00811950487952,,,,,0,-0.5971825226895507,-0.1254136382405885,0.0005897109696351,0.0999999999999943,1.0377530980645104,849.3450411115168,420.7084795275612,12.686387551492796,1.6532316320228135,849.0470405337926,429.4243805501432,8.72099392155325,982.8651904459657,True,849.3450411115168,420.7084795275612,GNSS + DR
77.60000000000001,850.6127982083243,420.7084795275615,12.578989796640167,0.017753770942706,-0.5275325788580787,-0.0002427710070663,20.003779288573185,85.00813157899292,,,,,0,-0.4543782029558109,-0.048741895352807,0.0088096299059979,0.1000000000000085,1.0172161454590507,850.6027418537839,420.7308108047491,12.607120369230929,1.233240471273335,850.3074605461351,429.4515141553128,8.725701002164707,984.1230894256298,True,850.6027418537839,420.7308108047491,GNSS + DR
77.7,851.8704989505912,420.73081080474935,12.526825090183223,0.0177294938419994,-0.5155853183406478,0.0030685988959502,20.00377948917846,85.00814360219896,,,,,0,-0.4767293268403962,0.0618225179736239,0.0033236866016795,0.0999999999999943,1.0158251700497485,851.8552274870111,420.7530190680639,12.5847649162732,1.548416143784042,851.5654775025495,429.48552029229313,8.737306946917993,985.375771934648,True,851.8552274870111,420.7530190680639,GNSS + DR
77.80000000000001,853.1229845838186,420.7530190680641,12.47587273297204,0.0180363537315944,-0.503295134197943,0.0063303322818435,20.003779688678684,85.00815557555028,,,,,0,-0.4419396541904847,0.0853544093020837,0.0028726043345846,0.1000000000000085,1.0334069466253923,853.1026118394667,420.7755197734388,12.52708045154053,1.769669370766702,852.8175880663605,429.524205979398,8.753327874675739,986.6233592079453,True,853.1026118394667,420.7755197734388,GNSS + DR
77.9,854.3703689362741,420.77551977343904,12.426166063343636,0.0186693869597787,-0.4906813109630725,0.0095231329357744,20.00377989080596,85.00816750013502,,,,,0,-0.4416801460106418,0.0821169208993857,0.0247873897412466,0.0999999999999943,1.0696770788918948,854.3450118975611,420.7987173160818,12.450113021006947,1.6429773575619908,854.0620875317517,429.559902239697,8.765751962185034,987.8659758142795,True,854.3450118975611,420.7987173160818,GNSS + DR
78.0,855.6127689943686,420.7987173160821,12.377736470779425,0.0196217002533562,-0.4777635277432601,0.012628004239266,20.00378009919303,85.00817937707154,,,,,0,-0.4971162854701044,0.2835442205080455,0.0215029627174107,0.0999999999999943,1.1242406113880885,855.5825472739742,420.8230029811211,12.426712528543094,1.6498343731690572,855.3042436370091,429.59568006581895,8.777090414638055,989.1037494613573,True,855.5825472739742,420.8230029811211,GNSS + DR
78.10000000000001,856.8503043707818,420.8230029811213,12.330613357794984,0.0208845006772828,-0.4645618310200827,0.0156264398610237,20.00378031735487,85.00819120750332,,,,,0,-0.5094638197896351,0.2383105837842484,0.0255301258550425,0.1000000000000085,1.1965937460464138,856.8153397120512,420.8487529794647,12.379018766517849,1.6125263257259523,856.5416552881346,429.6305148455226,8.786025531265198,990.3368107971369,True,856.8153397120512,420.8487529794647,GNSS + DR
78.2,858.0830968088587,420.8487529794649,12.284824104575408,0.0224471446633852,-0.4510966069556854,0.0185006102882507,20.00378054867104,85.00820299259415,,,,,0,-0.4566993152648335,0.2810175593616132,0.0385217617681968,0.0999999999999943,1.286126651331581,858.0435126351448,420.8763265861072,12.3707753279083,1.790783731404864,857.7781286322443,429.6691734983973,8.796850884945352,991.5652932075943,True,858.0435126351448,420.8763265861072,GNSS + DR
78.30000000000001,859.3112697319523,420.8763265861074,12.240394036403844,0.0242972056922102,-0.4373885532400923,0.0212335431877568,20.003780796368964,85.00821473352393,,,,,0,-0.3791426891764466,0.2553061879455318,0.0156851198445711,0.1000000000000085,1.3921273401248844,859.2671907481557,420.9060643970977,12.308278302974111,1.854317917814381,859.0083119186029,429.7090009989303,8.806742363909281,992.7893326112347,True,859.2671907481557,420.9060643970977,GNSS + DR
78.4,860.5349478449631,420.9060643970979,12.19734639392739,0.0264205600109859,-0.4234586505196702,0.0238092956507984,20.003781063508264,85.00822643148481,,,,,0,-0.3589540797609004,0.3565239338071183,0.0232890329692042,0.0999999999999943,1.513786581001608,860.4864996968741,420.9382867202527,12.24757530270922,1.8958900898119049,860.2323990063627,429.7495202478737,8.814896677737652,994.0090672506274,True,860.4864996968741,420.9382867202527,GNSS + DR
78.5,861.7542567936816,420.9382867202529,12.155702306299911,0.0288014895760658,-0.4093281334459409,0.026213116461555,20.00378135296632,85.00823808767792,,,,,0,-0.447725247315034,0.3296172021779324,0.032792449949902,0.0999999999999943,1.650203796398605,861.7015657889201,420.9732921134646,12.210678052495934,2.106722454077375,861.4526414766585,429.7944078709257,8.824627273701886,995.2246374812573,True,861.7015657889201,420.9732921134646,GNSS + DR
78.60000000000001,862.9693228857276,420.9732921134648,12.115480767238202,0.0314228012222213,-0.3950184613827723,0.0284315966353437,20.00378166742512,85.00824970331071,,,,,0,-0.414073429756183,0.3602953035320062,0.0277884642577313,0.1000000000000085,1.800393890511805,862.9125157781549,421.0113560831164,12.166365014800286,2.3301510646057717,862.6682719876444,429.843873389158,8.835893672443579,996.4361855579813,True,862.9125157781549,421.0113560831164,GNSS + DR
78.7,864.1802728749623,421.0113560831166,12.076698614023355,0.0342659608857556,-0.3805512888143081,0.0304528065980951,20.00378200935957,85.0082612795949,,,,,0,-0.38671307311135,0.4283194652276001,0.0432841719508196,0.0999999999999943,1.963294939714156,864.1194767124747,421.0527299536773,12.122640334327444,2.3482123794345595,863.8795180488829,429.8935429561846,8.84406889986365,997.6438554193835,True,864.1194767124747,421.0527299536773,GNSS + DR
78.80000000000001,865.3872338092822,421.0527299536775,12.03937050947534,0.0373112415455652,-0.3659484354921449,0.0322664185218141,20.00378238102737,85.00827281774505,,,,,0,-0.3538136885054857,0.3370174893449029,0.0353924263127742,0.1000000000000085,2.1377766689540607,865.3225758429486,421.0976399180228,12.067721965527577,2.516834395851358,865.085126147602,429.94653584887936,8.852081198958224,998.8477924703311,True,865.3225758429486,421.0976399180228,GNSS + DR
78.9,866.590332939756,421.0976399180231,12.003508926924928,0.0405378833977466,-0.3512318563631389,0.0338638124901539,20.00378278446045,85.00828431897762,,,,,0,-0.3893343979057715,0.5163359685178238,0.028938484415182,0.0999999999999943,2.3226496290843297,866.5219405903895,421.1462862764034,12.050487889372793,2.6186131134455035,866.2889166010384,430.0015915291889,8.85837069102568,1000.0481433630235,True,866.5219405903895,421.1462862764034,GNSS + DR
79.0,867.7896976871968,421.14628627640366,11.969124138202712,0.043924264646762,-0.3364236113198426,0.0352381653421773,20.00378322145812,85.00829578451071,,,,,0,-0.3775261996268493,0.4608894361192266,0.0408958820940539,0.0999999999999943,2.5166749824751524,867.7176985637252,421.19884287029015,12.004202173069665,3.075283736388487,867.4876081003272,430.0659917438786,8.870133638662264,1001.2450557768437,True,867.7176985637252,421.19884287029015,GNSS + DR
79.10000000000001,868.9854556605326,421.1988428702904,11.93622420466096,0.0474480811809797,-0.3215458348132749,0.0363845212288823,20.00378369358204,85.00830721556422,,,,,0,-0.3326375996336526,0.5283410134062065,0.0430879089369501,0.1000000000000085,2.718574797664244,868.9099776229906,421.2554567155642,11.961217893882496,3.3003732869593025,868.6817460518243,430.1348531107234,8.882329086024836,1002.4386781973099,True,868.9099776229906,421.2554567155642,GNSS + DR
79.2,870.177734719798,421.2554567155644,11.904814971240055,0.0510865333038679,-0.3066207053711434,0.0372998431141497,20.003784202152865,85.00831861336046,,,,,0,-0.2723080135598931,0.4202767428992939,0.051646663743113,0.0999999999999943,2.9270427482661523,870.09890597847,421.31624783770616,11.965039407531007,3.46179181490163,869.876066716556,430.2071015019338,8.893645833704033,1003.6291596944337,True,870.09890597847,421.31624783770616,GNSS + DR
79.30000000000001,871.3666630752775,421.3162478377064,11.87490006358673,0.0548165176152829,-0.2916704150622884,0.0379830446572615,20.003784748248805,85.00832997912507,,,,,0,-0.3207001320499629,0.4348866032143234,0.0469144536887358,0.1000000000000085,3.1407551069602424,871.284612316503,421.38130930979753,11.932725356785395,3.785530680869542,871.0667357381216,430.2858836413373,8.907239428090179,1004.8166497007926,True,871.284612316503,421.38130930979753,GNSS + DR
79.4,872.5523694133103,421.38130930979776,11.8464808882276,0.0586148220810091,-0.2767171389490119,0.0384350021257802,20.003785332705952,85.00834131408826,,,,,0,-0.2525073144476003,0.427224507042052,0.0480464660393785,0.0999999999999943,3.3583819221520463,872.467225941749,421.4507074922928,11.86074673800024,3.871562067714156,872.2501036879306,430.3659675173317,8.91790353094042,1006.0012977896153,True,872.467225941749,421.4507074922928,GNSS + DR
79.5,873.7349830385565,421.450707492293,11.819556635796928,0.0624583222935871,-0.2617830045699421,0.0386585462030919,20.00378595612043,85.00835261948612,,,,,0,-0.1788553637628513,0.4994417599382597,0.0468614630431642,0.0999999999999943,3.578598262890401,873.646876925339,421.5244824716767,11.867102943047026,4.137399903495264,873.4337212969839,430.451586896841,8.929648858700313,1007.1832534531949,True,873.646876925339,421.5244824716767,GNSS + DR
79.60000000000001,874.9146340221465,421.5244824716769,11.794124287313611,0.0663241769138963,-0.2468900614939428,0.0386584337719158,20.00378661885235,85.0083638965621,,,,,0,-0.2819790483646184,0.4892415377547694,0.0417762085589965,0.1000000000000085,3.8000954168452674,874.8236962482777,421.6026486933111,11.86403831503161,4.345671030690902,874.6167142773272,430.541484949456,8.941232306034165,1008.3626658819263,True,874.8236962482777,421.6026486933111,GNSS + DR
79.7,876.091453345085,421.6026486933113,11.77017862349814,0.0701900202910879,-0.2320602509876312,0.0384412999712173,20.003787321031464,85.00837514656834,,,,,0,-0.2123825389081582,0.4592403762191431,0.0362791088201047,0.0999999999999943,4.021591926616947,875.9978159297563,421.6851957820236,11.841363098276068,4.507860923704215,875.79718753234,430.63455317417015,8.951605972462048,1009.5396837442761,True,875.9978159297563,421.6851957820236,GNSS + DR
79.80000000000001,877.2655730265637,421.6851957820238,11.747712237116083,0.0740341502882096,-0.2173153758375967,0.0380155910368697,20.003788062564578,85.00838637076689,,,,,0,-0.1360775391500581,0.4258927643807719,0.0459039745534635,0.1000000000000085,4.2418443513516575,877.1693691306327,421.7720895423134,11.818228973973788,4.662221077132211,876.9751000113905,430.7306133246489,8.96062993596781,1010.7144549679879,True,877.1693691306327,421.7720895423134,GNSS + DR
79.9,878.4371262274401,421.7720895423136,11.72671554833062,0.0778357093918966,-0.2026770703684821,0.0373914786437538,20.00378884314451,85.00839757043073,,,,,0,-0.1935904898866726,0.4051494205002384,0.0390602309849174,0.0999999999999943,4.459657643562458,878.3384902232184,421.86327312847806,11.77749381246865,5.291780535931245,878.1478297530722,430.8392344920264,8.97798606675181,1011.887126522821,True,878.3384902232184,421.86327312847806,GNSS + DR
80.0,879.6062473200258,421.8632731284783,11.707176823042388,0.081574857256272,-0.1881667706979417,0.036580756666518,20.0037896622606,85.00840874684441,,,,,0,-0.1868502552408626,0.4558331915920802,0.0584789828709281,0.0999999999999943,4.673895035166525,879.5053148196706,421.9586683735051,11.740275916483006,5.106102388188498,879.3171983241364,430.94372339554513,8.987024066117735,1013.0578442051251,True,879.5053148196706,421.9586683735051,GNSS + DR
80.10000000000001,880.7730719164781,421.9586683735053,11.689082194191032,0.0852329329229238,-0.1738056852694036,0.0355967214657519,20.003790519210668,85.00841990130434,,,,,0,-0.0856308945540799,0.4228136640774683,0.054018544413484,0.1000000000000085,4.883487332005178,880.6699797526403,422.0581772642466,11.717408217643872,5.283605675337112,880.4839605221165,431.05162393657207,8.995370264868816,1014.2267524245443,True,880.6699797526403,422.0581772642466,GNSS + DR
80.2,881.9377368494477,422.05817726424686,11.672415685988508,0.088792605069499,-0.1596147657026225,0.0344540369837878,20.00379141311424,85.0084310351186,,,,,0,-0.1449248696511999,0.39788149211728,0.0457824283073039,0.0999999999999943,5.087441522454211,881.8326230033568,422.1616835492159,11.729307784083517,5.652542995971727,881.6511879167352,431.1671523754472,9.007296346345086,1015.3939939931431,True,881.8326230033568,422.1616835492159,GNSS + DR
80.30000000000001,883.1003801001643,422.16168354921615,11.657159241050508,0.0922380087678777,-0.1456146780018219,0.0331685860978065,20.003792342927017,85.00844214960624,,,,,0,-0.0603899267415435,0.4940059642492058,0.0419532554907364,0.1000000000000085,5.284848613090075,882.993383573976,422.2690544643107,11.714744841737811,5.822626775384325,882.8166184394698,431.28599750050086,9.01867549203732,1016.5597099172483,True,882.993383573976,422.2690544643107,GNSS + DR
80.4,884.2611406707833,422.26905446431095,11.643292750388143,0.0955548673776584,-0.1318257741611095,0.0317573098255926,20.00379330745636,85.00845324609608,,,,,0,-0.0803775046047495,0.3956433713545166,0.0358777193157809,0.0999999999999943,5.474890612672139,884.1524013027056,422.3801425608948,11.719039372620246,5.76417188053059,883.9825968867069,431.4036966880457,9.025151667718124,1017.724039192287,True,884.1524013027056,422.3801425608948,GNSS + DR
80.5,885.4201583995131,422.380142560895,11.630794086218286,0.0987305983602177,-0.1182680642054734,0.0302380361095502,20.00379430537771,85.00846432592492,,,,,0,-0.1054102968509652,0.4451945182581579,0.0226267987960788,0.0999999999999943,5.656846594841721,885.3098166219384,422.4947876199479,11.702793679225127,6.325248333026281,885.1457521821488,431.5326290643925,9.03933045724754,1018.8871186009088,True,885.3098166219384,422.4947876199479,GNSS + DR
80.60000000000001,886.5775737187458,422.49478761994817,11.619639137547049,0.1017544019711727,-0.1049611887061718,0.0286293000160468,20.0037953352518,85.00847539043525,,,,,0,-0.0509766621762953,0.335999525812899,0.0314675777828271,0.1000000000000085,5.830097779825861,886.4657702612567,422.6128186354267,11.666994564416424,6.315968593523236,886.3053701618699,431.6609792212646,9.049582210190332,1020.0490825146636,True,886.4657702612567,422.6128186354267,GNSS + DR
80.7,887.7335273580641,422.612818635427,11.609801848477051,0.1046173319727774,-0.0919243918075896,0.0269501572785656,20.00379639554245,85.00848644097242,,,,,0,-0.0459019161152877,0.355124799979371,0.0329641576126181,0.0999999999999943,5.994131585959192,887.6204028987297,422.73405584956095,11.634917730899836,6.327491921676834,887.4617741616051,431.7892090752146,9.05654255311086,1021.2100626995112,True,887.6204028987297,422.73405584956095,GNSS + DR
80.80000000000001,888.8881599955371,422.7340558495612,11.60125425918553,0.1073123477006339,-0.079176494802402,0.0252199931835154,20.00379748463488,85.00849747888122,,,,,0,0.0018676462477216,0.3198097525240723,0.0325145579279621,0.1000000000000085,6.148544612886747,888.7738547653161,422.8583128225304,11.644872127245314,6.826862230039828,888.6180050285562,431.92763107819343,9.070657239855963,1022.37018812543,True,888.7738547653161,422.8583128225304,GNSS + DR
80.9,890.0416118621233,422.85831282253065,11.593966549516573,0.1098343470189855,-0.066735870291783,0.0234583288461635,20.003798600854253,85.00850850550225,,,,,0,-0.064153147185034,0.217093964474074,0.0331536925163218,0.0999999999999943,6.293044529763164,889.9262652083917,422.98539851882657,11.648311173412784,6.886895865502587,889.7744316476787,432.067305723392,9.083176311318422,1023.5295847803815,True,889.9262652083917,422.98539851882657,GNSS + DR
81.0,891.194022305199,422.98539851882686,11.587907085127174,0.1121801799036018,-0.0546204169652497,0.0216846269503901,20.00379974248449,85.00851952216762,,,,,0,-0.0225601136261687,0.3526963575899614,0.035897928929167,0.0999999999999943,6.427450853494677,891.0777722214169,423.1151193925864,11.633865420219388,6.73776955470249,890.9297832885201,432.20380052975054,9.08988589242485,1024.688375488894,True,891.0777722214169,423.1151193925864,GNSS + DR
81.10000000000001,892.3455293182243,423.1151193925866,11.58304246612352,0.1143486425986409,-0.042847535034749,0.0199180990296448,20.003800907786925,85.00853053019648,,,,,0,-0.0159233190149809,0.2539545065532089,0.0179965583127161,0.1000000000000085,6.551694613951982,892.2285119474918,423.2472814542888,11.621484583961967,7.31827203999064,892.0824647348737,432.3518360747553,9.105725925228116,1025.8466797355065,True,892.2285119474918,423.2472814542888,GNSS + DR
81.2,893.4962690442991,423.24728145428907,11.579337578120224,0.1163404525016054,-0.0314341023570463,0.0181775163474989,20.003802095018923,85.00854153089034,,,,,0,0.0337733047249428,0.2778045091011374,0.0163467602754088,0.0999999999999943,6.66581691498421,893.3786181650439,423.3816923014272,11.634395274419624,7.264636520239138,893.2365649598756,432.498955769782,9.118370044283925,1027.0046134933184,True,893.3786181650439,423.3816923014272,GNSS + DR
81.30000000000001,894.6463752618513,423.3816923014275,11.576755645652112,0.1181582041363552,-0.0203964512765342,0.0164810263947761,20.00380330245211,85.00855252552806,,,,,0,-0.041655410998743,0.1831953792387877,0.0359895931922076,0.1000000000000085,6.769966411858379,894.5282217641134,423.5181630960981,11.6166764908239,7.268436994514622,894.3888977837158,432.6459278420453,9.128827987692048,1028.1622890578838,True,894.5282217641134,423.5181630960981,GNSS + DR
81.4,895.7959788609206,423.5181630960984,11.575258287864918,0.1198063067758329,-0.0097503462201675,0.0148459769568747,20.00380452839012,85.00856351536092,,,,,0,0.0710985061917252,0.1936037987325281,0.0275557928488062,0.0999999999999943,6.864395737304823,895.6774502216635,423.6565104728874,11.612696966190413,7.60292855814809,895.5399585017195,432.7995720145816,9.144095271171407,1029.3198148866702,True,895.6774502216635,423.6565104728874,GNSS + DR
81.5,896.9452073184709,423.6565104728877,11.574805576408078,0.1212909044715203,0.000489037924698,0.0132887496202486,20.003805771185743,85.00857450160754,,,,,0,0.0538054765332188,0.1404720752117765,0.0143810401989153,0.0999999999999943,6.949456919542558,896.8264270840746,423.7965583609843,11.631034633094147,7.473351587117004,896.6931819386956,432.9508511300312,9.155262441360774,1030.4772954443108,True,896.8264270840746,423.7965583609843,GNSS + DR
81.60000000000001,898.094184180882,423.7965583609846,11.575356095449855,0.1226197794335452,0.010307136619998,0.0118246044820238,20.00380702925733,85.00858548544899,,,,,0,-0.0255391170616492,0.2286739317054484,0.0157524927925015,0.1000000000000085,7.025595846367192,897.9752714644676,423.9381397051092,11.617316243847272,7.521383385101587,897.8449181154795,433.10291738593,9.165704661097454,1031.6348310538558,True,897.9752714644676,423.9381397051092,GNSS + DR
81.7,899.243028561275,423.9381397051095,11.576867003732078,0.1238022398817476,0.0196900156458479,0.0104675377025708,20.003808301104183,85.00859646802397,,,,,0,0.1101031569198729,0.1667517592117473,0.0144403982358218,0.0999999999999943,7.093345839490337,899.1240975618177,424.0810980706148,11.631749091511644,7.494300822087038,898.998156998255,433.2546274664562,9.174393854741457,1032.7925177542288,True,899.1240975618177,424.0810980706148,GNSS + DR
81.80000000000001,900.3918546586252,424.0810980706151,11.579294098579028,0.1248489936520047,0.0286243902015215,0.0092301533988422,20.00380958532103,85.00860745042417,,,,,0,0.1703290442414081,0.1552313371142372,0.014545894621656,0.1000000000000085,7.153320412715476,900.273014207958,424.2252891190055,11.634758179036073,7.740597978611538,900.151031239137,433.4113340826461,9.186854843672574,1033.9504471640869,True,900.273014207958,424.2252891190055,GNSS + DR
81.9,901.5407713047654,424.2252891190058,11.582591881772382,0.1257720089918889,0.0370976431119718,0.0081235512180618,20.00381088061125,85.00861843368997,,,,,0,0.1171893415894422,0.1920009857447339,0.0178503821404479,0.0999999999999943,7.206205296116673,901.422124447594,424.3705819411291,11.609803301750553,7.77769574121527,901.3013312435332,433.5684494127043,9.198660610263232,1035.108706352264,True,901.422124447594,424.3705819411291,GNSS + DR
82.0,902.6898815444014,424.37058194112944,11.58671362720142,0.1265843641136951,0.0450978421154868,0.0071572307585403,20.00381218579889,85.00862941880648,,,,,0,0.1464470804768103,0.1707458480079561,0.0375071582195386,0.0999999999999943,7.252749816062006,902.5715251554036,424.5168602364237,11.627088804724112,7.754951837045462,902.4534062665635,433.7253413565345,9.209238655357858,1036.2673777149841,True,902.5715251554036,424.5168602364237,GNSS + DR
82.10000000000001,903.8392822522112,424.51686023642407,11.59161145019548,0.1273000871895491,0.0526137562084549,0.0063390138190142,20.00381349983917,85.00864040669975,,,,,0,0.0868823252885843,0.1417465119742477,0.0132365794306408,0.1000000000000085,7.293757727608561,903.7213066931936,424.6640233278593,11.670366988993807,7.675259774528421,903.6099874397364,433.8812087567185,9.217857625618018,1037.426538860004,True,903.7213066931936,424.6640233278593,GNSS + DR
82.2,904.9890637900008,424.6640233278597,11.597236378443112,0.1279339885714505,0.059634871025187,0.0056749852618733,20.00381482182771,85.00865139823364,,,,,0,0.0065596250382615,0.0247277781742524,0.0173009667661258,0.0999999999999943,7.330077601419021,904.8715526090036,424.8119870035941,11.623994788188426,7.849567079543933,904.7614953063616,434.0399607061835,9.228629977713116,1038.5862624978483,True,904.8715526090036,424.8119870035941,GNSS + DR
82.30000000000001,906.139309705811,424.8119870035945,11.603538424400517,0.1285014870976379,0.0661514032318866,0.0051694530712058,20.003816151008024,85.00866239420684,,,,,0,0.0039453806735103,0.0551999913690383,-0.0066953139906955,0.1000000000000085,7.362592871849453,906.0223393790128,424.9606841778698,11.611205335421108,7.8521230539851326,905.9117291360452,434.1985892990174,9.238567294400926,1039.7466163402885,True,906.0223393790128,424.9606841778698,GNSS + DR
82.4,907.29009647582,424.9606841778701,11.61046665908949,0.1290184324047585,0.0721543139145275,0.0048249279759183,20.003817486777468,85.00867339535041,,,,,0,0.1149084161079154,0.0358252585963405,0.00497592804813,0.0999999999999943,7.392211656186558,907.1737361921328,425.1100653652893,11.62322975602464,7.692190508376428,907.06359289373,434.3541675216124,9.244758310670992,1040.9076630061973,True,907.1737361921328,425.1100653652893,GNSS + DR
82.5,908.4414932889404,425.1100653652896,11.617969287183422,0.1295009252023503,0.0776353209430347,0.0046421227936297,20.003818828691507,85.00868440232581,,,,,0,0.0780363805565357,0.1203087247250148,0.0219302728207958,0.0999999999999943,7.419856457134028,908.325804776346,425.2600989643551,11.668551486114955,7.699084604435399,908.2199292401884,434.5104915175302,9.250998433520314,1042.0694599349158,True,908.325804776346,425.2600989643551,GNSS + DR
82.60000000000001,909.5935618731534,425.2600989643554,11.625993723278096,0.1299651374817133,0.0825869102945464,0.0046199714349374,20.00382017646626,85.00869541572311,,,,,0,0.0668580963781788,0.0922443559918097,0.0136431253485036,0.1000000000000085,7.446453861539676,909.4785992651224,425.4107713479696,11.67661206883875,8.031226868361141,909.3761381085184,434.6736287200847,9.263424042154092,1043.2320593072438,True,909.4785992651224,425.4107713479696,GNSS + DR
82.7,910.7463563619297,425.41077134797,11.634486669242332,0.130427134625207,0.0870023463202507,0.0047556672923606,20.00382152997931,85.00870643605982,,,,,0,0.1138650121218169,0.0158041260347914,-0.0341354785562877,0.0999999999999943,7.472924348008965,910.6321661017182,425.5620867605151,11.68213445213383,7.5826411007512124,910.534136186575,434.827781581863,9.266213379078703,1044.395507974168,True,910.6321661017182,425.5620867605151,GNSS + DR
82.80000000000001,911.8999231985256,425.5620867605154,11.643394192542146,0.1309027013544431,0.0908756809416733,0.0050447205261623,20.003822889268783,85.00871746377993,,,,,0,0.1516549453347377,0.0793004590267556,0.0167849525493243,0.1000000000000085,7.500172314471034,911.7865439787644,425.7140670231021,11.717677989120718,8.030983893515222,911.6944120640092,434.99148760744526,9.277878043416564,1045.5598473934224,True,911.7865439787644,425.7140670231021,GNSS + DR
82.9,913.0543010755716,425.7140670231024,11.652661805430666,0.1314071734070593,0.0942017617645074,0.0054810335526521,20.00382425453072,85.00872849925331,,,,,0,0.0515638844264,0.019163013547335,0.0296626774989398,0.0999999999999943,7.529076433968244,912.9417638103396,425.86675105059794,11.649205116768607,7.957363975305171,912.848115973923,435.1527547360705,9.286475885063965,1046.7251135739652,True,912.9417638103396,425.86675105059794,GNSS + DR
83.0,914.2095209071472,425.8667510505983,11.662234544895048,0.1319552767623245,0.0969762390980388,0.0060569938417256,20.003825626114672,85.0087395427755,,,,,0,0.1045323580840196,0.0979802584157013,-0.0089020820194722,0.0999999999999943,7.560480442961899,914.0978487336794,426.0201941860839,11.720153222383663,8.256717433993886,914.0079828378512,435.3210662731746,9.30130622330308,1047.8913370284547,True,914.0978487336794,426.0201941860839,GNSS + DR
83.10000000000001,915.3656058304869,426.02019418608427,11.672057053250274,0.1325609761464971,0.0991955718709647,0.0067635829415029,20.00382700451781,85.00875059456769,,,,,0,0.2046891060269804,0.0261763007782533,0.026957459697958,0.1000000000000085,7.595184461328662,915.2548141377524,426.1744673604255,11.753285817286349,8.02116422995558,915.1718127013052,435.48507030959166,9.310972909179442,1049.0585427337799,True,915.2548141377524,426.1744673604255,GNSS + DR
83.2,916.52257123456,426.17446736042587,11.68207365926924,0.1332373344406474,0.1008570324357904,0.0075905004710488,20.003828390377315,85.00876165477699,,,,,0,0.0770926134247217,0.1451141602827407,-0.0151290558352104,0.0999999999999943,7.633936937022143,916.4126677161728,426.3296560866429,11.709518043971404,8.232859569159926,916.3306969918024,435.6527465734445,9.323450832430268,1050.2267500997068,True,916.4126677161728,426.3296560866429,GNSS + DR
83.30000000000001,917.6804248129804,426.3296560866433,11.692228459737432,0.1339963844877523,0.1019587102546815,0.0085263016592036,20.00382978446136,85.00877272347694,,,,,0,0.1754467696129293,0.1485895982177512,0.0229062911097377,0.1000000000000085,7.677427301160461,917.5714095422334,426.4858593007107,11.734632329501634,8.117890224974792,917.4924016701852,435.8184517312095,9.33292685697524,1051.3959729456808,True,917.5714095422334,426.4858593007107,GNSS + DR
83.4,918.8391666390409,426.4858593007111,11.702465401320175,0.1348490146536727,0.1024995144623286,0.0095585468603557,20.003831187658708,85.00878380066824,,,,,0,0.1082629763848789,0.2372559885875544,0.0144720606002333,0.0999999999999943,7.726279411153238,918.7310321642428,426.64318806227305,11.737407562975603,8.24334163417616,918.6540154020996,435.9867398794013,9.34386922752086,1052.5662194858128,True,918.7310321642428,426.64318806227305,GNSS + DR
83.5,919.9987892610502,426.6431880622735,11.712728362629898,0.1358048693397082,0.1024791753018483,0.0106739613481027,20.00383260096702,85.00879488627966,,,,,0,0.159768863294346,0.1974148742984058,-0.0078257508043433,0.0999999999999943,7.781045850490875,919.8915207197888,426.8017641305007,11.744841441708347,8.391571330128883,919.8159252985096,436.1581411557471,9.356682409180982,1053.737492322076,True,919.8915207197888,426.8017641305007,GNSS + DR
83.60000000000001,921.1592778165962,426.8017641305011,11.722961236380549,0.1368722654745185,0.101898244432137,0.0118586035766454,20.003834025480074,85.00880598016913,,,,,0,0.1867646197922803,0.1478722372554936,0.0213199818490433,0.1000000000000085,7.842203144084082,921.0528530679804,426.9617184319136,11.766435996280087,8.272819786635393,920.9803249307824,436.3274446019872,9.366006994631626,1054.909788445714,True,921.0528530679804,426.9617184319136,GNSS + DR
83.7,922.3206101647878,426.961718431914,11.733108011516324,0.138058125832183,0.1007580941058616,0.0130980400086032,20.003835462374013,85.00881708212496,,,,,0,0.1678221824551127,0.2245842228238281,0.0296064375001238,0.0999999999999943,7.910147937670132,922.214999939144,427.12318943842536,11.811657717190014,8.559631170344893,922.1483342799776,436.50324773185855,9.380295192493511,1056.0830992468657,True,922.214999939144,427.12318943842536,GNSS + DR
83.80000000000001,923.4827570359512,427.1231894384258,11.74311285520172,0.1393679298330433,0.0990609152196508,0.0143775245377777,20.003836912892744,85.00882819186738,,,,,0,0.1745188953303447,0.1289536991782975,0.0230163945759935,0.1000000000000085,7.9851941789087775,923.3779251017876,427.2863214751026,11.82986058871147,8.336139497342804,923.3188215458932,436.6747574278333,9.38862198987925,1057.2574105323858,True,923.3779251017876,427.2863214751026,GNSS + DR
83.9,924.6456821985948,427.2863214751031,11.752920194560255,0.1408056822868211,0.0968097142389723,0.01568218048694,20.00383837833276,85.00883930905002,,,,,0,0.0692300375685745,0.1661877855556424,0.0265304568575362,0.0999999999999943,8.067571326494823,924.5415855469208,427.4512629781548,11.796201410059451,8.61176025287858,924.485142256996,436.8513917277841,9.400298205620109,1058.4327025518419,True,924.5415855469208,427.4512629781548,GNSS + DR
84.0,925.8093426437282,427.45126297815534,11.762474798049514,0.1423739003355151,0.0940083090018006,0.0169971831345392,20.00383986002749,85.0088504332617,,,,,0,0.1796912943388656,0.246586064861606,0.0178804220111486,0.0999999999999943,8.15742360204123,925.7059316899672,427.61816472446185,11.850576002330804,8.795819560459408,925.6562630359506,437.0326033084602,9.414569603920745,1059.6089500316468,True,925.7059316899672,427.61816472446185,GNSS + DR
84.10000000000001,926.9736887867748,427.6181647244624,11.771721856360616,0.1440736186489691,0.0906613234068665,0.0183079407205772,20.0038413593314,85.00886156402844,,,,,0,0.0780266676751255,0.1376035027879769,0.0046940431683669,0.1000000000000085,8.254810287763238,926.8709075905384,427.7871780544799,11.82243338590031,8.853815911531788,926.8244190600548,437.2145670822985,9.427503649710363,1060.786122217283,True,926.8709075905384,427.7871780544799,GNSS + DR
84.2,928.1386646873458,427.7871780544804,11.780607062730889,0.1459044127210268,0.0867741809940003,0.0196002719008328,20.00384287760397,85.00887270081545,,,,,0,0.1297512692725772,0.2590450623397029,0.0315189121242034,0.0999999999999943,8.359707061249715,928.0364511902388,427.9584531106388,11.865680883264911,9.147173792760029,927.9958978640328,437.4031969846604,9.444830936450614,1061.964182923556,True,928.0364511902388,427.9584531106388,GNSS + DR
84.30000000000001,929.304208287046,427.9584531106393,11.789076692559416,0.1478644399111101,0.0823530974249653,0.0208605776599109,20.00384441619397,85.00888384302947,,,,,0,0.1252654067748266,0.2249137852778605,0.0433581168543738,0.1000000000000085,8.472008346972373,929.202494568436,428.13213711333657,11.837210719566349,8.857492449375775,929.1655023200068,437.5854632535097,9.45339851793654,1063.143090592812,True,929.202494568436,428.13213711333657,GNSS + DR
84.4,930.4702516652432,428.1321371133371,11.79707768221588,0.1499504976771012,0.0774050718753205,0.0220760057567852,20.00384597642392,85.0088949900212,,,,,0,0.1316611998187996,0.2954977075835034,0.0383718142990598,0.0999999999999943,8.591530652784153,930.3689642155698,428.30837269634304,11.849698838736805,8.884658265081864,930.336254053822,437.7684769236434,9.460160778024202,1064.3227983610336,True,930.3689642155698,428.30837269634304,GNSS + DR
84.5,931.6367213123772,428.3083726963436,11.80455770693448,0.1521580982527797,0.0719378773491818,0.0232346058609151,20.003847559575096,85.00890614108795,,,,,0,0.1187857111521914,0.2503874277806877,0.0083558475649016,0.0999999999999943,8.718016848621183,931.5357813231072,428.48729632284784,11.861867196387337,9.068866582346915,931.5076129661842,437.95544545649625,9.468191034898846,1065.503254131727,True,931.5357813231072,428.48729632284784,GNSS + DR
84.60000000000001,932.8035384199144,428.4872963228484,11.811465257685716,0.1544815588388712,0.0659600499296519,0.0243254736416884,20.00384916687338,85.00891729547628,,,,,0,0.0537695510034158,0.3385318936683119,0.014176529569579,0.1000000000000085,8.851141334069219,932.7028620886864,428.6690368025175,11.925042331273067,9.450207719051484,932.683933321214,438.1512432306647,9.482225321317417,1066.6844006574956,True,932.7028620886864,428.6690368025175,GNSS + DR
84.7,933.9706191854935,428.669036802518,11.81774971692041,0.15691410620304,0.0594808769801868,0.0253388821977499,20.003850799475885,85.0089284523851,,,,,0,0.021987506365401,0.3304149391029083,0.0218792047797765,0.0999999999999943,8.990516031501762,933.8701180343784,428.8537139287792,11.884775428417306,9.565204471642168,933.8558876192304,438.3487324536621,9.495029188611555,1067.8661756291876,True,933.8701180343784,428.8537139287792,GNSS + DR
84.80000000000001,935.1378751311856,428.8537139287796,11.823361433081754,0.159447994422815,0.0525103843126917,0.0262663993543397,20.00385245845873,85.00893961096861,,,,,0,0.1261278183107801,0.4105754289560908,0.0153366448415383,0.1000000000000085,9.135697132252789,935.0374563353404,429.04143725412695,11.859216142482726,9.6510356311999,935.0250250015396,438.5475485909066,9.506119465129345,1069.0485117724957,True,935.0374563353404,429.04143725412695,GNSS + DR
84.9,936.3052134321478,429.0414372541274,11.828251793782949,0.162074634358249,0.0450593223400108,0.0271009895145128,20.00385414480606,85.00895077033938,,,,,0,0.0843510512159566,0.3508940545434104,0.0325428887100732,0.0999999999999943,9.286192514853672,936.2047801554892,429.23230501956846,11.897631751188468,9.617748957487604,936.1980652563244,438.7463272958092,9.514024645893846,1070.231336951874,True,936.2047801554892,429.23230501956846,GNSS + DR
85.0,937.4725372522964,429.2323050195689,11.832373297549756,0.1647847333097002,0.037139151231571,0.0278370989223657,20.00385585940037,85.00896192957174,,,,,0,0.1246079932794619,0.3209468057221779,0.0367712569741709,0.0999999999999943,9.441469746834654,937.3719889862184,429.42640325241297,11.87513664680807,10.056499840834013,937.367334006568,438.9536900058298,9.527287890615428,1071.414574281629,True,937.3719889862184,429.42640325241297,GNSS + DR
85.10000000000001,938.6397460830258,429.4264032524134,11.835679624029265,0.1675684432019368,0.0287620250928988,0.0284707233811733,20.00385760301446,85.00897308770482,,,,,0,0.0565253783835054,0.3546260678125634,0.0191681905487497,0.1000000000000085,9.60096457504863,938.5389789836554,429.623805044473,11.875884620371242,9.917258858401048,938.5371769188768,439.15822341553337,9.534418541361088,1072.5981422440318,True,938.5389789836554,429.623805044473,GNSS + DR
85.2,939.8067360804628,429.6238050444735,11.838125702568336,0.1704155155400542,0.0199407751901325,0.0289994576646999,20.00385937630493,85.00898424374593,,,,,0,-0.0203174428437154,0.3060874052901903,0.0417707422574552,0.0999999999999943,9.7640898039912,939.7056432995256,429.8245700204348,11.90629772976618,10.437932241347736,939.70810384548,439.3739301350712,9.549360431635966,1073.7819548142886,True,939.7056432995256,429.8245700204348,GNSS + DR
85.30000000000001,940.9734003963332,429.82457002043526,11.83966777906729,0.1733154613065242,0.0106888922428094,0.0294225260636712,20.003861179807394,85.00899539667364,,,,,0,0.0889953762930147,0.3986597965500875,0.0404335655038713,0.1000000000000085,9.93024445722676,940.8718724004112,430.02874400368125,11.890289490822711,10.85886022069774,940.875842321308,439.5979316837861,9.56918850359534,1074.9659215921954,True,940.8718724004112,430.02874400368125,GNSS + DR
85.4,942.1396294972186,430.0287440036817,11.840263481016898,0.1762577139128913,0.0010205078088887,0.029740793719293,20.003863013933493,85.00900654544083,,,,,0,0.0125019773258333,0.4116313460867656,0.029259202470856,0.0999999999999943,10.098823113832962,942.037554370058,430.23635888426287,11.895834999307134,10.653790785818694,942.044920039754,439.8178548329552,9.581498779830683,1076.149947940297,True,942.037554370058,430.23635888426287,GNSS + DR
85.5,943.3053114668656,430.2363588842633,11.839871880629069,0.1792317932848206,-0.0090496252122651,0.0299567586094299,20.003864878969697,85.00901768897762,,,,,0,0.0380505476587859,0.5081439857292237,0.0332315387495901,0.0999999999999943,10.269225309781431,943.202575189439,430.44743269103634,11.890151585066375,10.856691530130092,943.212653449638,440.0418095841864,9.594382186422404,1077.3339351283598,True,943.202575189439,430.44743269103634,GNSS + DR
85.60000000000001,944.4703322862468,430.44743269103685,11.838453555974445,0.1822274691457636,-0.0195061529323581,0.0300745242682939,20.003866775077963,85.00902882619404,,,,,0,-0.021879124356334,0.3549440592380037,0.0155765125117636,0.1000000000000085,10.440864893402685,944.3668189895004,430.661969867275,11.895185218506557,10.866935928068347,944.3808411349564,440.2660680192482,9.604108388252332,1078.5177804839573,True,944.3668189895004,430.661969867275,GNSS + DR
85.7,945.634576086308,430.6619698672755,11.835970650042595,0.185234921572593,-0.0303331416546459,0.0300997535348551,20.00386870229821,85.00903995598242,,,,,0,0.0818819438570385,0.3728700707283024,0.0317771319719844,0.0999999999999943,10.613179224546384,945.5301682719396,430.8799617463321,11.89446996799132,10.841647226383362,945.5490574392934,440.4897973746661,9.609854192662905,1079.7013775489615,True,945.5301682719396,430.8799617463321,GNSS + DR
85.80000000000001,946.7979253687472,430.8799617463327,11.832386927643515,0.1882448969260785,-0.0415140998527885,0.0300396038363271,20.00387066055257,85.00905107721948,,,,,0,-0.0553423410619483,0.3566522895226362,0.0351134535776303,0.1000000000000085,10.7856381087395,946.6925040939426,431.10138722125225,11.843647588989407,11.195230204284968,946.7108853022004,440.71974497542624,9.61837531790561,1080.884616241726,True,946.6925040939426,431.10138722125225,GNSS + DR
85.9,947.96026119075,431.1013872212528,11.827667830072038,0.1912488573097112,-0.053032000918689,0.0299026447186686,20.00387264965146,85.00906218876821,,,,,0,-0.0399034886239978,0.3942842340296317,0.0365901206709505,0.0999999999999943,10.957752360546156,947.8537062135498,431.3262135996087,11.890999283444229,11.293818074381344,947.8769592551,440.95261870936207,9.626433194128971,1082.067383024733,True,947.8537062135498,431.3262135996087,GNSS + DR
86.0,949.1214633103572,431.3262135996092,11.821780527459778,0.1942391217815781,-0.0648693066476902,0.0296987585338334,20.00387466930118,85.00907328947912,,,,,0,-0.0294968715128243,0.4001767320489823,0.0384875276540351,0.0999999999999943,11.129081894412044,949.0136531931996,431.5543976323436,11.852140139063172,11.412031207949791,949.0387411708668,441.18712892013576,9.632763957942386,1083.2495610774788,True,949.0136531931996,431.5543976323436,GNSS + DR
86.10000000000001,950.2814102900072,431.5543976323442,11.8146939687425,0.1972089976349614,-0.0770079914294186,0.0294390253813064,20.003876719113222,85.00908437819129,,,,,0,-0.1016171077837665,0.3751443333967528,0.0368814428136121,0.1000000000000085,11.299243246488722,950.1722224599708,431.7858867030239,11.835847986031313,12.05759723778807,950.196213841102,441.4343737242129,9.648516848947365,1084.4310304743535,True,950.1722224599708,431.7858867030239,GNSS + DR
86.2,951.439979556778,431.78588670302446,11.806378929173894,0.2001529001730921,-0.089429567110999,0.0291355935772187,20.003878798614924,85.00909545373298,,,,,0,-0.0429035906816192,0.4283021539427014,0.031492156604562,0.0999999999999943,11.46791643722146,951.3292903220909,432.0206201617406,11.85521070429672,12.008845814925328,951.3557903636712,441.6810364427956,9.660452627878074,1085.6116683672708,True,951.3292903220909,432.0206201617406,GNSS + DR
86.30000000000001,952.5970474188982,432.0206201617412,11.7968080553203,0.203066459530814,-0.1021151084986549,0.0288015370861218,20.00388090726146,85.00910651492174,,,,,0,0.0084804153747196,0.33891722951543,0.036663486511665,0.1000000000000085,11.634851091779774,952.4847319423612,432.2585307859001,11.84848767538659,12.191804228871872,952.5139161858284,441.9312587079736,9.672771948853477,1086.791349172803,True,952.4847319423612,432.2585307859001,GNSS + DR
86.4,953.7524890391684,432.2585307859007,11.785955907474165,0.2059466132394262,-0.1150452794628442,0.0284507014965144,20.00388304444896,85.00911756056416,,,,,0,-0.1095683874975297,0.4146274157691645,0.0434710214296169,0.0999999999999943,11.799871743632204,953.6384212701972,432.4995463483978,11.82208578418272,12.253518388852768,953.6691917774644,442.1821679151698,9.682670459611588,1087.96994476355,True,953.6384212701972,432.4995463483978,GNSS + DR
86.5,954.9061783670048,432.4995463483984,11.773798999427733,0.2087916833890776,-0.12820035961143,0.0280975402498794,20.0038852095286,85.00912858945524,,,,,0,-0.0784432186598437,0.387739683962465,0.0321425595167829,0.0999999999999943,11.962882255625884,954.7902309350172,432.7435912721651,11.840419636581093,12.436951593259367,954.825448522952,442.4371693077503,9.693642009610237,1089.1473246634928,True,954.7902309350172,432.7435912721651,GNSS + DR
86.60000000000001,956.0579880318248,432.7435912721657,11.760315835551877,0.2116014374140656,-0.1415602714939634,0.0277569429428467,20.003887401821444,85.00913960037735,,,,,0,-0.2490320407958912,0.3558289196423229,0.0359328918511634,0.1000000000000085,12.123869302727591,955.9400321046264,432.99058834883806,11.78347233222446,12.768551905063491,955.9746561827995,442.6975996373791,9.707073038905818,1090.3233562470482,True,955.9400321046264,432.99058834883806,GNSS + DR
86.7,957.2077892014338,432.9905883488387,11.745486945128938,0.2143771317083503,-0.1551046083003626,0.0274440576119862,20.00388962063393,85.00915059209892,,,,,0,-0.1270510683246047,0.3365969883650939,0.030582346985345,0.0999999999999943,12.282904871008649,957.0876943130672,433.2404604983443,11.787348070153488,12.778054303204364,957.1241986101531,442.9583062789957,9.717914343120675,1091.497904941561,True,957.0876943130672,433.2404604983443,GNSS + DR
86.80000000000001,958.3554514098744,433.2404604983449,11.729294913891804,0.2171215374695489,-0.1688126620159558,0.0271741089796162,20.003891865273648,85.00916156337271,,,,,0,-0.154464776312266,0.4700665261807223,0.0257065198148204,0.1000000000000085,12.440147738396716,958.2330852630664,433.4931325455335,11.767597431193144,13.019751829100423,958.2707067533534,443.22341488052047,9.730355065211734,1092.6708344329504,True,958.2330852630664,433.4931325455335,GNSS + DR
86.9,959.5008423598736,433.4931325455341,11.711724412725747,0.2198389483675105,-0.182663451994296,0.0269622146861581,20.003894135065263,85.00917251293403,,,,,0,-0.1935883321148152,0.3049235954239272,0.0371910113553342,0.0999999999999943,12.59584391405277,959.376070608712,433.7485329896123,11.76079266731896,13.066443269376018,959.4163356158864,443.48930386293193,9.74085409383158,1093.842006874223,True,959.376070608712,433.7485329896123,GNSS + DR
87.0,960.6438277055192,433.7485329896129,11.692762223492943,0.2225351698361263,-0.1966357539087759,0.0268232015594396,20.00389642936649,85.00918343949856,,,,,0,-0.1125632304273493,0.3585339767557731,0.0262709421177375,0.0999999999999943,12.75032602483702,960.5165137243214,434.00659574207776,11.74833950918589,13.199003091227214,960.5601338325037,443.7575583165658,9.751060139436328,1095.011283096572,True,960.5165137243214,434.00659574207776,GNSS + DR
87.10000000000001,961.7842708211288,434.0065957420785,11.672397261943992,0.2252174899920703,-0.2107081290432422,0.0267714239736623,20.00389874758364,85.0091943417602,,,,,0,-0.1970203131244336,0.3049757423764117,0.0356328929835842,0.1000000000000085,12.904011649075484,961.6542754656012,434.2672618090798,11.702239402951522,13.192974524235206,961.6994719299475,444.0246402705663,9.757483136601875,1096.1785228227664,True,961.6542754656012,434.2672618090798,GNSS + DR
87.2,962.9220325624088,434.2672618090805,11.650620597684297,0.2278946323894365,-0.224858953882272,0.0268205863304985,20.00390108918676,85.00920521838879,,,,,0,-0.2037328282369514,0.431757512975141,0.0321031400455989,0.0999999999999943,13.057400609600103,962.7892139291693,434.5304808946833,11.715106251233422,13.260738250245032,962.8397457297922,444.2933646761654,9.763014554613791,1097.343584882535,True,962.7892139291693,434.5304808946833,GNSS + DR
87.30000000000001,964.0569710259766,434.5304808946841,11.627425471167538,0.2305766910224864,-0.239066449959493,0.0269835716521404,20.003903453724035,85.00921606802775,,,,,0,-0.2279260936989465,0.3880907847711323,0.028944224886939,0.1000000000000085,13.211071249680488,963.9211842163162,434.79621290233774,11.678685518534232,13.671836964520528,963.9745232138164,444.5694027462934,9.77333539661115,1098.5063274296517,True,963.9211842163162,434.79621290233774,GNSS + DR
87.4,965.1889413131236,434.7962129023384,11.602807307692398,0.2332750481877004,-0.2533087139243228,0.0272722782116029,20.00390584083528,85.00922688929194,,,,,0,-0.3191495075125767,0.3125174949889501,0.0289908498901363,0.0999999999999943,13.365675726866137,965.0500382065442,435.0644293129853,11.61496838262616,13.87415023066512,965.1021331087844,444.8479181499321,9.783627532848076,1099.666608160421,True,965.0500382065442,435.0644293129853,GNSS + DR
87.5,966.3177953033515,435.064429312986,11.576763728382671,0.2360022760088607,-0.267563747785271,0.0276974660398336,20.003908250264285,85.00923768076535,,,,,0,-0.2941630697891191,0.3762767698896183,0.0276162561156767,0.0999999999999943,13.52193437078928,966.175624345966,435.335114419648,11.587591899574733,13.82901486528296,966.2273037642686,445.1248908134719,9.78991279855688,1100.824284533259,True,966.175624345966,435.335114419648,GNSS + DR
87.60000000000001,967.4433814427736,435.33511441964873,11.549294558135344,0.2387720226128441,-0.2818094892884026,0.0282686150431839,20.00391068186997,85.00924844099919,,,,,0,-0.2037548149823918,0.3693673479480956,0.0168106033222938,0.1000000000000085,13.680629161518224,967.2977874551146,435.60826640000334,11.599048172276758,14.175457931763027,967.351889869421,445.4089423530319,9.800825281959956,1101.9792139890728,True,967.2977874551146,435.60826640000334,GNSS + DR
87.7,968.565544551922,435.608266400004,11.520401830524992,0.2415988841171625,-0.2960238423902073,0.0289937963396679,20.00391313563596,85.00925916850996,,,,,0,-0.3715213747342059,0.3381889463266421,0.0378227472912848,0.0999999999999943,13.84259639498367,968.41636856012,435.88389821038174,11.565982484169266,14.350659279432245,968.4723987401852,445.6956118121302,9.811873581728108,1103.1312541721252,True,968.41636856012,435.88389821038174,GNSS + DR
87.80000000000001,969.6841256569274,435.8838982103824,11.490089789657302,0.2444982637511293,-0.3101847077823016,0.0298795582795706,20.00391561167864,85.00926986177797,,,,,0,-0.3185004752630869,0.4112270183689741,0.0371950265323538,0.1000000000000085,14.008718611216151,969.5312047506202,436.1620382867733,11.538021387385813,14.185317410307244,969.5910193522776,445.9783613506971,9.816505298826804,1104.280263151091,True,969.5312047506202,436.1620382867733,GNSS + DR
87.9,970.7989618474276,436.162038286774,11.458364888968532,0.2474862195790864,-0.324270013426764,0.0309308284569068,20.00391811025346,85.0092805192458,,,,,0,-0.3142560162412521,0.4038819883325511,0.0444275309813918,0.0999999999999943,14.179915869529612,970.6421290671824,436.4427310407909,11.507805239837928,14.542647170607689,970.7049300259202,446.2673229840076,9.824792659956609,1105.4260996399878,True,970.6421290671824,436.4427310407909,GNSS + DR
88.0,971.90988616399,436.4427310407916,11.42523578697195,0.2505793024247771,-0.3382577450603108,0.0321508328447323,20.003920631759367,85.00929113931743,,,,,0,-0.2210766516957325,0.4081157816928872,0.0318362638216644,0.0999999999999943,14.357136462272004,971.7489704205008,436.7260371410837,11.479746983762151,14.918226046332324,971.8142113592604,446.5628578070227,9.837037012939152,1106.568623218685,True,971.7489704205008,436.7260371410837,GNSS + DR
88.10000000000001,973.0167275173084,436.7260371410844,11.39071333995647,0.2537943857092503,-0.3521259766249685,0.0335410330012489,20.003923176741367,85.00930172035726,,,,,0,-0.2836957883501499,0.4099603064811299,0.0574948692560155,0.1000000000000085,14.541347165255376,972.8515535441874,437.0120335733913,11.459666332153436,15.099405974664736,972.9206138745348,446.8613758108983,9.849584348629566,1107.7076945526808,True,972.8515535441874,437.0120335733913,GNSS + DR
88.2,974.1193106409949,437.01203357339193,11.354810591646956,0.2571484890093752,-0.3658529005847466,0.0351010820970672,20.00392574589103,85.00931226068981,,,,,0,-0.3637114269374015,0.4501188634040313,0.0363037226185709,0.0999999999999943,14.733523128403435,973.949698982644,437.3008134752514,11.382588493628605,15.060471890943472,974.0197759478426,447.1571391364719,9.856574776314767,1108.8431756118453,True,973.949698982644,437.3008134752514,GNSS + DR
88.30000000000001,975.2174560794516,437.3008134752521,11.31754275983952,0.2606585972190819,-0.3794168580861701,0.0368288003090673,20.00392834004503,85.00932275859955,,,,,0,-0.2841911732303925,0.458280905366084,0.0330777038871204,0.1000000000000085,14.93463751445385,975.0432231152928,437.5924857442848,11.344103327981506,15.458404722028812,975.113148087851,447.4595034310123,9.867265453608722,1109.9749298878294,True,975.0432231152928,437.5924857442848,GNSS + DR
88.4,976.3109802121,437.5924857442855,11.278927220029722,0.2643414772499886,-0.3927963689211644,0.0387201699152107,20.0039309601816,85.00933321233111,,,,,0,-0.3998221599462204,0.4696766450720969,0.033783320716784,0.0999999999999943,15.145650996677812,976.1319382183426,437.8871744219402,11.307060742871975,15.799012080481884,976.2011391261752,447.767353600666,9.88042151779827,1111.1028226098322,True,976.1319382183426,437.8871744219402,GNSS + DR
88.5,977.39969531515,437.88717442194087,11.238983486055288,0.2682134942415097,-0.405970161252025,0.0407693502097978,20.003933607415032,85.00934362008995,,,,,0,-0.3255151710653247,0.4561552579457441,0.0284301261775011,0.0999999999999943,15.367501228494914,977.2156525653244,438.1850178575632,11.294761819398662,15.984062172343547,977.286947875091,448.0783774041719,9.893616433825793,1112.2267209584375,True,977.2156525653244,438.1850178575632,GNSS + DR
88.60000000000001,978.483409662132,438.1850178575639,11.197733187779315,0.2722904292624895,-0.4189172010571518,0.0429687121423158,20.003936282988136,85.0093539800432,,,,,0,-0.4568610633533025,0.5958404860302714,0.0632949910662471,0.1000000000000085,15.601092398546136,978.2941705677588,438.4861676606053,11.272632135352245,16.086799530494044,978.3700708651132,448.3907344772072,9.904857630459423,1113.3464942772157,True,978.2941705677588,438.4861676606053,GNSS + DR
88.7,979.5619276645662,438.48616766060593,11.155200045843856,0.2765873004767211,-0.4316167212579369,0.0453088923675865,20.00393898826285,85.00936429032109,,,,,0,-0.347953829668479,0.4829087610486091,0.0640195662752732,0.0999999999999943,15.84728498423286,979.3672929575704,438.7907874516772,11.196573257079066,16.277088537234217,979.444849468252,448.7045552560707,9.91407116636643,1114.4620142817998,True,979.3672929575704,438.7907874516772,GNSS + DR
88.80000000000001,980.635050054378,438.7907874516779,11.11140984352773,0.2811181897134797,-0.4440482504862508,0.047778866182761,20.003941724708987,85.0093745490187,,,,,0,-0.4343549327598001,0.582272374959712,0.0587863178116085,0.1000000000000085,16.10688581494038,980.4348170131678,439.099051425942,11.111375846644536,16.512484142290205,980.5101613257328,449.0203675078354,9.921602167103533,1115.5731552661528,True,980.4348170131678,439.099051425942,GNSS + DR
88.9,981.7025741099752,439.0990514259426,11.066390395746607,0.2858960763317558,-0.456191641453918,0.0503660386201146,20.00394449389138,85.00938475419808,,,,,0,-0.4776168535009815,0.5713582089423678,0.0464051505423568,0.0999999999999943,16.380638553159635,981.4965368314296,439.4111427449827,11.0823105384944,16.950811520596083,981.5702457301704,449.3434729460199,9.932603698134193,1116.6797943057272,True,981.4965368314296,439.4111427449827,GNSS + DR
89.0,982.7642939282372,439.41114274498335,11.020171515236946,0.2909326801937673,-0.46802709888488,0.0530563527658847,20.0039472974554,85.00939490389085,,,,,0,-0.4488842795386957,0.702667470925431,0.0761690295814759,0.0999999999999943,16.669214697532183,982.5522436481734,439.7272517757506,11.053510780781028,17.198480293503618,982.6261723668638,449.6703061507739,9.943329209078655,1117.781811457251,True,982.5522436481734,439.7272517757506,GNSS + DR
89.10000000000001,983.820000744981,439.7272517757513,10.972784975969631,0.2962383154703558,-0.4795352069716596,0.055834414186663,20.00395013711114,85.00940499610131,,,,,0,-0.4356679979856488,0.5974848942682902,0.0573172225714465,0.1000000000000085,16.97320520651643,983.6017262099396,440.04757419744107,11.011630398219728,17.56761580743176,983.675978724236,450.0026713900679,9.955374103996556,1118.879089954848,True,983.6017262099396,440.04757419744107,GNSS + DR
89.2,984.869483306747,440.04757419744175,10.924264473842614,0.3018217568890221,-0.4906969563195051,0.0586836301682736,20.00395301461641,85.00941502880993,,,,,0,-0.4854343778457907,0.6343123331553734,0.060993371856007,0.0999999999999943,17.293112834964546,984.644771200104,440.3723089991442,10.96609670129752,17.812893906932718,984.7200175569096,450.3381347777743,9.96610984608438,1119.971516402232,True,984.644771200104,440.3723089991442,GNSS + DR
89.30000000000001,985.9125282969115,440.3723089991449,10.87464558470573,0.3076901199058494,-0.5014937703400246,0.06158636230947,20.00395593175877,85.00942499997747,,,,,0,-0.4437960950402584,0.6512389598036751,0.0809589531138308,0.1000000000000085,17.62934526847941,985.6811637223676,440.7016563928274,10.92541720716535,18.25215986103153,985.7575905759612,450.680318415084,9.97895469567709,1121.0589809607027,True,985.6811637223676,440.7016563928274,GNSS + DR
89.4,986.9489208191752,440.7016563928281,10.823965719774607,0.3138487561367964,-0.5119075310596077,0.0645240908660308,20.003958890336744,85.00943490754962,,,,,0,-0.511057225242811,0.7445798001810706,0.0761131967108395,0.0999999999999943,17.98220913206903,986.7106878445284,441.0358156676015,10.86773079315816,18.496398012012687,986.7882248716664,451.0250917818655,9.989577031965933,1122.14137753268,True,986.7106878445284,441.0358156676015,GNSS + DR
89.5,987.978444941336,441.0358156676022,10.772264078493809,0.3203011652233996,-0.5219206043062741,0.0674775891114828,20.003961892140584,85.0094447494621,,,,,0,-0.4609019846097061,0.688233876310559,0.0944886204990287,0.0999999999999943,18.351904940423253,987.733127205113,441.3749830122787,10.843250870704678,18.96960824784301,987.813661494715,451.3775696202624,10.002910807460813,1123.2186039405294,True,987.733127205113,441.3749830122787,GNSS + DR
89.60000000000001,989.0008843019206,441.37498301227936,10.719581598913354,0.3270489241345478,-0.531515864240637,0.0704271058701748,20.00396493893268,85.00945452364661,,,,,0,-0.479404761138807,0.7610226834127606,0.077914328473365,0.1000000000000085,18.73852304720384,988.7482656848672,441.7193493339191,10.756061252799729,19.369146462758835,988.828389806848,451.7342977930993,10.01526896867776,1124.2905621004209,True,988.7482656848672,441.7193493339191,GNSS + DR
89.7,990.0160227816748,441.7193493339197,10.66596090564568,0.3340916347215653,-0.5406767171981386,0.0733525542879769,20.00396803242798,85.00946422803707,,,,,0,-0.5137228699335353,0.7047571852221008,0.0743822462921897,0.0999999999999943,19.14204064017204,989.7558881443106,442.0690981003683,10.69871454645617,19.52136164563832,989.8367618107292,452.09180420039,10.02303238133706,1125.3571581909853,True,989.7558881443106,442.0690981003683,GNSS + DR
89.80000000000001,991.023645241118,442.0690981003689,10.611446255473728,0.341426890150363,-0.5493871248089377,0.0762337048364721,20.003971174274604,85.00947386057688,,,,,0,-0.5414562404272352,0.8509709294342767,0.0751156560018742,0.1000000000000085,19.562319817892572,990.75578122752,442.424403234694,10.671023766244138,19.791098210861964,990.8408340629562,452.45311624628056,10.02907366876827,1126.4183028165328,True,990.75578122752,442.424403234694,GNSS + DR
89.9,992.0235383243274,442.4244032346946,10.556083480683894,0.3490502606340102,-0.5576316263647652,0.0790503804988957,20.00397436603493,85.00948341922636,,,,,0,-0.5200545865765018,0.8394516727883563,0.0655804187269894,0.0999999999999943,19.999106772270167,991.7477342310374,442.7854270889259,10.575370639285373,20.73063070067235,991.829900812676,452.82745780980383,10.042366869727164,1127.4739111646013,True,991.7477342310374,442.7854270889259,GNSS + DR
90.0,993.0154913278448,442.7854270889265,10.499919930200774,0.3569552986838998,-0.5653953604014195,0.0817826520608374,20.0039776091674,85.0094929019713,994.1845664438048,443.55540328106326,20.003984525981213,85.00950407794546,1,-0.5078826732497345,0.8143084611216697,0.0839966943327753,0.0999999999999943,20.452032089419166,992.731540035338,443.1523185235912,10.557713764307174,20.990530899026005,992.8156108206364,453.2056495330042,10.053682523422236,1128.5239031576214,True,992.731540035338,443.1523185235912,GNSS + DR
90.1,993.9992971321454,443.15231852359176,10.44300440860361,0.3651335638899835,-0.5726640854671672,0.0844110314260328,20.00398090500923,85.00950230683169,994.3069566833242,438.0088608371034,20.003934700542697,85.00950524795596,1,-0.4395741278305867,0.9657852434655422,0.1008569648143066,0.0999999999999943,20.92061216946645,993.7069960946556,443.52521111820965,10.495055472278136,21.163439285142037,993.7943318006156,453.5845520758967,10.059720077046642,1129.5682035984814,True,993.7069960946556,443.52521111820965,GNSS + DR
90.2,994.9747531914632,443.5252111182103,10.38538711310734,0.3735746670325868,-0.5794242000502337,0.0869166608975881,20.0039842547604,85.00951163187125,994.5324257217088,441.38375262655416,20.003965017711465,85.00950740336592,1,-0.5024531789603246,0.8672798250808862,0.0979050026241488,0.1000000000000085,21.40425175397224,994.673905479216,443.90422153619335,10.432438263308978,21.79717882938943,994.7629879825888,453.9719315827154,10.068104154866903,1130.6067423097923,True,994.673905479216,443.90422153619335,GNSS + DR
90.3,995.9416625760236,443.904221536194,10.327119568593565,0.3822663331223456,-0.5856627616357724,0.0892814964073974,20.003987659468912,85.00952087520741,1000.7064908974712,446.21984441330346,20.00400846106314,85.0095664254013,1,-0.5068632641449803,0.9918678731635614,0.0944845764730015,0.0999999999999943,21.902247537852396,995.632077962106,444.2894480654885,10.40888509073655,22.518028681707868,995.7245181854348,454.3705649447614,10.081540692198336,1131.6394542666517,True,995.632077962106,444.2894480654885,GNSS + DR
90.4,996.8998350589136,444.2894480654891,10.268254560780186,0.3911944827630853,-0.5913675048675504,0.0914884827408802,20.0039911200177,85.00953003502167,995.0332127230294,443.4504175720904,20.003983582878544,85.00951219072518,1,-0.4069418951245361,0.9343749889635128,0.0865391383027169,0.1000000000000085,22.41379283112802,996.5813311411976,444.6809693538426,10.305810411874292,22.871841306458087,996.6740713730784,454.77112208961256,10.09057892203292,1132.6662797227298,True,996.5813311411976,444.6809693538426,GNSS + DR
90.5,997.849088238005,444.6809693538432,10.208846067620051,0.4003433310371733,-0.596526858790476,0.0935217188898638,20.00399463711328,85.00953910957031,1004.0299827495772,443.1447850958859,20.00398083733529,85.00959819689191,1,-0.5407289349520837,1.0648274010206258,0.1007904490699912,0.0999999999999943,22.937983224638806,997.5214915847844,445.0788433548001,10.300052031030534,23.361174011740932,997.6196403945854,455.1795458205407,10.101179311856784,1133.6871643294917,True,997.5214915847844,445.0788433548001,GNSS + DR
90.6,998.789248681592,445.0788433548007,10.14894918902209,0.4096955029261597,-0.6011299631474909,0.0953666117723915,20.00399821127624,85.00954809719538,998.1129543339076,449.2814889357396,20.00403596428383,85.00954163204352,1,-0.5468977875819058,1.0353484241535051,0.1104947488243452,0.0999999999999943,23.47382320315862,998.4523959879784,445.48310649747737,10.19444056003753,24.183955482205565,998.5496128115228,455.5971790173256,10.114539734833704,1134.7020592483939,True,998.4523959879784,445.48310649747737,GNSS + DR
90.7,999.720153084786,445.4831064974781,10.088620074990557,0.4192321641033989,-0.6051666837113334,0.0970100166834251,20.00400184283384,85.00955699633575,995.8891037498756,442.3412450583266,20.003973619012324,85.0095203727623,1,-0.5399659299952507,0.9582948082438698,0.1063172092481249,0.1000000000000085,24.02023363926069,999.3738923254916,445.8937730898916,10.113079746091152,24.36314056730312,999.4708630323332,456.0143622506477,10.121053713858002,1135.710921255893,True,999.3738923254916,445.8937730898916,GNSS + DR
90.8,1000.6416494222992,445.8937730898922,10.027915852279824,0.4289331657717414,-0.608627626628806,0.0984403629833977,20.004005531914604,85.0095658055381,1000.8514081652836,443.4993130166277,20.003984022113794,85.00956781076279,1,-0.6290759255082186,0.9712975488548784,0.1051077146797313,0.0999999999999943,24.576060091906086,1000.2858409852828,446.31083496217104,10.07931424389972,24.95633708824286,1000.3846834813146,456.4396362132838,10.129283519754246,1136.7137128411212,True,1000.2858409852828,446.31083496217104,GNSS + DR
90.9,1001.5535980820904,446.3108349621717,9.966894549664794,0.4387772020700812,-0.6115041517578224,0.0996477636907931,20.004009278445142,85.00957452346779,998.324862481134,446.9449943873165,20.00401497519619,85.00954365781583,1,-0.6036992335787601,1.0534550130772673,0.0966781871579811,0.1000000000000085,25.14008182517454,1001.1881158667184,446.7342613524351,9.99536964565842,25.67178979643178,1001.2855565807962,456.87265099613086,10.13885788736376,1137.7104022960878,True,1001.1881158667184,446.7342613524351,GNSS + DR
91.0,1002.4558729635256,446.7342613524357,9.90561502192826,0.4487419784391606,-0.6137883849797188,0.1006241078186865,20.00401308214913,85.00958314891933,1000.2006054200853,447.9056261485973,20.004023604698123,85.0095615893023,1,-0.6090968483143354,1.0136247674414016,0.1142959259598066,0.0999999999999943,25.711021454914487,1002.080605426432,447.1639990345489,9.94057990497199,26.26958969472257,1002.1769497218528,457.3126163999392,10.149074669759935,1138.7009637982806,True,1002.080605426432,447.1639990345489,GNSS + DR
91.1,1003.3483625232394,447.16399903454953,9.84413687266885,0.4588043892210292,-0.6154732294687815,0.1013631344815355,20.004016942548407,85.0095916808264,1004.5394624232858,448.6530281375717,20.004030318724425,85.00960306735027,1,-0.5530925306078034,1.0193654443279074,0.0750440862940937,0.0999999999999943,26.28755512444249,1002.9632136550132,447.5999726834305,9.90207753866916,26.8620065795936,1003.060311432672,457.760035089398,10.160526367840411,1139.6853774855474,True,1002.9632136550132,447.5999726834305,GNSS + DR
91.2,1004.2309707518206,447.5999726834312,9.782520376034505,0.4689407026691828,-0.6165523759051528,0.1018604879954586,20.00402085896633,85.00960011827121,1005.8977170177708,450.333686817138,20.00404541633822,85.00961605181811,1,-0.5952611040162127,1.0900642424169973,0.1106889450841101,0.1000000000000085,26.868323104843395,1003.8358609680138,448.0420854701585,9.843632017807508,27.505008811528736,1003.9334125181146,458.2146397611945,10.173022024403684,1140.663629523151,True,1003.8358609680138,448.0420854701585,GNSS + DR
91.3,1005.103618064821,448.0420854701591,9.72082639748782,0.4791267514687287,-0.617020311615537,0.1021137534005996,20.004024830533066,85.00960846049293,1003.2371149640584,448.63782133220366,20.00403018211937,85.00959061733627,1,-0.5801091403418219,0.9851956259346129,0.1328169732100456,0.0999999999999943,27.45194071097167,1004.6984849955572,448.49021987589583,9.758383043482734,27.9817275040739,1004.7951726602364,458.67249328982905,10.182732461407024,1141.6357121628998,True,1004.6984849955572,448.49021987589583,GNSS + DR
91.4,1005.9662420923644,448.4902198758965,9.659116313711396,0.4893381268087886,-0.6168723286296629,0.1021224720457346,20.004028856192928,85.00961670689533,1008.9284575275036,449.95837169271175,20.00404204482509,85.00964502470204,1,-0.5324995976222396,1.0209775243422643,0.0920387381724162,0.1000000000000085,28.037009420981068,1005.5510412560452,448.94423871066056,9.728864416612325,28.61041701182183,1005.6492657071376,459.1383613994949,10.194595893795864,1142.601623794271,True,1005.5510412560452,448.94423871066056,GNSS + DR
91.5,1006.8187983528524,448.9442387106612,9.597451931761888,0.4995503740133621,-0.6161045306421187,0.101888137090707,20.00403293471351,85.00962485705318,1010.2913216269158,448.1666109327159,20.00402594916433,85.00965805323524,1,-0.5429469937069117,1.0555978878274417,0.1044744425436934,0.0999999999999943,28.62212808514741,1006.3935037010576,449.40398632029866,9.670602086922312,29.083246696250143,1006.4943935397972,459.6084298984389,10.204942307480694,1143.561368987447,True,1006.3935037010576,449.40398632029866,GNSS + DR
91.6,1007.6612607978652,449.4039863202993,9.535895407582972,0.5097391877224328,-0.6147138388688234,0.1014141689992194,20.00403706469656,85.00963291071747,1011.9701660675548,449.5920812300094,20.00403875438188,85.00967410243672,1,-0.5927998890208857,1.0375307828427804,0.1063350590979722,0.0999999999999943,29.205904108922187,1007.2258651205142,449.8692899627129,9.614621442714238,29.71530885440769,1007.3294225485836,460.0850177805262,10.216252688170565,1144.5149585282054,True,1007.2258651205142,449.8692899627129,GNSS + DR
91.7,1008.4936222173216,449.8692899627136,9.474509163988122,0.5198806046223547,-0.6126979967911783,0.100705871310616,20.004041244590294,85.00964086781929,1010.0818624386987,450.1918925028745,20.00404414257822,85.00965605087418,1,-0.6161977516350894,0.9761580672238068,0.1010800431700503,0.1000000000000085,29.786964495570363,1008.0481373994148,450.3399613324991,9.535097432130636,30.303094622578406,1008.1526526337832,460.56613425002655,10.226706995577151,1145.4624094446042,True,1008.0481373994148,450.3399613324991,GNSS + DR
91.8,1009.3158944962224,450.3399613324997,9.413355808224736,0.5299511917534163,-0.6100555737806168,0.099770367192172,20.004045472703147,85.00964872847221,1013.4061806324794,450.98525573995687,20.00405126948144,85.00968783026434,1,-0.5232918371979574,0.954728671454514,0.1151341096177618,0.0999999999999943,30.363966635398956,1008.8603516200068,450.8157982116821,9.49062438246645,30.896231355771807,1008.9670418613414,461.0534633972442,10.238221098377638,1146.4037450254266,True,1008.8603516200068,450.8157982116821,GNSS + DR
91.9,1010.1281087168144,450.8157982116828,9.352498049232,0.5399282284726336,-0.6067859675984533,0.0986165174807685,20.00404974721856,85.00965649297342,1004.485713432892,453.1334176344311,20.004070566748062,85.00960255352757,1,-0.53809140855296,0.8653700142348948,0.1083410276243215,0.1000000000000085,30.935608731457148,1009.6625580058892,451.2965862232405,9.36488208067252,31.55148970259456,1009.7650892695556,461.5434945167577,10.247421248088749,1147.3389948303497,True,1009.6625580058892,451.2965862232405,GNSS + DR
92.0,1010.9303151026968,451.2965862232411,9.291998614705046,0.5497898802207104,-0.6028894057683232,0.0972548211223804,20.004054066210752,85.009664161803,1009.9765954568114,452.9620232690756,20.004069027086285,85.00965504455641,1,-0.6532022466830922,0.8808794135092867,0.1037778248478536,0.0999999999999943,31.500639755649765,1010.4548257073628,451.7821006635597,9.335640483732478,32.08391160794149,1010.556071109858,462.0393670414318,10.2577660422799,1148.2681946918203,True,1010.4548257073628,451.7821006635597,GNSS + DR
92.1,1011.7225828041704,451.7821006635603,9.231920168078334,0.5595153623329484,-0.5983669458183005,0.0956972991073857,20.00405842766117,85.00967173562204,1009.1215670352002,451.9147516722609,20.004059619285464,85.00964687076551,1,-0.5840246427637146,0.9293877869888364,0.1086700247190785,0.0999999999999943,32.057868834410975,1011.2372424301268,452.2721083898634,9.264580062951866,32.564501384846004,1011.3368769844656,462.53803188238896,10.266406976094755,1149.1913867086284,True,1011.2372424301268,452.2721083898634,GNSS + DR
92.2,1012.5049995269342,452.272108389864,9.172325225541384,0.569085092243687,-0.5932204743933234,0.0939573631772391,20.00406282947548,85.00967921526895,1012.8626771103164,449.8447304350409,20.004041023968306,85.00968263454918,1,-0.5549447012924852,0.8849133829488323,0.0991248702679565,0.1000000000000085,32.60617396937641,1012.0099139121792,452.7663697390036,9.224709742763933,32.98480507163525,1012.1106594540496,463.0402403930168,10.274364597365633,1150.1086192311825,True,1012.0099139121792,452.7663697390036,GNSS + DR
92.3,1013.2776710089868,452.7663697390042,9.11327607319967,0.5784808285614109,-0.5874527052379186,0.092049670741589,20.00406726950072,85.00968660175455,1011.5633233513964,452.9693835131923,20.00406909320448,85.00967021315397,1,-0.518511219381867,0.8726204158435422,0.1288483156298241,0.0999999999999943,33.14451000579977,1012.7729632564016,453.26464045472494,9.151847088815735,33.65466069450918,1012.872452727301,463.547422865308,10.283263696814192,1151.0199468385026,True,1012.7729632564016,453.26464045472494,GNSS + DR
92.4,1014.0407203532088,453.2646404547256,9.054834684493802,0.5876857956355698,-0.581067176053045,0.0899899675927088,20.00407174554272,85.00969389625568,1013.5422468273596,453.1805871000384,20.00407099047858,85.00968913101248,1,-0.5055621013060565,0.8968069602966362,0.0965034369292762,0.1000000000000085,33.67191576970596,1013.52653012873,453.76667360160303,9.101511527654807,34.1677131019716,1013.6255092281572,464.0585794239071,10.292381761152242,1151.925430306952,True,1013.52653012873,453.76667360160303,GNSS + DR
92.5,1014.7942872255372,453.7666736016036,8.99706263798906,0.5966847923948406,-0.5740682442303413,0.0877949201344928,20.004076255383204,85.00970110010749,1020.4408118661496,454.3462183410432,20.004081461522176,85.00975507902864,1,-0.5298729441715676,0.7605302402941656,0.0947477411193899,0.0999999999999943,34.18752030386409,1014.2707698340038,454.2722214452469,9.084706135593144,34.71649754083607,1014.3722539854454,464.57596817829136,10.304246492185566,1152.8251365707508,True,1014.2707698340038,454.2722214452469,GNSS + DR
92.6,1015.5385269308111,454.27222144524745,8.940021035647733,0.6054642844082899,-0.5664610814695958,0.0854819389548866,20.00408079679676,85.00970821479466,1015.02936754155,460.89179736666864,20.004140261459,85.00970334739812,1,-0.507198704901653,0.7824013173130097,0.0733772584591539,0.0999999999999943,34.690548142503545,1015.0058522834504,454.7810372799982,8.986626639719326,35.5215269385746,1015.1036730846682,465.0980990861192,10.31752553766994,1153.7191386743154,True,1015.0058522834504,454.7810372799982,GNSS + DR
92.7,1016.273609380258,454.7810372799988,8.883770421695141,0.6140124783037786,-0.5582516672884363,0.0830689956621763,20.004085367567164,85.00971524194145,1017.5149863318284,453.2097189443751,20.00407125217439,85.00972710909743,1,-0.5250448271695286,0.7774014347941255,0.0826344923891421,0.1000000000000085,35.18032357517454,1015.7319608693122,455.2928771871877,8.942046268038947,35.60175765839335,1015.8307355784356,465.6186584436901,10.32625367692933,1154.607515716485,True,1015.7319608693122,455.2928771871877,GNSS + DR
92.8,1016.9997179661196,455.29287718718825,8.828370702190046,0.6223193778699962,-0.5494467814298876,0.0805744349761477,20.00408996550328,85.00972218330107,1016.302909976347,456.55974424456434,20.004101345963686,85.00971552204552,1,-0.5531393658389155,0.7061329842102141,0.0970482117941458,0.0999999999999943,35.65627386115787,1016.4492912632928,455.8075017089745,8.873725315591562,36.21961721402668,1016.5466305119232,466.14299083251615,10.335947482073037,1155.490352786704,True,1016.4492912632928,455.8075017089745,GNSS + DR
92.9,1017.7170483601004,455.807501708975,8.773881065409164,0.630376821367611,-0.5400539951808447,0.0780167841139137,20.004094588454016,85.00972904074405,1017.944188223971,459.0128879107079,20.00412338292818,85.00973121212655,1,-0.5231172147329074,0.786083840617553,0.069662215610315,0.1000000000000085,36.11793136723632,1017.158050156308,456.3246774248311,8.8253953311683,36.77820067732296,1017.2535086910494,466.6713839318177,10.347146847009276,1156.3677408932454,True,1017.158050156308,456.3246774248311,GNSS + DR
93.0,1018.4258072531152,456.3246774248315,8.720359903153877,0.6381784997790023,-0.5300816616124493,0.0754145615366851,20.00409923432252,85.00973581624629,1018.4438572944237,456.6186831671297,20.00410187542104,85.00973598879877,1,-0.4991321022804438,0.7330714586190973,0.0588389897936656,0.0999999999999943,36.564934613327374,1017.8584539574376,456.8441784197946,8.7704802367626,37.07963490044228,1017.9532160971344,467.2001776361147,10.356432765752013,1157.2397768835604,True,1017.8584539574376,456.8441784197946,GNSS + DR
93.1,1019.1262110542452,456.8441784197951,8.667864733086674,0.6457199559326708,-0.5195389047541799,0.0727860871276727,20.00410390107936,85.00974251187661,1020.4711832521648,463.8577137773116,20.004166904739428,85.0097553693691,1,-0.4912728672551093,0.6754066240277663,0.0781092418395485,0.0999999999999943,36.99702822231554,1018.5507274700462,457.3657876356368,8.726831214406138,37.84770499019137,1018.6423254601084,467.7356252211394,10.370242125499606,1158.1065633568692,True,1018.5507274700462,457.3657876356368,GNSS + DR
93.2,1019.8184845668536,457.3657876356373,8.616452122203041,0.6529985646454382,-0.5084356077189778,0.0701492958525772,20.004108586774663,85.00974912978403,1023.3144071734952,456.23166976044286,20.004098398820453,85.00978254965602,1,-0.5727142529411513,0.7241496380864172,0.0888567409273269,0.1000000000000085,37.41406178228426,1019.2351025627198,457.88929809806353,8.689758272913986,37.85735588852454,1019.3284175615656,468.2689137141104,10.38003506862536,1158.9682085690895,True,1019.2351025627198,457.88929809806353,GNSS + DR
93.3,1020.5028596595272,457.889298098064,8.566177611542878,0.6600134942306959,-0.4967823997935561,0.0675215569129778,20.004113289549164,85.00975567218515,1025.4450416523373,458.8615657650241,20.00412202357822,85.0098029178219,1,-0.4866565665400276,0.5334568851439616,0.072945369199939,0.0999999999999943,37.81598764110098,1019.9118168520712,458.4145140149135,8.649125491494946,38.36460102444899,1020.0065756594614,468.80573334111216,10.391651375827744,1159.8248263302437,True,1019.9118168520712,458.4145140149135,GNSS + DR
93.4,1021.1795739488788,458.414514014914,8.51709564224433,0.6667656499219937,-0.4845906425119306,0.0649195003398726,20.004118007644017,85.00976214135152,1022.1084341946062,456.0180967802351,20.00409648026173,85.00977102095041,1,-0.451780359857473,0.5825392793861246,0.0665582543136092,0.1000000000000085,38.20285766482759,1020.5811124135412,458.94125174204936,8.573288043882513,38.58303680309364,1020.6767539978608,469.3404048978404,10.3995929569503,1160.6765358944683,True,1020.5811124135412,458.94125174204936,GNSS + DR
93.5,1021.8488695103484,458.9412517420498,8.469259483040492,0.673257599955981,-0.4718724147316422,0.0623588528902405,20.004122739409528,85.00976853959727,1023.6175101684552,457.8866775366199,20.004113266008257,85.0097854472211,1,-0.4559409143269272,0.5764501546388998,0.0487739735128307,0.0999999999999943,38.57481900258487,1021.243234535174,459.469340615209,8.531050420761204,39.02209029231337,1021.3395340949374,469.8775368702037,10.408641740769754,1161.5234618427723,True,1021.243234535174,459.469340615209,GNSS + DR
93.6,1022.5109916319813,459.4693406152096,8.422721159298002,0.6794934852450051,-0.4586404967321478,0.0598542850048647,20.00412748331259,85.0097748692673,1019.0583981044246,460.2161423463995,20.004134191946683,85.00974186360708,1,-0.440981686507727,0.4884082004454312,0.0693768262318866,0.0999999999999943,38.93210891117367,1021.8984305279872,459.9986236475031,8.449703869114291,39.46944899773317,1021.9918205109276,470.4146563971916,10.416451407821045,1162.3657339587023,True,1021.8984305279872,459.9986236475031,GNSS + DR
93.7,1023.1661876247944,459.9986236475036,8.377531383694063,0.6854789137454915,-0.4449083533578513,0.0574192704617905,20.004132237942965,85.00978113272582,1022.9025573975476,462.5375358344268,20.00415504537919,85.00977861250742,1,-0.3905087848176218,0.5260674674133545,0.069032021550621,0.1000000000000085,39.275048702828855,1022.5469486050268,460.5289580934903,8.42577384884575,39.90199431217501,1022.6381977055852,470.95514984927553,10.42659105013506,1163.2034870970717,True,1022.5469486050268,460.5289580934903,GNSS + DR
93.8,1023.814705701834,460.5289580934908,8.333739488626431,0.6912208407916706,-0.4306901162279875,0.0550659602181623,20.00413700201835,85.00978733234565,1026.6355740964848,461.4862425955615,20.004145601451345,85.00981429892107,1,-0.4546379755804191,0.433576242459838,0.0422486352271513,0.0999999999999943,39.604036888846935,1023.1890368395726,461.0602158818575,8.402545277924103,40.15190111395047,1023.2804358438136,471.4969596362679,10.437143956715426,1164.0368610459343,True,1023.1890368395726,461.0602158818575,GNSS + DR
93.9,1024.45679393638,461.060215881858,8.291393360448465,0.6967274368134868,-0.4160005650383169,0.0528050717752735,20.004141774388263,85.0097934704983,1027.0546998516313,464.83756042986215,20.00417570685167,85.00981830562564,1,-0.4674026757358774,0.5023554874292203,0.0691503962622457,0.1000000000000085,39.91954160038053,1023.8249422112472,461.5922839196612,8.358712733216809,40.60840882778074,1023.9150090784166,472.0410162468241,10.449120502954369,1164.8660003819791,True,1023.8249422112472,461.5922839196612,GNSS + DR
94.0,1025.0926993080543,461.5922839196616,8.250539375618768,0.7020079439910142,-0.4008551079794031,0.0506457952292579,20.004146554036765,85.00979954954481,1025.7275285064395,461.3073879878836,20.004143994773067,85.00980561830345,1,-0.3882635975212368,0.5007468661549632,0.063302750488179,0.0999999999999943,40.22209237534139,1024.4549097470554,462.1250642718836,8.304771570274669,40.70784757875249,1024.5445481463094,472.5826553059226,10.457975199713983,1165.691054319541,True,1024.4549097470554,462.1250642718836,GNSS + DR
94.1,1025.7226668438625,462.12506427188407,8.211222338852584,0.70707252351394,-0.3852697612984013,0.0485957169848183,20.0041513400841,85.00980557182756,1028.3818487225662,461.12855868236704,20.004142388322084,85.00983099273299,1,-0.3170640410233117,0.4426469069347151,0.0649188764102918,0.0999999999999943,40.51227140701342,1025.079181762655,462.6584742207221,8.278950218043944,40.96244612753757,1025.1697243166802,473.1253936619734,10.467311046478722,1166.5121765534263,True,1025.079181762655,462.6584742207221,GNSS + DR
94.2,1026.3469388594622,462.65847422072255,8.173485423359088,0.7119320952124218,-0.3692611280324875,0.0466607619137646,20.0041561317872,85.009811539663,1027.8192389864437,470.7704295425607,20.004229002721697,85.00982561436868,1,-0.2548834760581556,0.3187411665917367,0.057496012832098,0.1000000000000085,40.79070435557765,1025.697997207494,463.19244620958256,8.233300757538965,41.69630212166956,1025.7844893354916,473.6730581443776,10.48096882048476,1167.3295250957624,True,1025.697997207494,463.19244620958256,GNSS + DR
94.3,1026.9657543043008,463.1924462095831,8.137370113246087,0.7165981714037983,-0.3528463759422884,0.0448451545360704,20.00416092853919,85.00981745533542,1030.5666730790788,464.37515915790914,20.00417155303037,85.00985187893629,1,-0.2837399639875513,0.3465819441874204,0.0563819816241836,0.0999999999999943,41.05805082823,1026.3115911158409,463.7269276772117,8.211376238411274,41.61718647564631,1026.398370924063,474.2184171018542,10.491848315835524,1168.143262107087,True,1026.3115911158409,463.7269276772117,GNSS + DR
94.4,1027.5793482126478,463.72692767721225,8.10291614817063,0.7210826868574054,-0.3360432146761027,0.0431513995909094,20.004165729867903,85.00982332109167,1028.4474256835192,461.5684830392766,20.00414634022982,85.00983161962719,1,-0.3794564026695451,0.4078876727220015,0.0533586085779268,0.1000000000000085,41.314994636882886,1026.9201941642518,464.26188078778114,8.158703331309773,41.70707240498611,1027.0074638676576,474.7612340015053,10.499715896521822,1168.9535537219042,True,1026.9201941642518,464.26188078778114,GNSS + DR
94.5,1028.1879512610583,464.2618807877817,8.070161470310866,0.7253978268164963,-0.3188698721954885,0.041580282150959,20.004170535433456,85.00982913913693,1027.1208563143457,462.1790895010374,20.004151825400992,85.0098189380597,1,-0.3004882341643271,0.366619523114943,0.055265005365971,0.0999999999999943,41.56223394454705,1027.5240323346263,464.7972820630577,8.113047503999447,41.95809438020984,1027.6107776829126,475.3036617278837,10.50673776283199,1169.7605698689354,True,1027.5240323346263,464.7972820630577,GNSS + DR
94.6,1028.791789431433,464.7972820630582,8.039142173731532,0.7295558550315923,-0.3013450704942322,0.0401308872175948,20.004175345024944,85.00983491163153,1029.799313202232,461.9692423194642,20.004149940311688,85.00984454322789,1,-0.2585133514401557,0.2179177770156062,0.0269433095263556,0.0999999999999943,41.80047141236836,1028.1233266807735,465.333121923063,8.095858998870193,42.15906942518866,1028.2109109728544,475.84704866515705,10.51429153801337,1170.5644840863083,True,1028.1233266807735,465.333121923063,GNSS + DR
94.7,1029.3910837775802,465.3331219230636,8.00989245621202,0.7335689437533518,-0.2834880006444207,0.0388006385197025,20.004180158556306,85.00984064068865,1020.599300650022,468.142829990634,20.00420539859332,85.00975659412936,1,-0.244608444798241,0.4029304609685873,0.0287900441834874,0.1000000000000085,42.03040445893673,1028.7182931952996,465.86940414185614,8.001280568694964,42.67088986231525,1028.799212368898,476.3893644170979,10.520271484392444,1171.3654733319297,True,1028.7182931952996,465.86940414185614,GNSS + DR
94.8,1029.9860502921065,465.8694041418567,7.982444573602648,0.7374490076053221,-0.2653182972030166,0.0375853560271751,20.00418497606144,85.00984632837314,1031.1347075012611,464.77627226317696,20.0041751562907,85.00985730915882,1,-0.2083530695558728,0.3368558465787393,0.0352252770252774,0.0999999999999943,42.25271574189591,1029.309142772671,466.4061452252718,8.040102288330349,42.69805914796192,1029.3901096902266,476.9345917125581,10.528757812647704,1172.1637177892899,True,1029.309142772671,466.4061452252718,GNSS + DR
94.9,1030.5768998694778,466.4061452252725,7.956828796771417,0.7412075432080396,-0.2468560120142005,0.0364793314839643,20.004189797688632,85.00985197670106,1019.6316613938334,466.7882326522419,20.004193230038386,85.00974734381586,1,-0.2627084593372385,0.2793060620385756,0.0401811297672388,0.1000000000000085,42.46806396908128,1029.896081263498,466.9433737176262,7.933860540267122,42.98716834042976,1029.970476682302,477.4755497379477,10.53243876798606,1172.9594006689672,True,1029.896081263498,466.9433737176262,GNSS + DR
95.0,1031.1638383603045,466.94337371762674,7.933073371199808,0.744855476356436,-0.2281215874429421,0.0354754210671565,20.00419462369429,85.00985758764025,1025.9934481380883,466.7528476943119,20.004192912169906,85.0098081604078,1,-0.1948744330654049,0.3611768980782937,0.0443567903002383,0.0999999999999943,42.67707514243026,1030.4793096143928,467.4811294445512,7.948604103051699,43.16754884126452,1030.550213069747,478.0193408678337,10.538449947776046,1173.752708006087,True,1030.4793096143928,467.4811294445512,GNSS + DR
95.1,1031.7470667111995,467.4811294445519,7.911204479282828,0.7484030184631517,-0.2091358290760903,0.0345651540900681,20.004199454436176,85.00986316311175,1033.1023725140224,469.67560666837466,20.00421916776048,85.00987611939011,1,-0.1581196875872838,0.2695750012191034,0.0428119706223566,0.0999999999999943,42.88033433279002,1031.059024087221,468.0194626992589,7.970239851301648,43.49005819398116,1031.128449030593,478.5678756492809,10.54864140953488,1174.5438284540155,True,1031.059024087221,468.0194626992589,GNSS + DR
95.2,1032.3267811840274,468.0194626992595,7.89124620538459,0.7518595338721585,-0.18991987792905,0.0337388564908996,20.004204290366083,85.00986870499172,1033.7593691958275,465.47923042060745,20.00418147107127,85.00988240006262,1,-0.1186363302638671,0.2618190173776162,0.0499099146054599,0.1000000000000085,43.078378077548045,1031.635416551108,468.5584333796432,7.950796792129926,43.45136646361544,1031.70564379885,479.11468264977935,10.55648286692001,1175.3329530745539,True,1031.635416551108,468.5584333796432,GNSS + DR
95.3,1032.9031736479146,468.55843337964376,7.873220503697018,0.7552334195212485,-0.1704951821947631,0.0329857876859639,20.00420913202208,85.00987421511438,1029.4158873074948,465.33171652121473,20.004180145931365,85.00984087780226,1,-0.1807810905254027,0.3076220124904298,0.0494707406717674,0.0999999999999943,43.271687485800655,1032.2086748402526,469.0981100837219,7.899971928094219,43.6103516428792,1032.2776390984588,479.6595835048642,10.561698579982536,1176.1202751249236,True,1032.2086748402526,469.0981100837219,GNSS + DR
95.4,1033.4764319370593,469.0981100837225,7.857147168945637,0.7585319982898449,-0.150883468574241,0.0322942892197343,20.0042139800204,85.00987969527536,1031.3401258114225,469.7710020052673,20.004220024711376,85.0098592728904,1,-0.1381413119363859,0.3727929060780621,0.0285704381367964,0.1000000000000085,43.46068212763269,1032.7789831703217,469.6385691709788,7.892905128108058,43.994326723709925,1032.845461465522,480.20781454473337,10.569454438823438,1176.9059898418182,True,1032.7789831703217,469.6385691709788,GNSS + DR
95.5,1034.0467402671284,469.6385691709794,7.84304380998217,0.7617614272118183,-0.1311067132278598,0.0316519435144825,20.004218835046984,85.00988514723569,1038.1583632329707,471.4414470250791,20.0042350305743,85.0099244530009,1,-0.2362975972315268,0.3594269385538118,0.0390377046149872,0.0999999999999943,43.64571477509925,1033.346522606048,470.1798937971952,7.920454629754452,44.23585866780424,1033.412941561589,480.7603562680337,10.580670941602746,1177.6902942228162,True,1033.346522606048,470.1798937971952,GNSS + DR
95.6,1034.614279702855,470.1798937971958,7.830925826300065,0.7649266215632665,-0.1111871123861751,0.0310457409115985,20.00422369784884,85.0098905727263,1033.1621893081367,471.1774907364887,20.00423265941461,85.00987669121902,1,-0.1122602107650638,0.2911024692464631,0.0275674254343801,0.0999999999999943,43.82706705277588,1033.9114715725127,470.72217293035504,7.871245223668612,44.37694689974053,1033.9755420672063,481.31085212159695,10.588873029899345,1178.4733868054461,True,1033.9114715725127,470.72217293035504,GNSS + DR
95.7,1035.1792286693194,470.7221729303556,7.820806387504935,0.7680311956544263,-0.0911470526612223,0.0304622531059424,20.004228569225173,85.00989597345288,1041.9079896065284,468.29381174306366,20.00420675488548,85.00996029819758,1,-0.0873677973097745,0.2913586666112625,0.0335797827224067,0.1000000000000085,44.004946045385005,1034.4740064025175,471.2655003551551,7.915664793752994,44.3835279860204,1034.541253888546,481.8645195546896,10.599232529597453,1179.2554674441967,True,1034.4740064025175,471.2655003551551,GNSS + DR
95.8,1035.7417634993242,471.26550035515567,7.812696415767821,0.7710774209650206,-0.0710090810983476,0.0298878110048068,20.00423345001847,85.0099013511011,1035.7360039397952,473.29795488142986,20.004251707868125,85.00990129604162,1,-0.0919883065067198,0.3030793405166418,0.0381057246952918,0.0999999999999943,44.17948189912799,1035.0343019123995,471.8099736735607,7.862658018704294,44.78110462544169,1035.0993477738928,482.41836531510427,10.608591055577074,1180.0367370857734,True,1035.0343019123995,471.8099736735607,GNSS + DR
95.9,1036.3020590092062,471.8099736735613,7.806604571285265,0.7740662020655014,-0.0507958750092685,0.0293086849950363,20.00423834110551,85.00990670734217,1037.52616753985,469.5783908922744,20.004218294456308,85.00991840941771,1,-0.0125152674976359,0.1959521304921434,0.0002215642303194,0.1000000000000085,44.35072644207399,1035.5925319986045,472.3556933087031,7.864765294822891,44.739147303009645,1035.6579967709367,482.9719505655656,10.61645909803748,1180.8173975429022,True,1035.5925319986045,472.3556933087031,GNSS + DR
96.0,1036.860289095411,472.3556933087037,7.802537240765967,0.776997070565005,-0.030530211627795,0.0287112655760363,20.0042432433884,85.00991204383847,1041.710912290907,470.7910773743446,20.004229188204324,85.00995841420317,1,-0.0033274832300584,0.2862281357441444,0.0578237059724331,0.0999999999999943,44.518652837403394,1036.14887024731,472.9027615192239,7.884874728735939,44.94042204068544,1036.2161210610743,483.52891535048207,10.626366637638434,1181.5976512669786,True,1036.14887024731,472.9027615192239,GNSS + DR
96.1,1037.4166273441167,472.90276151922455,7.800498528959706,0.7798681971226087,-0.0102349376294696,0.0280822423131566,20.00424815778575,85.00991736224941,1037.8097086926969,470.07090094505855,20.00422271874939,85.009921119978,1,-0.0931956315083502,0.2123518164464922,0.0387463290871314,0.0999999999999943,44.68315627160201,1036.703490549378,473.4512814309289,7.853119071283575,45.04156324289371,1036.7710174671413,484.0846174019551,10.633550383448728,1182.3777011198745,True,1036.703490549378,473.4512814309289,GNSS + DR
96.2,1037.9712476461848,473.4512814309296,7.800490253240073,0.7826764213539243,0.0100670614434106,0.0274087790852286,20.004253085223954,85.00992266423735,1034.9642157041123,477.35475647688565,20.004288150736905,85.00989391799955,1,0.0508424599084984,0.2597258174473653,0.0264517463310945,0.1000000000000085,44.844055667982765,1037.2565677128905,474.001356092325,7.830443373626257,45.53922942028057,1037.3194779691323,484.6434997795904,10.642329630336668,1183.1577501451986,True,1037.2565677128905,474.001356092325,GNSS + DR
96.3,1038.5243248096972,474.0013560923256,7.802511941248387,0.7854172992624472,0.030352891809704,0.0266786836416887,20.00425802662871,85.00992795147339,1038.1951424546144,475.90162071540766,20.00427509699626,85.00992480459819,1,0.0139366852702526,0.2267873663106978,0.050952381193991,0.0999999999999943,45.00109640430177,1037.8082780655272,474.5530875602754,7.8503173922145,45.59610963545588,1037.8687739807594,485.2043462141834,10.651430451737893,1183.9380013393236,True,1037.8082780655272,474.5530875602754,GNSS + DR
96.4,1039.076035162334,474.553087560276,7.806560831602014,0.7880851676266161,0.0505996820883991,0.0258805695482708,20.004262982916813,85.00993322564317,1038.9692029537637,476.3680676873127,20.0042792871607,85.00993220436234,1,0.1048841300479249,0.2570986568907938,0.0274062578434089,0.1000000000000085,45.15395400186512,1038.3588000390384,475.10657602163343,7.855848616878212,45.74470300821695,1038.4169996233595,485.7670114963084,10.66059434090442,1184.7186574224838,True,1038.3588000390384,475.10657602163343,GNSS + DR
96.5,1039.6265571358451,475.10657602163405,7.812631877666068,0.7906732245814432,0.0707846139069268,0.0250040086849869,20.00426795498825,85.00993848845243,1035.5323321792405,478.8482102850614,20.00430156666072,85.00989934900647,1,0.0366920515204935,0.2312522885720909,0.0313292025432674,0.0999999999999943,45.30223874251619,1038.9083147280817,475.6619189563008,7.835337044622037,45.98932045568756,1038.9613929164875,486.3305370134106,10.668750092797856,1185.4999206102505,True,1038.9083147280817,475.6619189563008,GNSS + DR
96.6,1040.1760718248884,475.6619189563015,7.820717754383399,0.7931736254499419,0.0908849524371246,0.0240396725651203,20.00427294371872,85.00994374163238,1039.408575610866,484.0998667010176,20.004348743092976,85.00993640462065,1,0.1223852793636716,0.064355980498535,0.024168514461144,0.0999999999999943,45.44550115937201,1039.457006415738,476.2192103467186,7.865601112956582,46.36739854660782,1039.5041441603469,486.8998329785909,10.68072664997226,1186.2819923856887,True,1039.457006415738,476.2192103467186,GNSS + DR
96.7,1040.724763512545,476.21921034671936,7.830808868153493,0.7955775927064539,0.11087807681732,0.0229794608680683,20.004277949952456,85.00994898694472,1038.4981872305527,471.0915320349889,20.004231887234464,85.00992770160671,1,0.1267199103729948,0.2188923515363144,0.0444993792425016,0.1000000000000085,45.5832383372578,1040.0050630580977,476.7785399383381,7.865965026273544,45.82685442167127,1040.052267423854,487.4640093215438,10.685573648221904,1187.0650732725042,True,1040.0050630580977,476.7785399383381,GNSS + DR
96.8,1041.2728201549046,476.7785399383387,7.842893369746863,0.7978755387932607,0.1307415104188525,0.021816615720721,20.004282974495663,85.00995422618622,1044.0458934264668,474.5634101957074,20.004263075646627,85.00998073585598,1,0.175896604666369,0.2332130384013213,0.0257667686576622,0.0999999999999943,45.714900949580425,1040.5526767204256,477.3399925551491,7.911380524890611,46.10414446244886,1040.600802759752,488.03410440428655,10.694220137884002,1187.8493626094787,True,1040.5526767204256,477.3399925551491,GNSS + DR
96.9,1041.8204338172325,477.3399925551498,7.856957170237264,0.8000572003653328,0.1504529509158114,0.0205458204201142,20.004288018110337,85.00995946119299,1041.9242694397883,475.49146730262623,20.004271412525465,85.00996045382745,1,0.1866878147983788,0.2137240484851462,0.0270406614275093,0.1000000000000085,45.83990094998603,1041.1000439576096,477.9036474738778,7.907649407720969,46.247474687359855,1041.147652216357,488.60530039811465,10.701758820732593,1188.6350583265025,True,1041.1000439576096,477.9036474738778,GNSS + DR
97.0,1042.3678010544163,477.9036474738785,7.872983959930026,0.8021117824073443,0.1699903001172265,0.0191632814625789,20.00429308150862,85.00996469384401,1041.5194138069735,475.3511886067304,20.0042701523805,85.00995658354056,1,0.1872320913661537,0.1757429102640796,0.0362011029928334,0.0999999999999943,45.95761982965666,1041.6473661318366,478.46957785999655,7.917328044947074,46.32999688629926,1041.6943467351432,489.1779835014468,10.708508699110768,1189.4223567224956,True,1041.6473661318366,478.46957785999655,GNSS + DR
97.1,1042.9151232286436,478.4695778599972,7.890955230260709,0.8040281105536021,0.1893316935207778,0.0176667929296663,20.00429816534778,85.00996992606424,1042.5965774367758,475.23682811718606,20.00426912506274,85.00996688087109,1,0.1425180778185656,0.2515159566668041,0.0285181875042771,0.0999999999999943,46.06741734459936,1042.1948496607888,479.0378502682533,7.938831591648257,46.4057798574588,1042.2417660790695,489.7529465718269,10.715199015658074,1190.2114522455217,True,1042.1948496607888,479.0378502682533,GNSS + DR
97.2,1043.4626067575955,479.037850268254,7.910850298634181,0.8057947898465687,0.2084555295479395,0.0160557824766911,20.00430327022568,85.00997515982698,1044.1319728128142,478.1388910760879,20.004295194737857,85.00998155874663,1,0.1645951313748879,0.1725835480566206,0.0205123018253504,0.1000000000000085,46.16864061183951,1042.742706190076,479.60852421000254,7.965312739002305,46.6236926522312,1042.7888134052257,490.3319122817328,10.723487194575016,1191.0025372753853,True,1042.742706190076,479.60852421000254,GNSS + DR
97.3,1044.010463286883,479.6085242100032,7.932646336170297,0.8074003680942379,0.2273404984205651,0.0143313383736897,20.00430839667692,85.00998039715547,1045.860905885952,475.9587130641349,20.004275609865555,85.009998086779,1,0.2281461514659542,0.1655691038521218,0.0304352480972643,0.0999999999999943,46.26063346910896,1043.2911526841572,480.1816517892357,7.994982620164093,46.57814291181555,1043.3383602348142,490.9125978705466,10.73104991847684,1191.7958019090024,True,1043.2911526841572,480.1816517892357,GNSS + DR
97.4,1044.558909780964,480.1816517892364,7.956318398318294,0.8088335019316069,0.2459656106394891,0.0124962172586709,20.00431354516956,85.00998564012384,1041.5597730949555,481.1867788918486,20.004322574379948,85.0099569693621,1,0.2755516164430098,0.1816484779870744,0.0428810495529504,0.1000000000000085,46.3427459894676,1043.840411430642,480.7572774088569,7.986324153744906,46.89300234459821,1043.8841160340423,491.495662483172,10.738474011545192,1192.5914337488343,True,1043.840411430642,480.7572774088569,GNSS + DR
97.5,1045.1081685274485,480.7572774088575,7.981839458298195,0.8100831236574739,0.2643102250267182,0.0105548324769465,20.00431871610248,85.00999089085707,1041.9834056295847,480.91237237314334,20.00432010934425,85.00996101915,1,0.2638978276667624,0.1323766283250494,0.0187289369649407,0.0999999999999943,46.41434404034763,1044.3907099536148,481.3354375484328,8.01100770564577,46.92209878856192,1044.4312615330375,492.08080712129856,10.7454460906964,1193.3896176946641,True,1044.3907099536148,481.3354375484328,GNSS + DR
97.6,1045.6584670504212,481.3354375484335,8.009180443323638,0.8111386069051686,0.2823540762924192,0.0085132230957151,20.004323909803382,85.00999615153022,1048.972504696629,482.7785235427244,20.00433687326543,85.01002783264173,1,0.3436146728213926,0.0532830522571429,0.0146808239744408,0.0999999999999943,46.47481877578729,1044.94228083249,481.9161606143721,8.08127402763169,47.04697307550184,1044.9819183667869,492.6722857350639,10.756198154836191,1194.1905357389965,True,1044.94228083249,481.9161606143721,GNSS + DR
97.7,1046.2100379292965,481.9161606143728,8.038310273556679,0.8119899292147401,0.300077302089754,0.0063790038975813,20.00432912652744,85.01000142436668,1044.9730273126822,483.4393459692875,20.00434280953429,85.00998959895144,1,0.3161162561291699,-0.0406404581239945,0.0130852747337722,0.1000000000000085,46.52359595113107,1045.495361423879,482.4994668632402,8.080063536112585,47.09975521887681,1045.5319476826703,493.264182701727,10.764778011538391,1194.9943667663522,True,1045.495361423879,482.4994668632402,GNSS + DR
97.8,1046.7631185206856,482.4994668632408,8.069195903741589,0.8126278296044982,0.3174604695200145,0.0041612968679334,20.00433436645663,85.01000671163548,1042.512592242895,484.3084874235208,20.00435061716481,85.00996607800023,1,0.299209833281039,0.0397222745400769,0.0222655918762485,0.0999999999999943,46.56014495121397,1046.050193485024,483.08536839870095,8.090859061889653,47.150595979227965,1046.0821857443589,493.8573589647913,10.772038073670007,1195.8012863567265,True,1046.050193485024,483.08536839870095,GNSS + DR
97.9,1047.3179505818305,483.0853683987015,8.101802367460682,0.8130439592912916,0.3344846010526403,0.0018706448968135,20.004339629699672,85.01001201564777,1048.6493887099798,481.9651415882298,20.004329566531016,85.010024743759,1,0.3505797864032449,0.0832028715477379,0.0008786675464843,0.1000000000000085,46.58398742599732,1046.6070226985253,483.6738692423755,8.160678621648344,47.02797608547374,1046.6384512025948,494.4544648981332,10.780641467176682,1196.6114665934726,True,1046.6070226985253,483.6738692423755,GNSS + DR
98.0,1047.8747797953315,483.673869242376,8.136092823952117,0.8132310237809729,0.3511311998242927,-0.0004810913862501,20.0043449162927,85.01001733875218,1049.2648892134298,490.037299450277,20.004402079958847,85.01003062774167,1,0.3924241916401204,0.0084309792537745,0.0017357330166332,0.0999999999999943,46.59470543175283,1047.1660980993336,484.2649654787114,8.195360220072772,47.41287694214788,1047.1930398489123,495.0578476330063,10.79291578093554,1197.4250758758678,True,1047.1660980993336,484.2649654787114,GNSS + DR
98.1,1048.4338551961405,484.264965478712,8.17202860742554,0.8131829146423479,0.367382274282253,-0.0028808525380839,20.004350226200533,85.0100226833294,1043.84170942437,484.9682588281583,20.00435654399218,85.00997878392397,1,0.4136265102234822,0.0465165092590902,-0.0132552820293503,0.0999999999999943,46.59194898115361,1047.7276714062928,484.85864547375655,8.191414302280407,47.12711364862592,1047.7503624925955,495.658167675612,10.79954604017062,1198.2422787366104,True,1047.7276714062928,484.85864547375655,GNSS + DR
98.2,1048.9954285030994,484.8586454737571,8.209569278808567,0.8128948293885395,0.3832203621399888,-0.0053145137062532,20.004355559318665,85.01002805178578,1049.6838736494904,479.2711912158827,20.00430536636308,85.01003463309529,1,0.5071393187396452,-0.0061934596586498,-0.0121531923326529,0.1000000000000085,46.575442911970434,1048.291996261866,485.4548901675006,8.264158913117841,46.79607019907672,1048.3161244174898,496.2605601305386,10.805696901079315,1199.0632356644912,True,1048.291996261866,485.4548901675006,GNSS + DR
98.3,1049.5597533586729,485.4548901675011,8.248672679853538,0.8123633780179143,0.3986285536101874,-0.0077670310680502,20.00436091547588,85.01003344654606,1051.7665026359575,482.4477629302024,20.004333901992293,85.01005454234442,1,0.3951830866100165,0.0303356065385094,-0.0079450310950299,0.0999999999999943,46.54499299141716,1048.8593273850595,486.0536734391852,8.313384341702106,46.89463662955223,1048.8842129855857,496.8675189190304,10.81387411407591,1199.8881029324764,True,1048.8593273850595,486.0536734391852,GNSS + DR
98.4,1050.1270844818664,486.0536734391857,8.289294989530605,0.8115866749111093,0.4135905138852003,-0.0102225997141209,20.004366294437528,85.01003887004528,1051.2502438369852,480.8321644721023,20.004319388824417,85.01004960707985,1,0.4399165808056803,-0.0694989799462731,-0.0057819696547252,0.1000000000000085,46.500491181462536,1049.4299196439213,486.6549625446595,8.34678271856473,46.739415733108366,1049.4562326378891,497.4753686824489,10.82043813162675,1200.7170324314297,True,1049.4299196439213,486.6549625446595,GNSS + DR
98.5,1050.6976767407275,486.65496254466,8.331390782630578,0.8105644149396971,0.4280905048339622,-0.0126648212581644,20.004371695909462,85.01004432471989,1052.5936211920118,486.70696643211386,20.004372163068336,85.01006244932617,1,0.4793967021749336,-0.0521348337655503,0.0100260119995367,0.0999999999999943,46.44191999953546,1050.0040270553263,487.2587186244623,8.394030412305806,46.94452019390816,1050.0292983100871,498.0887145889123,10.830025449015372,1201.5501715096927,True,1050.0040270553263,487.2587186244623,GNSS + DR
98.6,1051.2717841521328,487.25871862446274,8.374913090497397,0.8092979328138806,0.4421134058845677,-0.0150768793442876,20.004377119542607,85.01004981299819,1047.0589768578604,486.8933029523028,20.00437383695777,85.01000953994402,1,0.470942257924527,-0.0709733009575566,-0.0047169512950354,0.0999999999999943,46.36935591889742,1050.5819017210522,487.8648972808385,8.396827708535582,46.851085135289416,1050.6035547395447,498.7013292385044,10.836453590835571,1202.3876628187425,True,1050.5819017210522,487.8648972808385,GNSS + DR
98.7,1051.8496588178589,487.864897280839,8.419813463807492,0.8077902448794518,0.455644734066265,-0.0174417211337999,20.00438256493813,85.01005533729021,1052.8427792828472,486.4596201871406,20.00436994111921,85.01006483119569,1,0.4606138267668324,-0.0417759448027849,-0.0215625062356978,0.1000000000000085,46.28297176343185,1051.16379271032,488.4734492213187,8.476434266907416,46.712707908746935,1051.1847473205878,499.3183499533532,10.84492097635455,1203.2296441651233,True,1051.16379271032,488.4734492213187,GNSS + DR
98.8,1052.4315498071264,488.47344922131913,8.46604203731065,0.8060460727660719,0.4686706631818982,-0.0197422427844415,20.00438803165322,85.01006089997696,1051.5236905287152,494.5062275585207,20.00444222502308,85.01005222114041,1,0.4212078043646861,-0.2224705226405885,-0.0220220476380826,0.0999999999999943,46.18303806259076,1051.7499449000677,489.0843209658192,8.509989642121242,46.98467697945084,1051.76529364571,499.9405759584969,10.856265842822332,1204.0762483688545,True,1051.7499449000677,489.0843209658192,GNSS + DR
98.9,1053.017701996874,489.0843209658197,8.513547596443871,0.8040718484876277,0.4811780420850464,-0.0219614768879785,20.00439351920747,85.01006650339939,1051.5693315207,490.73126958805045,20.004408313998663,85.01005265745331,1,0.4856363141323957,-0.1798904925016656,-0.003213990055672,0.1000000000000085,46.06992334362365,1052.3405977851485,489.6974556134413,8.55389179326938,46.65227077473519,1052.352453626791,500.5626159931625,10.865166848145703,1204.9276031284987,True,1052.3405977851485,489.6974556134413,GNSS + DR
99.0,1053.608354881955,489.6974556134417,8.56227764572766,0.8018757007988299,0.4931544120374109,-0.0240827798073847,20.00439902708972,85.01007214984699,1056.220021710214,491.8757506977808,20.0044185950474,85.01009711652415,1,0.4694692914015209,-0.133777641922327,-0.0078166763210928,0.0999999999999943,45.944093349868126,1052.9359842714189,490.3127936642652,8.629688757916055,46.55300810408507,1052.945902815761,501.18914080567663,10.876351663954711,1205.7838308930714,True,1052.9359842714189,490.3127936642652,GNSS + DR
99.1,1054.203741368225,490.31279366426566,8.612178478851353,0.7994674228180914,0.5045880231221389,-0.0260900168526314,20.00440455476548,85.01007784154626,1058.641564900248,487.51957320043937,20.00437946283913,85.01012026568176,1,0.44825768906595,-0.117397057662169,-0.0208085177503893,0.0999999999999943,45.80610918567752,1053.5363294652536,490.9302738904712,8.691763969064839,46.166448162486205,1053.5478645848689,501.8161253648738,10.885857585957082,1206.6450487409566,True,1053.5363294652536,490.9302738904712,GNSS + DR
99.2,1054.80408656206,490.9302738904716,8.663195250352087,0.7968584211328282,0.5154678496916798,-0.0279677432545514,20.004410101684726,85.01008358064915,1060.1871967258612,487.93283921647856,20.00438317527092,85.0101350414144,1,0.5056839076081505,-0.2002864448937931,-0.0273930079099398,0.1000000000000085,45.656624400369424,1054.141849473408,491.5498342500667,8.749082651444095,46.00675266666977,1054.1555527568262,502.445553325868,10.895727692942632,1207.511368265992,True,1054.141849473408,491.5498342500667,GNSS + DR
99.3,1055.4096065702142,491.5498342500671,8.71527204878969,0.7940616468073731,0.5257836048280762,-0.0297013789390534,20.00441566729013,85.01008936922156,1059.354030184732,491.660250747358,20.004416659178403,85.01012707661589,1,0.5034290187897534,-0.2434908058991178,-0.013452050582007,0.0999999999999943,45.4963810352703,1054.7527502272906,492.1714128354039,8.791568206219807,46.00190186013484,1054.766245408757,503.0779860891906,10.906581602873525,1208.3828954708708,True,1054.7527502272906,492.1714128354039,GNSS + DR
99.4,1056.0205073240968,492.17141283540434,8.768351971317703,0.7910915089134678,0.5355257537968772,-0.0312773751686934,20.00442125102557,85.01009520923213,1055.6913047792063,492.690434254361,20.0044259134743,85.01009206216392,1,0.5947150810615246,-0.2063951157843339,-0.0362106464359402,0.1000000000000085,45.32620466937765,1055.369226345643,492.7949488475397,8.8161572876851,45.852155740325486,1055.3803015354065,503.7105849878118,10.9156417588084,1209.2597306680027,True,1055.369226345643,492.7949488475397,GNSS + DR
99.5,1056.6369834424493,492.7949488475401,8.822377199549065,0.7879637713965985,0.5446855264760497,-0.0326833712045794,20.004426852344867,85.01010110254137,1057.6951439315285,487.2260141461968,20.004376825753283,85.01011121820812,1,0.6047401183467644,-0.2149098951580961,-0.0237630672240042,0.0999999999999943,45.14699851023631,1055.9914600493105,493.4203835863668,8.879431602809593,45.36855177516914,1056.0041204623872,504.3424813418368,10.922105093163305,1210.1419683879578,True,1055.9914600493105,493.4203835863668,GNSS + DR
99.6,1057.2592171461165,493.4203835863672,8.877289076612913,0.7846954342761405,0.5532549287425947,-0.0339083392478233,20.00443247072072,85.01010705089122,1059.5596857614692,492.8794625178186,20.004427611544084,85.01012904261566,1,0.538060964263551,-0.2889972135441528,-0.00618174933889,0.0999999999999943,44.95973658720813,1056.6196201412567,494.04766144536,8.942625534048599,45.43269053378069,1056.6316662465158,504.9795777264165,10.931922917981016,1211.029697295619,True,1056.6196201412567,494.04766144536,GNSS + DR
99.7,1057.887377238063,494.04766144536046,8.933028185297584,0.7813046003513582,0.5612267528023107,-0.034942716045135,20.0044381056536,85.0101130558954,1058.2509110859614,494.08987769398095,20.004438484888613,85.0101165311596,1,0.5782153212741546,-0.2656289016931646,-0.0278891592226205,0.1000000000000085,44.76545611428832,1057.2538610642305,494.6767308987744,8.985451744283573,45.26756692671935,1057.2640595979442,505.617905290883,10.94117914525776,1211.9230001141489,True,1057.2538610642305,494.6767308987744,GNSS + DR
99.8,1058.5216181610365,494.6767308987748,8.989534427173375,0.7778103287468446,0.5685945864476682,-0.0357785196862964,20.004443756680647,85.01011911903032,1058.913910724771,494.0312834014614,20.004437958527127,85.01012286921839,1,0.5056824533420415,-0.2326058713526635,-0.0385346144789124,0.0999999999999943,44.56524909887729,1057.8943220475214,495.30754546824375,9.042149710931607,45.03297672401162,1057.9030680350672,506.2576497173805,10.950107741901892,1212.821953556866,True,1057.8943220475214,495.30754546824375,GNSS + DR
99.9,1059.162079144328,495.3075454682442,9.046747102587116,0.7742324767782149,0.575352821232098,-0.0364094502805905,20.00444942338434,85.01012524162698,1061.6333385399564,492.86737423120417,20.00442750295316,85.0101488660552,1,0.5806358237229633,-0.2048641391689996,-0.0273057632538751,0.1000000000000085,44.36025328135224,1058.541126353139,495.9400646550016,9.11322216522464,44.73824471950024,1058.5504073648829,506.89910117649606,10.959040451455111,1213.7266282671249,True,1058.541126353139,495.9400646550016,GNSS + DR
100.0,1059.8088834499451,495.940064655002,9.104604991419794,0.7705915317501559,0.5814966595491722,-0.0368309733730776,20.00445510540087,85.01013142486373,1059.6310355118674,494.3214591092385,20.004440565219863,85.01012972469584,1,0.6314457545842895,-0.2682012160496074,-0.0365310605632311,0.0999999999999943,44.15164249780531,1059.1943806304237,496.57425482341057,9.153419338499276,44.57071222051714,1059.2024831105798,507.5414780734482,10.967226243054853,1214.6370887662665,True,1059.1943806304237,496.57425482341057,GNSS + DR
100.1,1060.46213772723,496.574254823411,9.163046434496952,0.7669084344128482,0.5870221206065995,-0.0370403851479711,20.00446080242808,85.01013766976007,1058.274276918109,496.04367724269264,20.00445603616858,85.01011675452928,1,0.6582690150873047,-0.3071958242292313,-0.0459815435855053,0.0999999999999943,43.9406165648417,1059.854174386734,497.2100900211948,9.19846069576948,44.41408768580578,1059.8595297350644,508.1852222190289,10.975133504413092,1215.5533934097161,True,1059.854174386734,497.2100900211948,GNSS + DR
100.2,1061.1219314835405,497.2100900211952,9.222009415541114,0.763204395898051,0.5919260452881225,-0.037036858663283,20.004466514232845,85.0101439771717,1059.878512286033,497.4824900920254,20.00446896124432,85.01013209049253,1,0.5862736912035569,-0.3142580181167573,-0.025026498394562,0.1000000000000085,43.72839079078992,1060.520579580317,497.8475527217264,9.263719954224396,44.24201079433143,1060.5231819238434,508.8315432276863,10.983990814235488,1216.4755943512703,True,1060.520579580317,497.8475527217264,GNSS + DR
100.3,1061.7883366771234,497.8475527217268,9.281431643554576,0.7595007100317227,0.596206099895662,-0.0368214705661794,20.00447224065772,85.01015034778648,1063.6900678103248,499.6619274693785,20.004488539463384,85.01016852771156,1,0.678798842922038,-0.2838861342154704,-0.0206431265606822,0.0999999999999943,43.51618522200705,1061.1936503399545,498.48663447397786,9.344109851109252,44.10690395938964,1061.1941286650033,509.4818926411732,10.995258177599538,1217.4037375156258,True,1061.1936503399545,498.48663447397786,GNSS + DR
100.4,1062.461407436761,498.4866344739783,9.341250635520248,0.7558185629751047,0.5998607787674892,-0.0363972079499149,20.00447798162677,85.0101567821219,1062.4703873103608,501.7292030888309,20.00450711011624,85.01015686796654,1,0.5540761826918157,-0.3157790840172784,-0.0345062746706407,0.1000000000000085,43.30521373611633,1061.873422814398,499.12733644630566,9.391310501344249,43.96734216685896,1061.8700547425628,510.1338827231543,11.006546792174095,1218.3378625791777,True,1061.873422814398,499.12733644630566,GNSS + DR
100.5,1063.1411799112047,499.127336446306,9.401403799308074,0.7521788421801132,0.602889405768332,-0.035768955228451,20.004483737150515,85.0101632805235,1064.1618098418098,498.24429327572426,20.004475804638748,85.01017303741044,1,0.5705080158111424,-0.2967963666309209,-0.0345413119694138,0.0999999999999943,43.096673095957314,1062.5599151530737,499.769669851101,9.458207998845442,43.55252093742823,1062.5555318193417,510.78557142391935,11.01590244490368,1219.2780029591083,True,1062.5599151530737,499.769669851101,GNSS + DR
100.6,1063.8276722498804,499.7696698511014,9.461828516673911,0.7486019466572681,0.605292134649229,-0.0349434611215875,20.004489507329662,85.0101698431648,1065.837909976487,498.40120126275536,20.00447721416717,85.01018906037727,1,0.6707752279311229,-0.353522850138067,-0.0395591150328058,0.0999999999999943,42.89173207873905,1063.2531276180464,500.4136562385315,9.525230101517955,43.32330864932175,1063.248486306279,511.4391111426069,11.025455880986335,1220.2241858107757,True,1063.2531276180464,500.4136562385315,GNSS + DR
100.7,1064.5208847148533,500.4136562385319,9.52246222623792,0.7451076005451094,0.6070699482782693,-0.033929286059249,20.004495292357813,85.01017647004831,1063.3963603261604,501.7266232591348,20.004507086941235,85.01016571996446,1,0.7206260097064318,-0.2282374850378619,-0.0304286420639247,0.1000000000000085,42.6915207943544,1063.9530428258415,501.0593276490789,9.564965396979968,43.25716914538455,1063.945088609192,512.0945734695415,11.035248687166032,1221.1764320333994,True,1063.9530428258415,501.0593276490789,GNSS + DR
100.8,1065.2207999226484,501.0593276490793,9.583242506329569,0.7417146719391845,0.6082246567410632,-0.032736730526139,20.004501092522776,85.01018316100782,1067.489544413538,502.8918623983118,20.00451755446252,85.01020484946005,1,0.6628962561502479,-0.3407332638537866,-0.0333604143553709,0.0999999999999943,42.497120305045705,1064.659626116416,501.7067266163567,9.648367469602166,43.088747042507336,1064.6497054683332,512.7536827397681,11.046960577997693,1222.1347562840324,True,1064.659626116416,501.7067266163567,GNSS + DR
100.9,1065.9273832132228,501.70672661635706,9.644107157586133,0.7384409988865706,0.6087588943152333,-0.0313777450749512,20.00450690820665,85.01018991571202,1067.063911023598,500.4041253165804,20.004495206740085,85.01020078054464,1,0.6367417749885328,-0.2942159238889004,-0.0364880719419837,0.1000000000000085,42.30955265562522,1065.3728260454095,502.3559060137145,9.7016840096553,42.74442259063638,1065.3621860658252,513.4121644209328,11.0562635269041,1223.0991669997911,True,1065.3728260454095,502.3559060137145,GNSS + DR
101.0,1066.6405831422162,502.3559060137148,9.704994285192614,0.7353032243790755,0.6086761153231812,-0.0298658229354704,20.0045127398844,85.01019673366912,1062.9361438814817,504.7270864446133,20.004534040560625,85.0101613204464,1,0.5289169279970708,-0.2549679778687247,-0.0059441346314744,0.0999999999999943,42.12977141928201,1066.0925749947744,503.0069287403875,9.730298023454385,42.74833044082693,1066.076722998053,514.0726369553616,11.0657195692258,1224.0696664283105,True,1066.0925749947744,503.0069287403875,GNSS + DR
101.1,1067.3603320915809,503.0069287403878,9.765842380650769,0.7323166420855284,0.6079805888671697,-0.0282158763360111,20.00451858812105,85.0102036142327,1071.6872464651397,505.94568476385575,20.00454498741557,85.01024497811306,1,0.5368582360649957,-0.1460024569349864,-0.018550948168516,0.0999999999999943,41.958652858693256,1066.8187898959825,503.6598672453791,9.844688476474497,42.60559065986665,1066.8013226250357,514.7390709675221,11.079217491425242,1225.0462506663757,True,1066.8187898959825,503.6598672453791,GNSS + DR
101.2,1068.0865469927887,503.6598672453795,9.826590402966048,0.7294950544519273,0.6066773924563673,-0.0264440978306704,20.00452445356744,85.01021055660864,1066.584312761518,507.5349266423555,20.00455926381828,85.01019619574275,1,0.6431478693011607,-0.250989467200578,-0.0157201467503769,0.1000000000000085,41.79698779576161,1067.551373059261,504.3148028898181,9.86657550809091,42.49074076561041,1067.5288705884018,515.405529581069,11.090749519361609,1226.028909706672,True,1067.551373059261,504.3148028898181,GNSS + DR
101.3,1068.8191301560678,504.31480288981845,9.887177859142042,0.7268506446688603,0.604772404532774,-0.0245678080888644,20.004530336954435,85.0102175598631,1063.8538441265125,509.6497656099779,20.004578261739955,85.01017009335935,1,0.6168692710542153,-0.2462070788818907,-0.0107338123995401,0.0999999999999943,41.645474275888766,1068.2902131016756,504.9718251511673,9.90407595227834,42.41222241189674,1068.2600998865732,516.0735197892162,11.101735478843285,1227.0176274925864,True,1068.2902131016756,504.9718251511673,GNSS + DR
101.4,1069.557970198482,504.9718251511677,9.947544883872602,0.7243938638599738,0.6022722959070226,-0.0226052917508224,20.00453623908583,85.01022462293125,1066.422839069723,502.3725767351894,20.00451288964004,85.0101946521073,1,0.5769805367994167,-0.2224080001710306,-0.0098949295832243,0.1000000000000085,41.50471110435083,1069.035185966351,505.6310306753128,9.976644009680877,41.87474868355192,1069.0029665861612,516.7394652251211,11.108481274946326,1228.0123819809737,True,1069.035185966351,505.6310306753128,GNSS + DR
101.5,1070.3029430631575,505.6310306753132,10.007632318323449,0.7221333346848916,0.5991845201161183,-0.0205756230824698,20.004542160829807,85.01023174462718,1067.2398075811225,505.6727253033107,20.004542535379024,85.01020246205796,1,0.6324611491576209,-0.0929684121492016,-0.019706722610437,0.0999999999999943,41.37519232315243,1069.7861560247204,506.29252218517536,10.037211415109883,41.87727705455231,1069.750313603647,517.4094865422227,11.117022137020731,1229.0131452128062,True,1069.7861560247204,506.29252218517536,GNSS + DR
101.6,1071.0539131215269,506.2925221851757,10.067381787895826,0.7200757723766447,0.5955173027151428,-0.0184984832740733,20.004548103109144,85.0102389236543,1071.2104330774994,506.3263552750317,20.00454840703696,85.01024041993367,1,0.6312738710905333,-0.2968486432924024,-0.0107729570443586,0.0999999999999943,41.257302686804685,1070.5429772533023,506.9564072570066,10.118425254268978,41.75899434129749,1070.5051004042518,518.0833724241755,11.127029634501945,1230.0198833915958,True,1070.5429772533023,506.9564072570066,GNSS + DR
101.7,1071.8107343501088,506.956407257007,10.126735778866475,0.7182259240492374,0.5912796295196809,-0.0163939713178953,20.00455406689021,85.01024615861668,1070.98918283347,506.6621865514095,20.004551423860647,85.010238304854,1,0.6685004229466947,-0.186154316510071,-0.0140842761605019,0.1000000000000085,41.15131418490491,1071.3054944762168,507.6227969778971,10.171258768755552,41.63660314962504,1071.26527362746,518.7591547264943,11.136430380575998,1231.0325569694826,True,1071.3054944762168,507.6227969778971,GNSS + DR
101.8,1072.5732515730233,507.6227969778975,10.185637713799762,0.7165865269174478,0.586481233813192,-0.0142824104699439,20.004560053170927,85.01025344803091,1071.5627556701015,505.675008219067,20.004542555886804,85.01024378802194,1,0.623311347963827,0.0210889767313484,-0.0048977742221773,0.0999999999999943,41.05738364830752,1072.073544664349,508.2918045001852,10.22890107444695,41.459994210366,1072.031846091807,519.4364071379432,11.14468064703856,1232.0511207408626,True,1072.073544664349,508.2918045001852,GNSS + DR
101.9,1073.3413017611554,508.2918045001856,10.244032025629114,0.7151582858704535,0.5811325825372649,-0.012184152348924,20.00456606296775,85.01026079033846,1075.200407657603,503.83511849049233,20.00452602787616,85.01027856278027,1,0.6725523009539841,-0.0652707431929406,-0.0037672434893424,0.1000000000000085,40.9755514641874,1072.846958281775,508.9635435103679,10.306426064938764,41.252717163702734,1072.8066920031797,520.1159937740316,11.152522954770564,1233.0755239434257,True,1072.846958281775,508.9635435103679,GNSS + DR
102.0,1074.1147153785812,508.96354351036825,10.301864230307215,0.7139398706355611,0.5752448614847605,-0.0101193807511853,20.00457209730195,85.01026818391864,1075.1343414621592,509.24158184845527,20.00457459496284,85.01027793120913,1,0.6056445629622011,-0.1295477340604569,-0.0089459833598273,0.0999999999999943,40.905741413533626,1073.6255606697607,509.6381266317249,10.35866173753107,41.41964333043798,1073.5834717846762,520.8012907176872,11.163243430310256,1234.1057103664564,True,1073.6255606697607,509.6381266317249,GNSS + DR
102.1,1074.893317766567,509.6381266317253,10.359080997926066,0.7129279325604425,0.5688299595146695,-0.0081079172635277,20.004578157185232,85.01027562710176,1075.8414613784998,507.33305965308153,20.004557450416254,85.01028469104331,1,0.5930632097743027,-0.0560864707661057,-0.0164009044927457,0.0999999999999943,40.84776163270074,1074.409173458298,510.31566378115406,10.415401955338952,41.23250828376855,1074.3667527803073,521.4877867925456,11.172203546999432,1235.141618466249,True,1074.409173458298,510.31566378115406,GNSS + DR
102.2,1075.6769305551045,510.3156637811545,10.41563022221015,0.7121171408340897,0.5619004518116011,-0.0061690307361575,20.004584243605,85.01028311818267,1076.9064159270904,510.57364422339737,20.004586561082743,85.01029487165904,1,0.6451160611239602,-0.0308816146738727,0.0002933398334975,0.1000000000000085,40.8013066887166,1075.1976159947717,510.9962605016411,10.473826791356723,41.314205710828745,1075.153442404928,522.1792561780342,11.183082920387662,1236.1831814884702,True,1075.1976159947717,510.9962605016411,GNSS + DR
102.3,1076.4653730915777,510.9962605016415,10.471461088288386,0.711500237760474,0.554469582211965,-0.0043212526360546,20.004590357509365,85.01029065543437,1078.3137770955843,508.6141298765449,20.00456895846587,85.01030832556961,1,0.5355475382098933,0.0270564334641706,-0.0013639475141276,0.0999999999999943,40.765960746229766,1075.9907067789377,511.680016292334,10.533783781648433,41.14685421497494,1075.946663253309,522.8723699445104,11.19244031065326,1237.2303275972988,True,1075.9907067789377,511.680016292334,GNSS + DR
102.4,1077.2584638757437,511.68001629233447,10.526524138652542,0.7110681124968685,0.5465512446209608,-0.0025822002370371,20.00459649979214,85.0102982371218,1070.9346038504111,508.3810412548015,20.00456686459516,85.01023778309684,1,0.717273617284269,0.094793507015122,-0.0164859227141247,0.1000000000000085,40.7412017924042,1076.7882648929692,512.3670229583561,10.534365071816994,41.07625304052755,1076.7407813896943,523.564543954516,11.197621673486111,1238.282980011164,True,1076.7882648929692,512.3670229583561,GNSS + DR
102.5,1078.0560219897754,512.3670229583564,10.580771337212578,0.7108098924731648,0.5381599635468515,-0.0009684095175261,20.004602671278025,85.01030586151545,1076.962707232982,513.0699180394871,20.00460898549197,85.01029540978544,1,0.5869228374551883,0.0391810643982361,0.009108208171361,0.0999999999999943,40.72640687486021,1077.590111414872,513.0573630022589,10.62348257216729,41.26155162891674,1077.539355861163,524.2651598500894,11.20791177287154,1239.3410571448849,True,1077.590111414872,513.0573630022589,GNSS + DR
102.6,1078.8578685116786,513.0573630022592,10.634156131361912,0.7107130515214122,0.5293108737779839,0.0005048204685839,20.00460887270815,85.01031352690485,1072.3172383182102,513.5101275826787,20.00461293996158,85.01025100062827,1,0.5783523364198676,0.0083789245305807,0.0151582415910116,0.0999999999999943,40.72085829704075,1078.3960708031595,513.7511080784166,10.640551930072125,41.243496526061726,1078.3394345417694,524.966649378596,11.215684300217038,1240.4044727580213,True,1078.3960708031595,513.7511080784166,GNSS + DR
102.7,1079.663827899966,513.751108078417,10.686633511968177,0.7107635335682706,0.5200196992312645,0.0018235701073611,20.0046151047262,85.01032123161191,1079.7720076803594,515.4889539923798,20.004630716061666,85.01032226577509,1,0.5762744979298944,0.0888420475256595,0.0321071348594506,0.1000000000000085,40.72375070526692,1079.205972240286,514.4483175306847,10.737354710504134,41.31064300096506,1079.1459618373578,525.675466409474,11.227309258899018,1241.473136109218,True,1079.205972240286,514.4483175306847,GNSS + DR
102.8,1080.4737293370922,514.4483175306851,10.738160071208164,0.7109458905790067,0.5103027310004027,0.0029754271285923,20.00462136786528,85.01032897400366,1080.4598304204192,521.005908829938,20.004680275710182,85.01032884113458,1,0.6341595547669848,0.0270379779438971,0.0040634520953857,0.0999999999999943,40.73419899234672,1080.0196509220411,515.1490370323442,10.788067411763675,41.56207855730936,1079.9531653333731,526.3911803892369,11.242339951737248,1242.5469521163388,True,1080.0196509220411,515.1490370323442,GNSS + DR
102.9,1081.2874080188474,515.1490370323446,10.788694058168256,0.7112434332918659,0.500176804634469,0.0039495985587776,20.004627662535658,85.01033675250463,1084.4240048432164,515.9809056259771,20.004635135338376,85.01036673734015,1,0.5698021752180994,0.0209441357037831,0.0035624795932869,0.1000000000000085,40.751246934018425,1080.8369492799145,515.8532973457409,10.85960470366405,41.29284036370005,1080.7690980415337,527.1078141582934,11.254721341489423,1243.625821522156,True,1080.8369492799145,515.8532973457409,GNSS + DR
103.0,1082.1047063767203,515.8532973457413,10.83819543213506,0.7116383931477437,0.4896592766775498,0.0047370055576796,20.00463398901369,85.01034456560852,1085.667609554884,517.3085426469337,20.00464706170465,85.01037862579277,1,0.4394064777273536,-0.0066548516005806,-0.0013572047467128,0.0999999999999943,40.77387646683732,1081.6577181233938,516.5611132171542,10.911948119989484,41.34663873189693,1081.5882870603564,527.8286716124225,11.267772311477277,1244.7096410653692,True,1081.6577181233938,516.5611132171542,GNSS + DR
103.1,1082.9254752202005,516.5611132171547,10.886625913503766,0.7121120937035117,0.4787680005011907,0.0053303601587857,20.00464034743185,85.0103524118891,1083.5338003649574,513.3284292305527,20.00461130773751,85.0103582272777,1,0.578941519739566,0.0097732173079254,0.0124167792236558,0.0999999999999943,40.80101750943582,1082.4818176893216,517.2724824203414,10.940681414468813,41.13938331010572,1082.41224220118,528.548451456569,11.276183683077958,1245.7983036567193,True,1082.4818176893216,517.2724824203414,GNSS + DR
103.2,1083.7495747861285,517.2724824203418,10.933949032235295,0.7126451297193903,0.467521301464382,0.005724223130674,20.004646737770127,85.0103602900103,1082.2484915539376,513.4117600987327,20.00461205631144,85.01034594014759,1,0.4804764724921311,0.0477661061537193,0.0127474049362576,0.1000000000000085,40.83155822347414,1083.3091185857709,517.9873849599435,10.97394181068736,41.13852210739368,1083.238713071891,529.2704070566648,11.28324175808912,1246.8916985599428,True,1083.3091185857709,517.9873849599435,GNSS + DR
103.3,1084.5768756825776,517.9873849599438,10.980130173796642,0.7132175520324577,0.4559379514327766,0.0059150423813495,20.004653159848907,85.01036819873516,1086.0323590202147,522.7358733002638,20.00469581624543,85.01038211267787,1,0.4912957050747428,0.0360584469456982,0.002802079033482,0.0999999999999943,40.86435560611202,1084.1395026185278,518.7057824435675,11.039833396047555,41.60178002312802,1084.064246933621,530.0033961815922,11.297864381896009,1247.9897115773224,True,1084.1395026185278,518.7057824435675,GNSS + DR
103.4,1085.4072597153347,518.7057824435678,11.025136622521853,0.7138090562705927,0.4440371426934408,0.0059011715388818,20.0046596133233,85.01037613693381,1083.823506803362,515.9353431037679,20.004634726043275,85.01036099677611,1,0.4100744440846775,0.1107230488178463,0.0091518727188434,0.1000000000000085,40.89824630252125,1084.9728634891196,519.4276176289244,11.064578269775367,41.25972433553125,1084.8960021427918,530.7330756967885,11.30571933982062,1249.0922252395746,True,1084.9728634891196,519.4276176289244,GNSS + DR
103.5,1086.2406205859263,519.4276176289247,11.06893760233533,0.7143991734244809,0.4318384613011172,0.0056828685568563,20.0046660976791,85.01038410359004,1086.2364426315964,516.2957854145188,20.004637963951645,85.01038406365016,1,0.488148562207312,0.0329332261669141,-0.0091037881120372,0.0999999999999943,40.93205752485732,1085.809107354466,520.1528141499545,11.118909749306464,41.27546591413702,1085.731640110983,531.466567841429,11.31401890422524,1250.199118999808,True,1085.809107354466,520.1528141499545,GNSS + DR
103.6,1087.0768644512732,520.1528141499548,11.111504314782076,0.7149674602801666,0.4193618598905679,0.0052622744098324,20.004672612230287,85.01039209780676,1090.0352734021556,520.0355173863052,20.00467155853553,85.01042037922473,1,0.4167931453871903,-0.0687115302908161,0.0195260418881649,0.0999999999999943,40.96461796324087,1086.648153239647,520.8812764234697,11.181227041121293,41.45875312505839,1086.569597652202,532.2068553130001,11.325851321790187,1251.310269431286,True,1086.648153239647,520.8812764234697,GNSS + DR
103.7,1087.915910336454,520.8812764234701,11.152809974313444,0.7154936877211499,0.4066276299947358,0.0046433721598885,20.00467915611823,85.01040011880986,1086.2425962984858,520.6106991833379,20.004676725481527,85.0103841224772,1,0.4416361118944095,0.0295910586097813,0.0019365795631669,0.1000000000000085,40.99476857467318,1087.4899332969476,521.6128897355155,11.191654547393656,41.48123971266657,1087.4080457922196,532.9481622882697,11.335568331965234,1252.4255504287175,True,1087.4899332969476,521.6128897355155,GNSS + DR
103.8,1088.7576903937545,521.612889735516,11.192829840781023,0.7159580249371387,0.3936563739047205,0.003831926887999,20.00468572831243,85.01040816595075,1091.174726311482,518.9053702161862,20.00466140625077,85.01043127202033,1,0.4094514236366814,0.0492971232336156,0.0084853633738692,0.0999999999999943,41.02137313742019,1088.3343929062669,522.3475205044566,11.258943413565872,41.385997161453695,1088.252773544678,533.6925231497643,11.34529623862788,1253.5448334127957,True,1088.3343929062669,522.3475205044566,GNSS + DR
103.9,1089.6021500030738,522.3475205044571,11.231541249094388,0.7163412176259386,0.3804689761106239,0.0028354071911532,20.00469232761291,85.01041623870728,1091.6343541091508,521.4326008483177,20.004684108749803,85.01043566591112,1,0.5067196161974166,0.0315735184318185,-0.0064315270218245,0.1000000000000085,41.0433284612287,1089.1814906141108,523.0850167157464,11.295089276468234,41.49758247842173,1089.0987572962297,534.4409227153338,11.356207371889328,1254.6679875377051,True,1089.1814906141108,523.0850167157464,GNSS + DR
104.0,1090.4492477109177,523.0850167157469,11.268923636003148,0.7166247583450539,0.3670865743626805,0.0016628891455099,20.00469895265409,85.01042433668316,1087.5848722595251,526.7731438686972,20.00473208366401,85.01039695419456,1,0.49619958936996,0.1247152047613492,0.0008393531508942,0.0999999999999943,41.05957414775411,1090.0311979106991,523.825208521473,11.299827799660532,41.74398050540163,1089.941868329065,535.1932689583169,11.368411404848608,1255.7948799013052,True,1090.0311979106991,523.825208521473,GNSS + DR
104.1,1091.2989550075065,523.8252085214734,11.304958563966924,0.7167910472596049,0.3535305303915326,0.0003249438252919,20.00470560191022,85.01043245960585,1094.2206373921586,521.407227694978,20.004683880818888,85.01046038992992,1,0.3858561889022697,0.0029963485160845,0.0025290322901166,0.0999999999999943,41.06910180073769,1090.88349884717,524.5679089961067,11.374436446531274,41.44820275941292,1090.794444268446,535.9461914724913,11.378630973469182,1256.9253757577019,True,1090.88349884717,524.5679089961067,GNSS + DR
104.2,1092.151255943977,524.5679089961072,11.339629742081454,0.716823541642134,0.3398224003285399,-0.0011664903554635,20.004712273702097,85.01044060732289,1094.2469549800917,520.3868915430087,20.004674714983285,85.01046064151741,1,0.3730212858969827,0.0608186044312937,0.0037206011749281,0.1000000000000085,41.070963591714495,1091.7383894973757,525.312915038409,11.403601068988886,41.36191271905957,1091.650342128155,536.6997563516834,11.3871817159875,1258.0593387319107,True,1091.7383894973757,525.312915038409,GNSS + DR
104.3,1093.0061465941822,525.3129150384094,11.372923044032632,0.7167068926065877,0.3259839048657564,-0.0027982490477758,20.00471896620524,85.01044877979675,1093.3119242563,528.1406959011088,20.00474436859293,85.01045170293078,1,0.3373117565482807,-0.0027734010624358,0.0069990761074492,0.0999999999999943,41.06428009429342,1092.5958772713195,526.0600084082037,11.424961561780083,41.7056691374284,1092.5032981767215,537.4598638744029,11.400231380940898,1259.1966310363136,True,1092.5958772713195,526.0600084082037,GNSS + DR
104.4,1093.8636343681262,526.0600084082041,11.404826523054606,0.7164270677018101,0.3120368991970679,-0.0045560955409892,20.00472567745917,85.01045697709826,1091.5766639940432,527.5368991440182,20.00473894459438,85.01043511441256,1,0.3973372137722072,-0.0240767155510745,0.0148346552938729,0.1000000000000085,41.04824730824701,1093.455980089784,526.8089568856569,11.439580053894051,41.62209184503772,1093.3584548792098,538.2196973642443,11.411157234758027,1260.3371136886192,True,1093.455980089784,526.8089568856569,GNSS + DR
104.5,1094.7237371865904,526.8089568856574,11.435330423872044,0.7159714581477111,0.298003342781179,-0.0064248847959118,20.00473240537781,85.01046519939872,1092.1461191308636,524.9474010237114,20.004715682736983,85.01044055821664,1,0.3115573492645102,-0.085239695018965,0.0059022246317817,0.0999999999999943,41.0221428036913,1094.318725432087,527.5595155398377,11.468146303500532,41.429065010594,1094.2183083952534,538.978535770845,11.419461748149176,1261.4806467310063,True,1094.318725432087,527.5595155398377,GNSS + DR
104.6,1095.5864825288934,527.5595155398381,11.464427191610842,0.71532896966812,0.2839052689678745,-0.0083887361177442,20.00473914776092,85.01047344696084,1093.9734947981842,522.8130144914574,20.004696509216544,85.01045802732789,1,0.2928384052355895,-0.0691111870305536,0.0062329093137181,0.0999999999999943,40.98533092542496,1095.1841492711717,528.3114280926396,11.50367394007278,41.24800587300592,1095.0832267933156,539.73699559568,11.42601322041372,1262.6270894501674,True,1095.1841492711717,528.3114280926396,GNSS + DR
104.7,1096.4519063679782,528.3114280926401,11.49211147766562,0.7144900960563456,0.2697647545292003,-0.0104312125571841,20.004745902306308,85.01048172012852,1098.079689757854,526.0775580233244,20.004725835110047,85.01049728120314,1,0.3486943977124486,-0.1281314638992567,0.0090298285422472,0.1000000000000085,40.937267007925385,1096.0522949122262,529.0644283636019,11.55296336693146,41.3255735044596,1095.950819073645,540.4998804236122,11.435902288958676,1263.776300597934,True,1096.0522949122262,529.0644283636019,GNSS + DR
104.8,1097.320052009033,529.0644283636022,11.518380142516682,0.7134469748006272,0.2556038891370882,-0.0125355050575365,20.00475266662283,85.01049001931574,1094.4531765068284,528.9003150530544,20.00475119236788,85.01046261292748,1,0.2586889343712557,-0.1058874968184175,-0.0018384262423095,0.0999999999999943,40.87750056245234,1096.9232117527963,529.8182417807592,11.549267639168654,41.36929489692495,1096.8175516059944,541.2631828193764,11.445428757545397,1264.9281386121856,True,1096.9232117527963,529.8182417807592,GNSS + DR
104.9,1098.190968849603,529.8182417807595,11.543232255493038,0.7121934242948736,0.2414447448294421,-0.0146846193168562,20.00475943824397,85.01049834499472,1099.503505595463,533.315258050411,20.004790852475608,85.01051089241494,1,0.2695569931070156,-0.1513204529891553,-0.0100516912730461,0.1000000000000085,40.80567740906617,1097.7969539837804,530.5725869423651,11.601982500465436,41.48052822254874,1097.6867499365349,542.0316580900242,11.459601061954206,1266.0824618377353,True,1097.7969539837804,530.5725869423651,GNSS + DR
105.0,1099.064711080587,530.5725869423653,11.56666909148257,0.710724962363188,0.2273093455061392,-0.016861563307657,20.00476621464185,85.01050669768348,1095.3394444939515,527.4628410177563,20.004738279318914,85.01047108535838,1,0.1782438064305896,-0.2122635198043332,-0.0017704442451064,0.0999999999999943,40.72154073800496,1098.6735792517636,531.3271772141363,11.591833980905005,41.06605344177451,1098.560719437059,542.7931588861901,11.466537098952244,1267.2391287468836,True,1098.6735792517636,531.3271772141363,GNSS + DR
105.1,1099.9413363485698,531.3271772141367,11.588694124594266,0.7090388060324223,0.2132196364964933,-0.0190495333927495,20.004772993241595,85.01051507793315,1099.3291305952532,531.0736175696022,20.00477071547656,85.01050922544721,1,0.2784291537526517,-0.1411644987197893,-0.0033194405331329,0.0999999999999943,40.624931096652816,1099.553147303856,532.0817223465655,11.63461275290549,41.112253114426096,1099.437297677899,543.5581770080584,11.477039371420489,1268.397998159343,True,1099.553147303856,532.0817223465655,GNSS + DR
105.2,1100.820904400662,532.0817223465658,11.609313018781869,0.7071338526931473,0.1991974542405294,-0.0212320969944537,20.00477977143585,85.01052348631485,1101.1498476643842,534.1071563262506,20.004797966218856,85.01052663090442,1,0.3262408011996229,-0.1951480360526798,-0.0097464386147933,0.1000000000000085,40.515785310143,1100.4357186364682,532.8359300968119,11.66150597387335,41.11705700912724,1100.315837821936,544.3250371198797,11.489732442367716,1269.5589294612212,True,1100.4357186364682,532.8359300968119,GNSS + DR
105.3,1101.7034757332742,532.8359300968123,11.628533615442372,0.705010642993702,0.185264496124633,-0.0233933698154611,20.00478654659934,85.01053192340694,1109.038866168451,525.6921280764465,20.004722372733923,85.01060204733042,1,0.2513257647646226,-0.2644337239846771,-0.0329396457858221,0.0999999999999943,40.394134355343546,1101.3213531693525,533.5895078397272,11.72743621834355,40.536944254325256,1101.207107780676,545.0872480245514,11.49830776099492,1270.7217828227654,True,1101.3213531693525,533.5895078397272,GNSS + DR
105.4,1102.5891102661587,533.5895078397276,11.646365918006795,0.7026713060121559,0.1714422905135926,-0.0255181856726119,20.00479331610338,85.01054038978222,1098.4571632995976,536.6908663435444,20.00482117608084,85.01050088972623,1,0.2745322488909578,-0.2599194755551114,-0.0289327872035584,0.1000000000000085,40.26010021944208,1102.2101089656978,534.3421641526774,11.668819604896388,40.91516814463292,1102.0888972695025,545.8514867353684,11.50996084214614,1271.886419414566,True,1102.2101089656978,534.3421641526774,GNSS + DR
105.5,1103.477866062504,534.3421641526777,11.66282207354509,0.7001194874448947,0.1577521670193959,-0.0275922570890704,20.00480007733008,85.01054888599575,1107.8939097619746,530.7948124360584,20.004768210927427,85.0105911019232,1,0.1454470602105294,-0.2959947111124399,-0.0253407981293752,0.0999999999999943,40.113891785454896,1103.102041018142,535.0936103590117,11.742262364874891,40.43652419962393,1102.9826302107365,546.6130960080329,11.520104537673769,1273.0527016219205,True,1103.102041018142,535.0936103590117,GNSS + DR
105.6,1104.3697981149485,535.0936103590121,11.677916351410676,0.6973602617359876,0.144215227047777,-0.0296023248948917,20.004806827686203,85.01055741257323,1104.81932535691,536.0895968393829,20.004815774784984,85.01056170990604,1,0.186031441149187,-0.3590730207929907,-0.0168061146875327,0.0999999999999943,39.95579979761053,1103.99720011927,535.8435620153023,11.730913199690423,40.50559912162907,1103.8745813928658,547.3750450441794,11.532134936660514,1274.2204932570614,True,1103.99720011927,535.8435620153023,GNSS + DR
105.7,1105.2649572160765,535.8435620153027,11.691665118954646,0.6944000292464985,0.1308523146627749,-0.0315362952096583,20.004813564616555,85.01056597000026,1106.498472970124,536.583611464135,20.004820212593863,85.01057776200575,1,0.1136943184443054,-0.3351869912327608,-0.0267497594003639,0.1000000000000085,39.78619096958529,1104.8956318335236,536.5917403278463,11.749888557314966,40.323193442026906,1104.770400469826,548.1353785186809,11.544317458184723,1275.3896597689568,True,1104.8956318335236,536.5917403278463,GNSS + DR
105.8,1106.1633889303298,536.5917403278468,11.70408681434323,0.6912463997255326,0.1176839878088387,-0.0333833623223229,20.004820285616688,85.01057455871239,1106.5184326704943,539.8454995022383,20.00484951463266,85.01057795281393,1,0.1362957105297715,-0.391772358515511,-0.0170146759878172,0.0999999999999943,39.60550130788609,1105.797375585512,537.3378734844121,11.756453772610994,40.26818926660567,1105.6674500008835,548.8952760064412,11.558132795298183,1276.5600684503913,True,1105.797375585512,537.3378734844121,GNSS + DR
105.9,1107.065132682318,537.3378734844125,11.715201916516412,0.6879080634933002,0.1047304899305601,-0.0351341161410848,20.004826988244872,85.01058317908651,1108.399313136904,538.9906466270932,20.004841835358626,85.01059593341348,1,0.1733410637981853,-0.4288499565321525,-0.016981749853642,0.1000000000000085,39.41422873118356,1106.702463877523,538.0816978878242,11.774096452880316,39.9968673883176,1106.5694394944906,549.6520510233654,11.571117801129166,1277.7315886420427,True,1106.702463877523,538.0816978878242,GNSS + DR
106.0,1107.9702209743295,538.0816978878247,11.725032912329342,0.6843946518791918,0.092011722027685,-0.0367806330583291,20.004833670133177,85.01059183143333,1107.5091656612435,530.9498264126347,20.00476960344167,85.01058742389596,1,0.1271027526828499,-0.4823924996585444,-0.0197889283715571,0.0999999999999943,39.2129250740029,1107.6109216466452,538.8229592787479,11.771959210242102,39.35633150024341,1107.4796675279251,550.3985596727633,11.576344506173372,1278.9040919332758,True,1107.6109216466452,538.8229592787479,GNSS + DR
106.1,1108.8786787434517,538.8229592787484,11.73360426092195,0.6807165885733589,0.0795472151846699,-0.0383165492604375,20.004840328997545,85.01060051599124,1113.2408292878238,536.4686215372805,20.004819179621776,85.01064221671783,1,0.0389151640546088,-0.4375215933430272,-0.0212611436156346,0.0999999999999943,39.002187569796746,1108.5227657693713,539.5614137359549,11.8126852645511,39.38447068272335,1108.3926765647072,551.148099418439,11.587415946010148,1280.077452359368,True,1108.5227657693713,539.5614137359549,GNSS + DR
106.2,1109.7905228661775,539.5614137359555,11.740942355366276,0.6768849336473152,0.0673561036118997,-0.0397371157076609,20.0048469626468,85.0106092329216,1108.4211094335033,539.9760291240153,20.004850687200204,85.01059614177892,1,0.031604648335012,-0.4082026519129808,-0.0451070547542481,0.1000000000000085,38.78264991398393,1109.4380047189547,540.2968285434519,11.78181293248178,39.303380683386926,1109.3043565911444,551.8943907081884,11.598332207132058,1281.2515465949045,True,1109.4380047189547,540.2968285434519,GNSS + DR
106.3,1110.705761815761,540.2968285434524,11.74707548164433,0.6729112220765491,0.0554570982353652,-0.0410392342130242,20.00485356899042,85.01061798230536,1114.1024655322988,539.711888885093,20.004848314388067,85.01065045367736,1,0.0163989016608265,-0.486823949678219,-0.0312128792184664,0.0999999999999943,38.55497301197673,1110.356638378126,541.0289829151195,11.819720173087916,39.02572602905876,1110.2225872917077,552.6386421645149,11.61043313493691,1282.426254143069,True,1110.356638378126,541.0289829151195,GNSS + DR
106.4,1111.6243954749325,541.0289829151201,11.752033775013349,0.6688072986552467,0.0438684608709571,-0.0422214742592049,20.004860146045043,85.01062676414145,1109.6912941142932,542.4618151043904,20.0048730173956,85.0106082843273,1,0.0984410903679367,-0.3401527569171348,-0.0432967646687591,0.1000000000000085,38.31983552049121,1111.2786580071845,541.7576685689661,11.789146432609089,38.89147712995472,1111.1401796487917,553.3788205229637,11.621976983011324,1283.6014575205704,True,1111.2786580071845,541.7576685689661,GNSS + DR
106.5,1112.5464151039905,541.7576685689667,11.755849173818522,0.6645851512293262,0.0326079790189126,-0.043284070406187,20.004866691939643,85.0106355783463,1112.3656595647867,544.1257682359758,20.00488796494089,85.0106338503827,1,0.165802705801746,-0.43455672064144,-0.054774733719779,0.0999999999999943,38.07792429250394,1112.2040463649462,542.4826901447102,11.804644136890497,38.6963292758544,1112.061497255911,554.1168382048644,11.63502132933482,1284.777042437952,True,1112.2040463649462,542.4826901447102,GNSS + DR
106.6,1113.4718034617524,542.4826901447109,11.758555370817133,0.6602567441887075,0.0216929413125832,-0.0442289003578584,20.004873204919274,85.01064442475509,1110.255915804882,544.3080453539999,20.004889602364106,85.01061368192524,1,0.1198158535125939,-0.4248514672152085,-0.0421036116784168,0.0999999999999943,37.82992483706178,1113.1327779776443,543.2038654601921,11.78711611977133,38.42119259752624,1112.9849749615066,554.8493339328228,11.64640638474438,1285.9528979750337,True,1113.1327779776443,543.2038654601921,GNSS + DR
106.7,1114.4005350744508,543.2038654601928,11.760187762081038,0.6558338541529216,0.0111401136551059,-0.0450594439702594,20.00487968334736,85.01065330312429,1115.7656062354934,542.5610406325294,20.00487390875368,85.01066635275626,1,-0.0536591463021973,-0.4601453709415334,-0.0268120743139869,0.1000000000000085,37.57651190476079,1114.0648195486604,543.9210256040182,11.81928823648799,38.04437066337761,1113.915783788874,555.577723026005,11.657650125366116,1287.128916751242,True,1114.0648195486604,543.9210256040182,GNSS + DR
106.8,1115.3325766454666,543.9210256040188,11.760783393548152,0.6513279097558957,0.0009657160769638,-0.0457807236955409,20.00488612570654,85.0106622131356,1119.6679545162465,538.3820145706574,20.00483636792384,85.01070365792422,1,0.102019512980453,-0.4157739262362054,-0.0361733035943562,0.0999999999999943,37.31834030809058,1115.0001304999669,544.634014863871,11.839685912686685,37.54138975642251,1114.8545683165205,556.2991557919382,11.666049083598036,1288.3049950905968,True,1115.0001304999669,544.634014863871,GNSS + DR
106.9,1116.267887596773,544.6340148638717,11.760380905296431,0.6467498373863416,-0.0088145996544941,-0.0463992271614996,20.004892530598035,85.01067115440112,1116.0358190573106,543.2675711173073,20.00488025562501,85.0106689359021,1,0.0680054211962382,-0.5550226843042385,-0.0212211334454406,0.1000000000000085,37.05603608300967,1115.938663634411,545.342690492017,11.808833781700017,37.48771389568145,1115.7915802183177,557.0178311350027,11.676067084630198,1289.4810331811268,True,1115.938663634411,545.342690492017,GNSS + DR
107.0,1117.206420731217,545.3426904920176,11.759020473617252,0.6421099146701916,-0.0181857716423206,-0.0469228127846209,20.00489889673952,85.01068012646965,1116.615763635105,546.5917949364344,20.004910117635657,85.0106744799818,1,-0.0654507689187584,-0.6498031854969981,-0.0401505113319398,0.0999999999999943,36.79018809410741,1116.880365906448,546.0469223116825,11.805082759643174,37.35264331632825,1116.7299855641409,557.7340679649342,11.68811309697476,1290.6569352284885,True,1116.880365906448,546.0469223116825,GNSS + DR
107.1,1118.148123003254,546.0469223116831,11.756743750967969,0.6374176333917295,-0.027133348655095,-0.04736059950264,20.00490522296159,85.0106891288341,1114.80427211405,542.7755805540318,20.004875835998583,85.01065716271779,1,-0.0122934294906199,-0.5491127126624047,-0.017882571966711,0.0999999999999943,36.52134018056328,1117.825179287735,546.7465921701156,11.78445141170661,36.85777309268071,1117.6728912808185,558.4409355340057,11.695334896855696,1291.832609603585,True,1117.825179287735,546.7465921701156,GNSS + DR
107.2,1119.092936384541,546.7465921701164,11.753593803886234,0.6326815734414655,-0.0356435100810781,-0.0477228418887158,20.004911508202863,85.01069816093973,1118.405058423884,548.6404163604811,20.004928520715023,85.01069158505234,1,0.0491326104937123,-0.5030039699496759,-0.0409476296335453,0.1000000000000085,36.2499839338922,1118.7730417130074,547.4415932462474,11.79900795081519,36.84467514341044,1118.6171234719343,559.1484604137763,11.707905422237816,1293.0079689839738,True,1118.7730417130074,547.4415932462474,GNSS + DR
107.3,1120.0407988098134,547.4415932462481,11.749615048951751,0.6279092892525939,-0.0437030850141972,-0.0480207920714287,20.00491775150376,85.01070722219322,1115.2624160306489,550.16677313805,20.00494223221125,85.01066154242316,1,0.0138185905325419,-0.5266499725976431,-0.0427959891098913,0.0999999999999943,35.976552191232855,1119.7238880910018,548.1318292228818,11.767759163757322,36.61281118582295,1119.5617028372933,559.8502947103879,11.719587767425535,1294.182930488869,True,1119.7238880910018,548.1318292228818,GNSS + DR
107.4,1120.9916451878078,548.1318292228825,11.744853186883397,0.623107210045451,-0.0512995704457797,-0.0482665500311992,20.004923951999032,85.01071631197232,1118.2530112276513,548.51243015177,20.00492737099535,85.01069013153108,1,-0.086754323065179,-0.5231099134054084,-0.0560604509104142,0.1000000000000085,35.70141331977604,1120.677651364748,548.817213335236,11.77659562714902,36.220443366220415,1120.5117791363516,560.5461661580143,11.730125656407614,1295.3574158075576,True,1120.677651364748,548.817213335236,GNSS + DR
107.5,1121.9454084615538,548.8172133352367,11.739355134862596,0.618280555042331,-0.0584211485372954,-0.0484729039727726,20.00493010890927,85.01072542963598,1122.6257665998812,539.6258737362996,20.00484754170084,85.01073193363634,1,0.0021159592525143,-0.4729951340209762,-0.0323672765698449,0.0999999999999943,35.42486635893156,1121.6342636053712,549.4976673093696,11.79389085578478,35.4652993789847,1121.472352704574,561.2304592496163,11.733909061046717,1296.5313513210438,True,1121.6342636053712,549.4976673093696,GNSS + DR
107.6,1122.902020702177,549.4976673093703,11.733168957175936,0.6134332646450538,-0.0650567029501925,-0.0486531625837011,20.00493622153132,85.01073457453482,1126.8590602954012,545.6634022212348,20.004901777742,85.01077240253377,1,-0.1419317327542218,-0.5217528981723908,-0.0486744138731059,0.0999999999999943,35.14713707709328,1122.5936571235854,550.1731202055693,11.809549221130764,35.455423822686505,1122.4343196828115,561.9154950595146,11.743455864037612,1297.7046682167613,True,1122.5936571235854,550.1731202055693,GNSS + DR
107.7,1123.8614142203917,550.17312020557,11.726343794272555,0.6085679483866836,-0.0711958342108687,-0.0488209810790599,20.004942289227923,85.01074374602177,1132.28904680408,555.8316876812382,20.00499312100442,85.01082431142147,1,-0.0523369429987292,-0.5025459621271811,-0.0502914574731471,0.1000000000000085,34.86837498949229,1123.5557655832974,550.8435071830426,11.832528011497146,35.6513033632757,1123.3958062913491,562.6051548981542,11.762735394008956,1298.8773025961887,True,1123.5557655832974,550.8435071830426,GNSS + DR
107.8,1124.8235226801032,550.8435071830432,11.718929790333762,0.6036858502787776,-0.0768288740893297,-0.0489901830019925,20.004948311416605,85.01075294346268,1123.0637674248906,549.2038938039581,20.00493358251902,85.01073612078038,1,0.0100689643806727,-0.5910906521085908,-0.0311778773643668,0.0999999999999943,34.58865137274047,1124.5205251021505,551.5087682033122,11.757198088632345,35.00667070378621,1124.3588210562953,563.2796322005512,11.771974661879897,1300.049195575222,True,1124.5205251021505,551.5087682033122,GNSS + DR
107.9,1125.7882821989565,551.508768203313,11.710978019454693,0.5987868319785784,-0.0819468989723937,-0.0491745797972934,20.00495428755803,85.01076216624683,1130.0941826688927,545.556338533926,20.004900815972533,85.01080332924118,1,-0.0510271881938277,-0.6006521075828258,-0.0325923531093338,0.1000000000000085,34.3079583003817,1125.487875324416,552.1688466904669,11.789684022587602,34.51033681691235,1125.3303193020506,563.9475825370426,11.779789558544396,1301.2202933771675,True,1125.487875324416,552.1688466904669,GNSS + DR
108.0,1126.7556324212217,552.1688466904677,11.702540410539283,0.5938693739988491,-0.0865417422127823,-0.0493877902006103,20.004960217143967,85.01077141379726,1127.4868898624266,555.8745888553985,20.004993506392225,85.01077840437824,1,-0.0814886197108796,-0.4672569144586547,-0.0330672765285035,0.0999999999999943,34.026208712210284,1126.4577604523272,552.8236881669019,11.757415460147318,34.711495820456825,1126.296813895013,564.6171020549058,11.794512068249135,1302.3905474182213,True,1126.4577604523272,552.8236881669019,GNSS + DR
108.1,1127.725517549133,552.8236881669027,11.693669671012136,0.5889305949787881,-0.0906060054369817,-0.049643061488679,20.004966099685035,85.01078068558056,1127.2717746088938,552.8637549415337,20.004966459611,85.01077634794706,1,-0.0161386927483642,-0.5454644857490034,-0.0482649728292288,0.0999999999999943,33.74323751841303,1127.430130222767,553.4732388833838,11.74064471807721,34.24524085714458,1127.2673384341635,565.2777907129495,11.80567427398106,1303.5599143853226,True,1127.430130222767,553.4732388833838,GNSS + DR
108.2,1128.6978873195728,553.4732388833846,11.684419209451889,0.5839662888299202,-0.0941330687973707,-0.0499530946162836,20.0049719346984,85.01078998111622,1129.9956706747512,556.7880603502578,20.00500171224628,85.01080238749887,1,-0.0153954780430416,-0.5848343574783785,-0.0454628532693361,0.1000000000000085,33.45880372787206,1128.404940817121,554.1174444621837,11.743071098486412,34.12454480121572,1128.2394534490106,565.9365695727727,11.820283602721169,1304.7283563062676,True,1128.404940817121,554.1174444621837,GNSS + DR
108.3,1129.672697913927,554.1174444621844,11.67484305725266,0.5789709793682918,-0.0971171001532145,-0.0503298752235488,20.00497772169557,85.01079929998535,1129.8584473649669,554.9483204878425,20.00498518558191,85.0108010756891,1,-0.0016151155098669,-0.5886631190033979,-0.0459284192005073,0.0999999999999943,33.17259357835898,1129.3821556930932,554.7562485716679,11.72608138692626,33.71413737964188,1129.2148490586897,566.5874253567579,11.83235968139774,1305.895840611993,True,1129.3821556930932,554.7562485716679,GNSS + DR
108.4,1130.649912789899,554.7562485716687,11.664995789421244,0.5739379918459369,-0.099553063169413,-0.0507845124332047,20.00498346017053,85.01080864183862,1130.9810999667357,556.1319259803053,20.00499581809095,85.01081180787926,1,-0.0258359417470936,-0.5948572797830569,-0.0379593306264807,0.1000000000000085,32.88422463498604,1130.3617463283267,555.3895916501293,11.717203703933489,33.45300850541786,1130.1924601423543,567.2333395890605,11.844957705863616,1307.0623401909352,True,1130.3617463283267,555.3895916501293,GNSS + DR
108.5,1131.6295034251325,555.3895916501301,11.654932444618778,0.5688595406026163,-0.1014367243207559,-0.0513270872723048,20.0049891495882,85.01081800640338,1130.4045039366524,556.4786193932737,20.004998932490867,85.01080629581058,1,-0.0173679846238985,-0.6036616857900574,-0.0307914405873625,0.0999999999999943,32.59325081228081,1131.343692866802,556.0174096957941,11.696765781362243,33.14770219943799,1131.171787956182,567.8729178332993,11.85675438291391,1308.2278334353969,True,1131.343692866802,556.0174096957941,GNSS + DR
108.6,1132.611449963608,556.0174096957949,11.644708444557091,0.5637268318753859,-0.1027646587925268,-0.0519665124474551,20.00499478937366,85.0108273934898,1128.4171209842116,558.1098746315579,20.005013586306,85.01078729708226,1,-0.0361192309206501,-0.6392922764612454,-0.0432850468954711,0.0999999999999943,32.29916826474054,1132.327984660142,556.6396331389002,11.666746251361117,32.90379151152869,1132.1513092095386,568.5066905016585,11.868372452271664,1309.3923042798524,True,1132.327984660142,556.6396331389002,GNSS + DR
108.7,1133.595741756948,556.639633138901,11.634379512860272,0.5585301806306403,-0.1035342552698015,-0.0527104050780974,20.00500037890196,85.01083680299608,1128.9648661493818,563.4719244845693,20.00506175441937,85.01079253334615,1,-0.0602578228139779,-0.6582738770662089,-0.0279614942245239,0.1000000000000085,32.00142208081521,1133.3146206971976,557.2561858105156,11.653507008809832,32.843036648098625,1133.1303896396314,569.1387061402728,11.8839484376896,1310.5557422311385,True,1133.3146206971976,557.2561858105156,GNSS + DR
108.8,1134.5823777940034,557.2561858105164,11.624001593503133,0.5532591401228305,-0.1037437196081647,-0.0535649738501246,20.00500591748884,85.01084623491256,1136.5421124438471,560.169204818394,20.005032085583814,85.0108649693322,1,-0.069268269619974,-0.6023895602725237,-0.039593029669794,0.0999999999999943,31.699413706075216,1134.303609916572,557.8669840213993,11.68706649116876,32.3450646564691,1134.1177612720742,569.7639840713861,11.898451576068512,1311.7181423904888,True,1134.303609916572,557.8669840213993,GNSS + DR
108.9,1135.5713670133778,557.8669840214002,11.61363076893864,0.5479026427378181,-0.1033920773813434,-0.0545349218936667,20.00501140438252,85.0108556893247,1134.7412667431206,553.1259660678636,20.004968815093623,85.01084775383873,1,-0.0852550633362135,-0.6329947404019731,-0.0518829158348108,0.1000000000000085,31.39250901294114,1135.2949713980893,558.471935762728,11.658096767136923,31.65545811526431,1135.1101210334718,570.3758127290006,11.905312112055473,1312.8795054673828,True,1135.2949713980893,558.471935762728,GNSS + DR
109.0,1136.5627284948948,558.4719357627288,11.603323178026864,0.5424491505484514,-0.1024791753018572,-0.0556233665160049,20.005016838756475,85.01086516641489,1134.7744617959263,559.8119203085655,20.005028876042456,85.01084807117255,1,-0.1330975899548435,-0.5600579336628788,-0.0423362524547152,0.0999999999999943,31.080046926882872,1136.2887344306123,559.0709400389458,11.64140140003374,31.647046154174703,1136.1011493400797,570.9866197042957,11.9171561227259,1314.0398377851852,True,1136.2887344306123,559.0709400389458,GNSS + DR
109.1,1137.5564915274183,559.0709400389467,11.593134933878268,0.536886813896851,-0.1010056815131044,-0.0568317767351462,20.00502221970344,85.0108746664631,1137.582008407588,562.4953823432563,20.00505298199205,85.0108749103961,1,-0.1187712569540948,-0.6142046235592479,-0.0347723739480584,0.0999999999999943,30.76134851251524,1137.284938455085,559.6638863413843,11.643305046412731,31.43257062773072,1137.0946195637866,571.5938119626829,11.931443609643456,1315.199151278573,True,1137.284938455085,559.6638863413843,GNSS + DR
109.2,1138.552695551891,559.6638863413853,11.583122041724245,0.5312036362233363,-0.098973084752334,-0.0581599293636351,20.005027546230703,85.01088418984641,1140.937492310638,563.2719887609937,20.005059958366203,85.0109069877202,1,-0.0830738088490945,-0.6304076757531484,-0.0331770395302218,0.1000000000000085,30.43572641759987,1138.2836328831702,560.2506542696545,11.649020686782558,31.11613153858029,1138.0919174117123,572.195803517552,11.946687631998316,1316.3574634827455,True,1138.2836328831702,560.2506542696545,GNSS + DR
109.3,1139.5513899799762,560.2506542696555,11.5733403169278,0.5253876432869728,-0.0963836923856398,-0.0596058841878954,20.005032817256684,85.01089373703715,1140.0924818090557,558.9708393204781,20.005021320483387,85.01089890969733,1,-0.0543110844055183,-0.6969952029756221,-0.0427369707419046,0.0999999999999943,30.10249456866834,1139.2848767934329,560.8311133061732,11.626947595788328,30.53850382120948,1139.0933323287893,572.786588815108,11.957009823809434,1317.5147975144382,True,1139.2848767934329,560.8311133061732,GNSS + DR
109.4,1140.552633890239,560.8311133061742,11.563845303247115,0.5194270548681833,-0.0932406273174368,-0.0611659785779335,20.00503803160893,85.01090330860009,1138.584469080316,564.3259466417386,20.005069426230936,85.0108844935909,1,0.0088000025827762,-0.6833653348859491,-0.0559092340413535,0.1000000000000085,29.760978008857144,1140.288738508595,561.405122747564,11.600724204514297,30.43571967563536,1140.0935444809222,573.3742483010503,11.970717072237564,1318.6711820447629,True,1140.288738508595,561.405122747564,GNSS + DR
109.5,1141.556495605401,561.405122747565,11.554692191464314,0.5133104570103899,-0.0895478237791014,-0.062834841648021,20.00504318802347,85.0109129051884,1145.235374472348,564.1883499462186,20.00506819017879,85.01094807406216,1,-0.061637685172877,-0.6779871989607129,-0.0600017741885802,0.0999999999999943,29.410522766626823,1141.2952950590156,561.9725317950779,11.629218050577292,30.049684126559505,1141.1001597133786,573.9565823104172,11.985639096740751,1319.8266512639095,True,1141.2952950590156,561.9725317950779,GNSS + DR
109.6,1142.5630521558214,561.9725317950789,11.545935738491297,0.5070269728455878,-0.0853100220019431,-0.0646054278732326,20.00504828514567,85.01092252753845,1147.3006086647663,569.6900841059881,20.00511761309764,85.01096781702277,1,-0.0051362074580599,-0.680120331596445,-0.0538447328376187,0.0999999999999943,29.05050564334638,1142.3046315391605,562.5331798046368,11.62751944855093,29.93638325889184,1142.1077773293805,574.5368398611541,12.005274104839836,1320.9812448377586,True,1142.3046315391605,562.5331798046368,GNSS + DR
109.7,1143.5723886359665,562.5331798046378,11.537630187063924,0.5005664300582646,-0.0805327617824325,-0.0664690698519318,20.00505332153243,85.01093217646373,1145.0560586019349,560.2831745958923,20.005033109391743,85.01094635986132,1,0.0034330210391735,-0.7415901381556282,-0.0447293248992214,0.1000000000000085,28.680343808269072,1143.3168403654372,563.0868966956036,11.59752132017038,29.0678435478318,1143.1214529214064,575.1002995330462,12.014991634951604,1322.1350078564649,True,1143.3168403654372,563.0868966956036,GNSS + DR
109.8,1144.584597462243,563.0868966956047,11.529829186134808,0.4939195230730714,-0.0752223749478275,-0.0684155496927278,20.005058295655893,85.01094185284767,1147.5055879962752,561.5646949664034,20.0050446214851,85.01096977655787,1,-0.0567947148322671,-0.7048634126664598,-0.0590778584705833,0.0999999999999943,28.29950409120148,1144.3320204453112,563.6335035159428,11.599302456361691,28.72339400474141,1144.1386537667715,575.6577406644044,12.02579185229865,1323.2879907750782,True,1144.3320204453112,563.6335035159428,GNSS + DR
109.9,1145.599777542117,563.633503515944,11.52258571207436,0.4870779681037986,-0.0693859767329208,-0.0704331882984697,20.005063205908503,85.01095155763583,1149.3256575325584,562.7151463705641,20.005054956165903,85.01098717582488,1,-0.0096514661644116,-0.7811729836983928,-0.0608878695797815,0.1000000000000085,27.90751186615539,1145.350276269111,564.1728131600428,11.597424912010636,28.3615940088864,1145.159189109455,576.2086583172631,12.0373619597971,1324.4402493462858,True,1145.350276269111,564.1728131600428,GNSS + DR
110.0,1146.6180333659163,564.1728131600439,11.515951990788224,0.4800346492739516,-0.0630314560794786,-0.072508951621714,20.005068050609463,85.01096129182709,1150.00833131513,562.7021467099275,20.005054839387963,85.01099370196205,1,-0.0452078581657217,-0.7653672498521604,-0.066994973078543,0.0999999999999943,27.503959423440136,1146.3717169372935,564.7046312341276,11.588553977116316,27.93042610093432,1146.1830575748288,576.7514650954247,12.04831102008654,1325.5918445453642,True,1146.3717169372935,564.7046312341276,GNSS + DR
110.1,1147.6394740340995,564.7046312341288,11.509979420858464,0.4727837541117802,-0.0561674648717591,-0.0746285727779921,20.00507282801251,85.01097105646441,1149.4817715654374,562.034568984838,20.005048842435222,85.01098866822377,1,0.0399393298321646,-0.8534659473121847,-0.0729074834043042,0.0999999999999943,27.088513732955885,1147.3964551371816,565.2287570628904,11.572261404400717,27.455010620491343,1147.2099489579011,577.2850064972758,12.057691942450234,1326.7428424874502,True,1147.3964551371816,565.2287570628904,GNSS + DR
110.2,1148.6642122339874,565.2287570628915,11.504718497813872,0.465320896833981,-0.0488034061227793,-0.0767766887271791,20.005077536314936,85.01098085262507,1150.459253375212,556.9407305458703,20.00500308370598,85.01099801262885,1,0.0129887607905172,-0.9439236093289084,-0.0733980337936183,0.1000000000000085,26.6609235078295,1148.4246060842236,565.744984829711,11.566685438755371,26.74652218197844,1148.2428612111728,577.8055585095018,12.06194298960752,1327.8933143372317,True,1148.4246060842236,565.744984829711,GNSS + DR
110.3,1149.6923631810291,565.7449848297122,11.500218739633908,0.457643227961263,-0.0409494211270455,-0.0789369900712622,20.005082173667866,85.01099068141045,1151.2513449010687,564.4408864085427,20.005070458752428,85.0110055847637,1,-0.0704736088614633,-0.8643747030668997,-0.0725827302188069,0.0999999999999943,26.2210254849238,1149.4562864436932,566.2531048415965,11.56061195110084,26.655820563865326,1149.2760534272124,578.3242022519244,12.072442860906564,1329.0433362111949,True,1149.4562864436932,566.2531048415965,GNSS + DR
110.4,1150.724043540499,566.2531048415976,11.496528613588463,0.4497495289541368,-0.0326163755982467,-0.0810923823705899,20.0050867381876,85.01100054393586,1147.4320305168578,567.3611790206974,20.005096692187305,85.01096907337252,1,0.0054598570094456,-0.8660146911102126,-0.0589113824081917,0.1000000000000085,25.76874984706885,1150.4916132493356,566.7529049087725,11.524581860097523,26.32415355602384,1150.309001203831,578.8352587666855,12.083733773423978,1330.1929890725537,True,1150.4916132493356,566.7529049087725,GNSS + DR
110.5,1151.7593703461412,566.7529049087736,11.49369546451426,0.4416402907170778,-0.0238158448097536,-0.0832251572518938,20.005091227967988,85.01101044132011,1153.86153981672,565.273239372256,20.00507793590632,85.01103053736985,1,0.0885897632814403,-0.8977972458491995,-0.0806222950372018,0.0999999999999943,25.304124721019267,1151.5307028357993,567.2441718276796,11.557709927651452,25.730141444193382,1151.3501760726533,579.337017155006,12.094192739610762,1331.342358619005,True,1151.5307028357993,567.2441718276796,GNSS + DR
110.6,1152.798459932605,567.2441718276807,11.491765444626513,0.4333177749918884,-0.0145600977590909,-0.0853171714713768,20.005095641093806,85.0110203746753,1148.7310180192253,573.050315378268,20.00514779856874,85.01098149126643,1,0.0063783505135739,-0.9293355898761708,-0.079791050712263,0.0999999999999943,24.82727969503465,1152.5736698017458,567.726692954976,11.514649165203982,25.617586872564026,1152.3884518217317,579.8348674566558,12.10959105268426,1332.4915351634677,True,1152.5736698017458,567.726692954976,GNSS + DR
110.7,1153.8414268985516,567.7266929549771,11.49078344496244,0.4247860578447507,-0.0048620803774657,-0.0873500320062308,20.00509997565484,85.01103034509696,1151.4576285331764,567.7668203931247,20.00510033612575,85.01100755676747,1,0.0475236711272876,-0.9911496499918858,-0.0910038086102959,0.1000000000000085,24.33844831050427,1153.6206260202364,568.2002578590328,11.52489145585994,24.84045468241165,1153.4343139287448,580.3190199985346,12.120194222423065,1333.640613507964,True,1153.6206260202364,568.2002578590328,GNSS + DR
110.8,1154.8883831170422,568.200257859034,11.49079302855102,0.4160510546441276,0.0052646021924207,-0.0893052851790229,20.00510422976076,85.01104035365456,1158.7990783204664,572.0733450245864,20.00513902229473,85.01107773861636,1,0.062558544079378,-1.0365258609201573,-0.0771389745142913,0.0999999999999943,23.837969493075303,1154.671679712406,568.6646600343357,11.56686432990718,24.53162385135292,1154.486588875763,580.7992709122695,12.136022403435124,1334.789692810819,True,1154.671679712406,568.6646600343357,GNSS + DR
110.9,1155.939436809212,568.6646600343369,11.491836365400925,0.4071205261262254,0.0158057042262171,-0.0911646077722551,20.00510840155648,85.01105040138268,1158.4600972972946,569.4489212725267,20.005115446695044,85.0110744980691,1,-0.0060254407320128,-0.990062341382524,-0.0724978159850722,0.1000000000000085,23.326287900178283,1155.7269345995012,569.1196986631946,11.55864076865481,23.86550096208778,1155.5436239549483,581.2669231394201,12.148607544415006,1335.9388764473592,True,1155.7269345995012,569.1196986631946,GNSS + DR
111.0,1156.994691696307,569.1196986631957,11.493954169396265,0.3980040653489999,0.0267463589298699,-0.0929099980655906,20.005112489238027,85.01106048927284,1161.4568865653646,571.5989205928754,20.00513476046755,85.01110314639031,1,0.0822817563905456,-1.016580888834681,-0.0716650196060231,0.0999999999999943,22.803953173546702,1156.786489147093,569.5651804082291,11.573702135189984,23.42791427003069,1156.6055817577726,581.7270877145036,12.163252723261246,1337.0882718642988,True,1156.786489147093,569.5651804082291,GNSS + DR
111.1,1158.054246243899,569.5651804082303,11.4971856371869,0.3887130655424408,0.0380710988070109,-0.094523964726,20.00511649106863,85.01107061826633,1157.239223092837,570.402905070031,20.005124016477307,85.01106282691268,1,-0.0016206587947203,-1.0848045241599205,-0.0874903194790429,0.0999999999999943,22.27161809717401,1157.8504359137253,570.000921218267,11.541752149513156,22.81350433026404,1157.6694679121942,582.174599364897,12.175023163645914,1338.2379904280176,True,1157.8504359137253,570.000921218267,GNSS + DR
111.2,1159.118193010531,570.0009212182681,11.501568389157663,0.3792606690698408,0.0497638768542518,-0.095989711501483,20.005120405394926,85.011080789248,1155.6614464867007,574.1072751139787,20.00515729339959,85.0110477438865,1,0.048482671534182,-1.0185610220302188,-0.0852461686686907,0.1000000000000085,21.73003567300968,1158.9188610143767,570.4267481295853,11.52852341233213,22.43535336779521,1158.735061695255,582.6145748303378,12.189212520802323,1339.3881472669334,True,1158.9188610143767,570.4267481295853,GNSS + DR
111.3,1160.1866181111825,570.4267481295865,11.50713841255775,0.3696616979196925,0.0618080885547467,-0.0972913157118199,20.00512423066316,85.01109100304106,1159.4653065199711,570.5945661799836,20.005125738198352,85.01108410753915,1,0.1455942369294563,-1.1336879119631469,-0.0938268189335203,0.0999999999999943,21.180055138438345,1159.9918437070205,570.84250104388,11.552329668616345,21.688446040958205,1159.808512386143,583.041502016114,12.200378481579186,1340.5388611081892,True,1159.9918437070205,570.84250104388,GNSS + DR
111.4,1161.259600803826,570.8425010438813,11.513930006868614,0.3599325663485105,0.0741865946408459,-0.0984138985945347,20.00512796543513,85.01110126040322,1161.5656946955478,572.3308631681476,20.005141335619573,85.01110418656029,1,0.1220244091562638,-1.13230690906009,-0.0881337117975894,0.1000000000000085,20.622616961082134,1161.0694561082178,571.2480344639783,11.565970632813428,21.19703506729545,1160.8868569989484,583.4597001304393,12.213030777989822,1341.6902541088762,True,1161.0694561082178,571.2480344639783,GNSS + DR
111.5,1162.337213205023,571.2480344639795,11.521975731485918,0.3500911764890571,0.0868817445940184,-0.0993437856502638,20.005131608403826,85.01111156202387,1162.5741793540433,572.3470332649296,20.005141480878024,85.01111382734243,1,0.101657854206692,-1.0328154267191958,-0.0912041341252716,0.0999999999999943,20.0587468575926,1162.1517630411877,571.6432191681552,11.57355550581272,20.61369679764011,1161.9701133230726,583.8671649837773,12.225295412519012,1342.842451682025,True,1162.1517630411877,571.6432191681552,GNSS + DR
111.6,1163.419520137993,571.6432191681563,11.531306355787418,0.3401567979240307,0.0998754008502622,-0.1000686552379905,20.00513515840842,85.0111219085227,1166.8205615742631,570.7783627937744,20.005127389271426,85.01115442136185,1,0.1521984519125216,-1.080493223274244,-0.0944860113654756,0.0999999999999943,19.48954889373136,1163.238822017182,572.0279438039921,11.603979965362551,19.946306075012263,1163.060902208692,584.2630224295503,12.236372192436978,1343.9955823176035,True,1163.238822017182,572.0279438039921,GNSS + DR
111.7,1164.5065791139875,572.0279438039934,11.54195081165597,0.3301499324002316,0.1131489636780269,-0.1005776737960671,20.005138614448622,85.01113230044949,1163.4227678389773,573.2428907607674,20.00514952850284,85.01112193956965,1,0.1401443512902704,-1.1487630289995374,-0.0942001368732958,0.1000000000000085,18.916197733062702,1164.3306833483366,572.4021163830466,11.584725403155902,19.476945080901405,1164.1530820075088,584.6492890650784,12.24846034976514,1345.1497773987692,True,1164.3306833483366,572.4021163830466,GNSS + DR
111.8,1165.5984404451422,572.4021163830479,11.553936148523023,0.3200921650206249,0.1266833966943181,-0.1008616162081696,20.00514197569809,85.01114273828523,1166.654543860551,579.105275121641,20.00520219119756,85.01115283428703,1,0.1573123218119098,-1.1209796380238497,-0.0913423933742331,0.0999999999999943,18.33993011088689,1165.427390387512,572.7656656581993,11.610976837959084,19.175088047816537,1165.249761145059,585.0306585716964,12.266279114544483,1346.3051710136212,True,1165.427390387512,572.7656656581993,GNSS + DR
111.9,1166.695147484318,572.7656656582006,11.567287490994834,0.3100060033998079,0.1404592529843906,-0.1009129699927792,20.0051452415168,85.01115322244435,1163.729266036014,571.9544748319144,20.00513795446562,85.01112486959175,1,0.2033001793203975,-1.1295497232504204,-0.0988544943412348,0.1000000000000085,17.762035618527243,1166.5289798880915,573.1185423664231,11.597514948006143,18.221476077212927,1166.3513568000694,585.393302394965,12.276045117206449,1347.4618997627208,True,1166.5289798880915,573.1185423664231,GNSS + DR
112.0,1167.796736984897,573.1185423664244,11.582027999119902,0.29991470640053,0.1544567017892539,-0.100726022168723,20.0051484114622,85.01116375327818,1169.1476888190284,574.3769370449842,20.00515971581393,85.01117666793404,1,0.1480883147562973,-1.2738923022469908,-0.0981509900895033,0.0999999999999943,17.183846890655584,1167.635482474269,573.4607203208652,11.64103434468078,17.74676662458357,1167.4600640473675,585.7481334053471,12.288665181100518,1348.6201025626328,True,1167.635482474269,573.4607203208652,GNSS + DR
112.1,1168.903239571075,573.4607203208666,11.598178831352683,0.2898421041836577,0.1686555557244773,-0.1002969278358264,20.005151485299063,85.01117433107952,1168.9125652216317,577.2340571734749,20.00518538176073,85.01117442022966,1,0.2006723760022118,-1.1785854027488587,-0.0782233076991108,0.0999999999999943,16.606729294914686,1168.746923210182,573.7921973375546,11.648241002356396,17.2953961375451,1168.5722202662744,586.0944334619982,12.303476532272237,1349.779920445768,True,1168.746923210182,573.7921973375546,GNSS + DR
112.2,1170.014680306988,573.792197337556,11.615759110264795,0.2798124114000751,0.1830352984933103,-0.0996237597067957,20.00515446300777,85.01118495608793,1167.7652402921344,577.2129571803888,20.00518519221627,85.01116345218014,1,0.1974218887629777,-1.1297479252685083,-0.0675182920183319,0.1000000000000085,16.03207022860259,1169.8633222542962,574.1129959837148,11.650762843499106,16.70310822074423,1169.6881383757002,586.4292909263172,12.317540765286486,1350.9414963567947,True,1169.8633222542962,574.1129959837148,GNSS + DR
112.3,1171.131079351102,574.1129959837161,11.634785891051347,0.2698500354293955,0.1975751130558212,-0.0987065380319226,20.00515734479104,85.01119562849614,1170.4235912645777,574.1481452368743,20.00515766054216,85.01118886514239,1,0.1482949443258084,-1.1362600098763025,-0.1057502075172631,0.0999999999999943,15.461268131560098,1170.9846955838636,574.4231641365619,11.680069303807851,15.963025594218005,1170.8111062247292,586.7505126557573,12.328570670573065,1352.1049749458996,True,1170.9846955838636,574.4231641365619,GNSS + DR
112.4,1172.2524526806696,574.4231641365634,11.65527413287596,0.2599793816262033,0.2122539102159226,-0.0975472405698194,20.005160131078963,85.0112063484569,1171.699925441124,567.2729980276913,20.005095900043965,85.01120106647794,1,0.1962311224034576,-1.0945847015053245,-0.10514195261358,0.1000000000000085,14.89572132760243,1172.1110557730412,574.7227753435636,11.701590617945657,15.038213022158828,1171.9411908420077,587.0541258763045,12.332520425935812,1353.2705023591873,True,1172.1110557730412,574.7227753435636,GNSS + DR
112.5,1173.378812869847,574.7227753435651,11.677236673094532,0.2502246575692213,0.2270503575873128,-0.0961497924728643,20.005162822532228,85.01121711609038,1172.5683474818356,576.2728837995105,20.005176747393406,85.01120936830745,1,0.3354606799405045,-1.0362897671271636,-0.1007213207509458,0.0999999999999943,14.336816808822627,1173.2424128074213,575.0119289773872,11.72183357050779,14.9143222316199,1173.0738854207675,587.3558158061899,12.345037202144804,1354.4382260264967,True,1173.2424128074213,575.0119289773872,GNSS + DR
112.6,1174.510169904227,575.0119289773887,11.700684204393424,0.2406096783219349,0.2419429088981228,-0.0945200361729864,20.005165420043515,85.01122793149207,1179.82419363103,568.3535062015195,20.00510560641404,85.01127873181368,1,0.2911790746273845,-1.0920258834806535,-0.0905529203233719,0.0999999999999943,13.785919077847243,1174.3787749173332,575.2907501811464,11.78611102923878,13.952997939053787,1174.2177202573034,587.6400093998226,12.350309382909195,1355.608294446936,True,1174.3787749173332,575.2907501811464,GNSS + DR
112.7,1175.646532014139,575.2907501811479,11.725625254874156,0.2311576747046362,0.2569098335952358,-0.0926656815695026,20.005167924737,85.01123879474063,1175.351194007215,579.7005618739717,20.00520753874944,85.01123597140628,1,0.2207304185251663,-1.10944579587763,-0.07870787645913,0.1000000000000085,13.244359162633645,1175.5201494122914,575.5593896020001,11.773656334828,13.964849747274828,1175.3602876247537,587.92413902824,12.365782796281614,1356.7808569724236,True,1175.5201494122914,575.5593896020001,GNSS + DR
112.8,1176.7879065090972,575.5593896020016,11.752066171112473,0.221891106547686,0.2719292467065948,-0.0905962370335431,20.00517033796598,85.01124970590595,1176.0562181785651,576.0678112155814,20.00517490519504,85.01124271120582,1,0.2249115279141743,-1.0184503895464374,-0.0796837076130604,0.0999999999999943,12.713423916670076,1176.6665434994238,575.8180229136395,11.797188248908927,13.238844997349064,1176.5086540809878,588.1943074719894,12.377291647921355,1357.9560635895348,True,1176.6665434994238,575.8180229136395,GNSS + DR
112.9,1177.9343005962298,575.8180229136411,11.780011104215475,0.2128314828443317,0.2869791389217724,-0.0883229219508872,20.00517266130855,85.01126066505694,1171.6419477233994,578.8170449732571,20.005199601982085,85.01120051223,1,0.3113709439162432,-1.0267761680165988,-0.0816026105830825,0.1000000000000085,12.194345714491192,1177.817965069581,576.0668501306627,11.788062085063274,12.84429681747199,1177.6579639390109,588.4563588552408,12.390541828272848,1359.1340646999565,True,1177.817965069581,576.0668501306627,GNSS + DR
113.0,1179.0857221663869,576.0668501306643,11.809461998896824,0.203999190649243,0.3020374068490827,-0.0858585617244597,20.00517489656147,85.01127167226899,1176.4031001104483,573.3605167161212,20.00515058515477,85.01124602728316,1,0.4100967335079069,-0.9917465970060396,-0.0755692062548807,0.0999999999999943,11.688292648286271,1178.9744234360574,576.3060947202368,11.841577851857236,12.052975977559116,1178.8160169023718,588.7036299499264,12.398547189139038,1360.3150108998461,True,1178.9744234360574,576.3060947202368,GNSS + DR
113.1,1180.2421805328634,576.3060947202384,11.840418585585292,0.195413334476797,0.3170818834079547,-0.0832174663471792,20.005177045732182,85.01128272763117,1179.4529602594944,571.6485723003383,20.005135206496423,85.01127518294456,1,0.3377439766677371,-0.969918321140114,-0.0851383279134629,0.0999999999999943,11.19635932609877,1180.1359300124475,576.5360025187589,11.885157117096163,11.463483205103762,1179.9808235920902,588.9398395444975,12.404806768455572,1361.4990527584048,True,1180.1359300124475,576.5360025187589,GNSS + DR
113.2,1181.4036871092535,576.5360025187605,11.872878375578416,0.187091587842079,0.3320903683153897,-0.0804152938332047,20.00517911102908,85.01129383125259,1179.3461290807236,577.318265671184,20.005186138218537,85.01127416167357,1,0.4274403459855905,-0.8126691132174921,-0.0778565215507309,0.1000000000000085,10.719558365752231,1181.302498918009,576.7568404633926,11.909161322054883,11.258671523373406,1181.1488214280714,589.172352531427,12.41646313095732,1362.6863405959627,True,1181.302498918009,576.7568404633926,GNSS + DR
113.3,1182.570256014815,576.7568404633942,11.90683665924837,0.1790500584587586,0.3470406586242713,-0.0774688999589655,20.005181094850087,85.01130498326819,1186.7153787949485,576.6560301435258,20.005180189255576,85.01134460928064,1,0.3946371971652042,-1.0044447510329526,-0.0726698454427235,0.0999999999999943,10.258812671257534,1182.474147501002,576.9688951503728,11.984470811115926,10.753772155264112,1182.3262215199666,589.395969234359,12.42795447307187,1363.8770242618875,True,1182.474147501002,576.9688951503728,GNSS + DR
113.4,1183.741904597808,576.9688951503744,11.94228650730327,0.171303168462862,0.3619105792721733,-0.0743961759129152,20.00518299976975,85.01131618384386,1183.2470912716194,575.4942726719029,20.005169753010644,85.01131145359096,1,0.415473102164468,-0.8778771429564004,-0.0852383393016337,0.1000000000000085,9.81494857014054,1183.6508967727184,577.1724712337933,11.988987751795348,10.241217446216965,1183.5060193943852,589.6091246908795,12.437497283071345,1365.071252912618,True,1183.6508967727184,577.1724712337933,GNSS + DR
113.5,1184.9186538695242,577.1724712337949,11.979218775102805,0.1638635508715705,0.3766780135989744,-0.0712158755830791,20.005184828524825,85.01132743318043,1188.7839866174788,577.4264550759932,20.005187110100497,85.01136438449204,1,0.339891988133746,-0.8232950051526268,-0.0778289776303051,0.0999999999999943,9.388689880968252,1184.8327717472462,577.3678896802163,12.05498766008917,9.901389073078168,1184.6935624463017,589.8164137998418,12.449302469872269,1366.2691747901283,True,1184.8327717472462,577.3678896802163,GNSS + DR
113.6,1186.1005288440522,577.3678896802179,12.017622110023066,0.1567419633132626,0.3913209337910484,-0.0679474343227707,20.0051865839986,85.01133873151703,1186.2856427462034,585.6701973563147,20.005261164897384,85.01134050114514,1,0.4681970798785363,-0.8256237136508081,-0.0741630949355472,0.0999999999999943,8.980652970444332,1186.019801684388,577.555485895856,12.068856202704074,9.89576835424917,1185.8824920482489,590.0238247494765,12.469094903194806,1367.4709370011308,True,1186.019801684388,577.555485895856,GNSS + DR
113.7,1187.287558781194,577.5554858958576,12.057482961861014,0.1499472198809855,0.4058174312111084,-0.0646107811261365,20.00518826920408,85.0113500791334,1187.3992422904587,580.0590625379648,20.0052107592157,85.01135114679106,1,0.4190708293474281,-0.7040521009745083,-0.0519696988892987,0.1000000000000085,8.59134284890062,1187.2120202354406,577.7356077442852,12.108227518589446,9.21652168100598,1187.0776832249596,590.2177571798024,12.482872304200228,1368.6766852973167,True,1187.2120202354406,577.7356077442852,GNSS + DR
113.8,1188.4797773322466,577.7356077442868,12.098785596265287,0.1434861417683718,0.4201457465719294,-0.0612261462153836,20.00518988726617,85.01136147635118,1188.2133879891092,580.8841035618767,20.00521817068532,85.01135892975655,1,0.4933003692524748,-0.6700991320095336,-0.0537725967296594,0.0999999999999943,8.221150341943503,1188.4094654937592,577.9086134735958,12.147009667311035,8.878575132823,1188.277829217428,590.4052352727609,12.497315091675336,1369.8865638569432,True,1188.4094654937592,577.9086134735958,GNSS + DR
113.9,1189.6772225905652,577.9086134735974,12.1415121111754,0.1373635271468335,0.4342842999123508,-0.0578138660900119,20.00519144140308,85.0113729235346,1189.6886113454295,580.4404241482574,20.00521418504533,85.01137303240735,1,0.4235758008130452,-0.6743354862501799,-0.0467032540892725,0.1000000000000085,7.8703503645442705,1189.612179954038,578.0748695727149,12.19158803620783,8.496940898277273,1189.4836062337454,590.5853740397348,12.51116514241881,1371.1007150680607,True,1189.612179954038,578.0748695727149,GNSS + DR
114.0,1190.879937050844,578.0748695727165,12.185642456247756,0.1315821405378323,0.4482117203352942,-0.0543941881144184,20.005192934907026,85.01138442108984,1196.0363220599936,582.513256004273,20.00523280561071,85.01143371443706,1,0.4870641877107898,-0.6463618158273696,-0.0677907380124431,0.0999999999999943,7.539101312115051,1190.820210386046,578.2347485771455,12.270018356308752,8.26102063369288,1190.6978764139494,590.7616733140065,12.52752205999692,1372.3192793136855,True,1190.820210386046,578.2347485771455,GNSS + DR
114.1,1192.087967482852,578.2347485771471,12.23115445524246,0.1261427217263905,0.4619068754662603,-0.0509870767237807,20.00519437112456,85.01139596946403,1185.1291353025983,577.6645335584449,20.005189248795894,85.0113294453138,1,0.5095070231631419,-0.5992286523414421,-0.0608227435842967,0.0999999999999943,7.227445571215369,1192.0336076300807,578.3886268447754,12.234762240707438,7.698934820280256,1191.9103238446294,590.9255796857674,12.5375589900511,1373.5423947592096,True,1192.0336076300807,578.3886268447754,GNSS + DR
114.2,1193.3013647268867,578.388626844777,12.27802383134101,0.1210440140540124,0.4753489005932998,-0.0476120233089135,20.00519575343656,85.01140756914317,1187.2967274935706,572.2243429217511,20.00514037873192,85.01135016678327,1,0.4976472347645065,-0.5598208895275948,-0.0359798689063486,0.1000000000000085,6.935311140617133,1193.252426322639,578.5368823225849,12.287992916452236,7.127096944465839,1193.129628661207,591.0780377567826,12.54175661103175,1374.7701971423437,True,1193.252426322639,578.5368823225849,GNSS + DR
114.3,1194.520183419445,578.5368823225864,12.32622423536112,0.116282811723121,0.4885172274472182,-0.0442878617992314,20.005197085238173,85.0114192206496,1192.8906709262767,577.9711239235684,20.005192002944003,85.01140364304533,1,0.5387444871015261,-0.519820766848298,-0.0670745582158919,0.0999999999999943,6.662514341649205,1194.476724561707,578.6798923250974,12.36536081874,7.134226421698303,1194.356591388978,591.2316084129578,12.552290975333715,1376.0028195658797,True,1194.476724561707,578.6798923250974,GNSS + DR
114.4,1195.7444816585132,578.6798923250989,12.375727276830451,0.1118540255431979,0.501391612583415,-0.0410325918993791,20.005198369918883,85.01143092453867,1195.788065304326,581.1150994550884,20.00522024575673,85.01143134118402,1,0.5180717588237896,-0.4872081218840385,-0.023786298323381,0.1000000000000085,6.4087635851737454,1195.7065635216577,578.8180313452646,12.426017834469205,7.030523941673221,1195.5898501561314,591.3837005082968,12.566211184142636,1377.240392293563,True,1195.7065635216577,578.8180313452646,GNSS + DR
114.5,1196.9743206184637,578.818031345266,12.426502557877802,0.10775076635326,0.5139521653269785,-0.0378632118502337,20.005199610842816,85.01144268139522,1199.0446338927557,575.9086301599208,20.00517347524729,85.0114624729102,1,0.5114991776749146,-0.427884833176779,-0.0510963832854616,0.0999999999999943,6.1736641513420345,1196.9420070279823,578.9516689181594,12.490304646373083,6.528194092074774,1196.8307819451793,591.5257054255434,12.574528424878208,1378.4830425493506,True,1196.9420070279823,578.9516689181594,GNSS + DR
114.6,1198.2097641247883,578.9516689181609,12.478517709895849,0.1039644451682366,0.5261793752413535,-0.0347955624798174,20.00520081132956,85.01145449182941,1199.629025718871,578.4225710666929,20.00519605836269,85.01146805950414,1,0.6364535443810517,-0.366536439388796,-0.0213621135605676,0.0999999999999943,5.956723927559221,1198.1831211020308,579.0811675573839,12.5379794538564,6.430269034985821,1198.0766921123825,591.6661231705492,12.58540563172992,1379.7308943203402,True,1198.1831211020308,579.0811675573839,GNSS + DR
114.7,1199.4508781988368,579.0811675573855,12.531738432926073,0.1004848889202549,0.538054139084716,-0.0318441841852813,20.005201974635625,85.01146635647235,1198.298140460195,577.0058583283785,20.00518333181563,85.01145533667815,1,0.6205017824027881,-0.4305759941997962,-0.035730030432851,0.1000000000000085,5.757360039971493,1199.429973485555,579.2068807834731,12.574053514668462,6.153594578521146,1199.326852431934,591.8009096435967,12.59445103533,1380.984068163633,True,1199.429973485555,579.2068807834731,GNSS + DR
114.8,1200.6977305823607,579.2068807834747,12.586128537712792,0.0973004705017267,0.5495577872162727,-0.0290221883449062,20.00520310393675,85.01147827597164,1203.754861662086,583.7129685390041,20.00524358281177,85.01150750114074,1,0.5415145499638638,-0.3878101879163573,-0.0135331511931904,0.0999999999999943,5.574906304386103,1200.6826331542447,579.3291512628014,12.656509411577629,6.3002106921625725,1200.584859539952,591.9397996037416,12.611027367288903,1382.242681017404,True,1200.6826331542447,579.3291512628014,GNSS + DR
114.9,1201.950390251051,579.329151262803,12.641649990369327,0.0943982516672361,0.5606721094165312,-0.0263411445006406,20.005204202311155,85.01149025098668,1205.0409764605092,581.5775223090227,20.005224399771905,85.01151979597583,1,0.6190943246962619,-0.3904214305970174,0.0107404646385242,0.1000000000000085,5.408621413946416,1201.941169828595,579.4483090745707,12.712253898432383,6.0210399662574,1201.849072143386,592.0731430891511,12.625169934671275,1383.5068460164412,True,1201.941169828595,579.4483090745707,GNSS + DR
115.0,1203.208926925401,579.4483090745723,12.698262959596098,0.091764137217172,0.5713793800861655,-0.0238109844786658,20.005205272723988,85.01150228218395,1203.7611004192158,581.4029309365042,20.00522283139092,85.01150756078121,1,0.5642454373511079,-0.2290382722190807,-0.0415427607798771,0.0999999999999943,5.257697773203319,1203.205653489408,579.5646701223827,12.75194411622153,5.8554288662999125,1203.117613202396,592.2032367824568,12.638873300784072,1384.7766723124007,True,1203.205653489408,579.5646701223827,GNSS + DR
115.1,1204.473410586214,579.5646701223843,12.75592586638656,0.0893830387693054,0.581662382789041,-0.0214399244298905,20.005206318013062,85.01151437023248,1207.3613833036743,581.4294740617472,20.00522306983187,85.01154197830319,1,0.5524281506059249,-0.2309699219490904,-0.009486152951284,0.0999999999999943,5.121270881535411,1204.476153904112,579.6785347056585,12.825179017836298,5.714511078503556,1204.393757482339,592.3309393476779,12.652672934827454,1386.0522648990393,True,1204.476153904112,579.6785347056585,GNSS + DR
115.2,1205.743911000918,579.6785347056601,12.814595436153908,0.0872390463263164,0.5915044341062714,-0.0192344055760288,20.00520734087602,85.01152651579918,1206.5618467912143,579.5667869480037,20.005206337028834,85.01153433499671,1,0.6731949061762202,-0.1912177501150744,-0.0323160327119662,0.1000000000000085,4.998429163244199,1205.75274016883,579.7901862647873,12.870048341422551,5.49284177536138,1205.674852602701,592.4541332423736,12.664186492786452,1387.3337244426548,True,1205.75274016883,579.7901862647873,GNSS + DR
115.3,1207.020497265636,579.7901862647889,12.874226753207816,0.0853156057687135,0.6008894067676707,-0.0171990542422707,20.00520834385904,85.01153871954462,1205.3360481852874,580.3828551123714,20.005213667893884,85.01152261676461,1,0.5456844254853004,-0.2628994361738881,-0.0079313650200957,0.0999999999999943,4.888224137149263,1207.035480269895,579.8998903123419,12.91299709267216,5.4178575795283885,1206.9603835405048,592.5760559519196,12.676388083392478,1388.6211471179756,True,1207.035480269895,579.8998903123419,GNSS + DR
115.4,1208.303237366701,579.8998903123435,12.93477331750744,0.0835957003444864,0.6098017520303056,-0.0153366615466549,20.005209329347267,85.0115509821187,1210.3966878837011,576.3443365707465,20.00517738926457,85.01157099481811,1,0.6861445477091327,-0.0791288344093085,-0.0124043831821739,0.1000000000000085,4.789680815179393,1208.3244406672814,580.0078935610122,12.99872965428744,5.111903128099545,1208.2550863603096,592.6918762206215,12.68417226819169,1389.9146244497265,True,1208.3244406672814,580.0078935610122,GNSS + DR
115.5,1209.5921977640871,580.0078935610138,12.996187103613876,0.0820620341898209,0.6182265212725557,-0.0136481829014949,20.00521029955696,85.01156330415678,1209.924037131823,573.4485676247621,20.005151376129536,85.01156647643215,1,0.6355904056439028,-0.1778168840194404,-0.0073503596768765,0.0999999999999943,4.701808217335001,1209.6196859012732,580.1144232570725,13.04839936606545,4.873841920522416,1209.5552082423071,592.8027380811261,12.688478649657078,1391.2142431600878,True,1209.6196859012732,580.1144232570725,GNSS + DR
115.6,1210.887442998079,580.1144232570741,13.058418621761952,0.0806972158996714,0.6261493867739265,-0.012132757265885,20.0052112565295,85.01157568627583,1210.8914625383425,580.5646666481092,20.005215301134697,85.01157572470132,1,0.6455720566199001,-0.1200243330585876,-0.0162496200291673,0.0999999999999943,4.623609889507174,1210.9212782226518,580.2196867262331,13.108445418697045,5.146122059058928,1210.8607690115657,592.920315675601,12.700773089625232,1392.5200850222639,True,1210.9212782226518,580.2196867262331,GNSS + DR
115.7,1212.1890353194576,580.2196867262347,13.12141698096866,0.0794839401730829,0.633556661653456,-0.0107877458728125,20.00521220212733,85.01158812907096,1216.6078960360264,581.1916574950511,20.005220933489305,85.01163037192816,1,0.6840442226346205,-0.0688312788479781,0.0020176652221524,0.1000000000000085,4.554094310987984,1212.2292772457838,580.3238711366344,13.200876052412452,5.102692849428806,1212.1756249596124,593.0377257322322,12.713967801037366,1393.832226720361,True,1212.2292772457838,580.3238711366344,GNSS + DR
115.8,1213.4970343425896,580.3238711366358,13.185129954092645,0.0784051655858017,0.6404353189380174,-0.009608789942084,20.005213138031813,85.01160063311205,1206.1444179569694,583.9516648419119,20.005245727057144,85.01153034451414,1,0.6994952595377301,-0.1460421318777606,-0.0190923683217879,0.0999999999999943,4.492285080090804,1213.5437396232749,580.4271434815462,13.186112511521843,5.173674765354611,1213.4888641037733,593.1566315012628,12.729606300540109,1395.1507397157702,True,1213.5437396232749,580.4271434815462,GNSS + DR
115.9,1214.8114967200806,580.4271434815477,13.249504044756264,0.0774442865915933,0.6467730097354352,-0.0085898866834699,20.005214065743072,85.01161319894068,1210.558444209602,585.1411509297948,20.00525641239248,85.01157254115547,1,0.6354558508939898,-0.1111279562822658,0.0088264859455175,0.1000000000000085,4.437230769099887,1214.864718740318,580.5296507820495,13.271150361353074,5.172931141512242,1214.8105739410323,593.2762869450561,12.74675115985857,1396.475690120246,True,1214.864718740318,580.5296507820495,GNSS + DR
116.0,1216.1324758371236,580.529650782051,13.31448455603973,0.0765852979232463,0.6525580804872355,-0.0077234826954159,20.00521498658182,85.0116258270672,1212.5712645580004,585.2396462370479,20.00525729719088,85.01159178305694,1,0.7184443609247387,-0.063875602336912,-0.0068159857615177,0.0999999999999943,4.388014343754041,1216.1922644265155,580.6315205076224,13.340743147512244,5.123514116503883,1216.139317961089,593.3954238681409,12.764013174736876,1397.8071385758499,True,1216.1922644265155,580.6315205076224,GNSS + DR
116.1,1217.4600215233213,580.6315205076239,13.380015660853712,0.0758129496537047,0.6577795892767124,-0.0070005836755808,20.00521590169313,85.01163851796797,1216.370239580615,577.6374497277423,20.0051890054977,85.01162810001051,1,0.6934481161779736,0.0792057345588471,-0.0160274904496117,0.0999999999999943,4.343762047595075,1217.5264226828165,580.7328612101601,13.422750447902336,4.694058508600993,1217.477090852114,593.5052691589142,12.772503217416606,1399.1451401419351,True,1217.5264226828165,580.7328612101601,GNSS + DR
116.2,1218.7941797796225,580.7328612101616,13.446040473895073,0.0751128912861466,0.6624273211713927,-0.006410879182373,20.005216812052154,85.01165127208274,1218.0303552703242,579.6760661053122,20.005207318700208,85.01164397017129,1,0.6296245815279908,-0.0411447038168384,0.0145384890510339,0.1000000000000085,4.303651657721177,1218.8672354212315,580.8337633645459,13.490948310499752,4.750811902478712,1218.8215506371428,593.6170043351432,12.783322604544315,1400.4897441893245,True,1218.8672354212315,580.8337633645459,GNSS + DR
116.3,1220.1349925180375,580.8337633645474,13.51250112508799,0.0744718033679093,0.6664918025773936,-0.0059428810235207,20.00521771847163,85.01166408981217,1215.6130155747185,582.2747662521915,20.00523066322081,85.0116208611977,1,0.6879980783984067,0.0300148710149473,-0.0016163075516123,0.0999999999999943,4.266920025709353,1220.214740215194,580.9343004064922,13.53235461213253,4.838970170091559,1220.1699627809885,593.7311573193998,12.796935252944191,1401.8409943018335,True,1220.214740215194,580.9343004064922,GNSS + DR
116.4,1221.482497312,580.9343004064937,13.579338834410551,0.0738775152655572,0.6699643145874568,-0.0055840737003133,20.005218621611245,85.01167697151546,1218.5270232150674,588.5300144397202,20.005286855071343,85.01164871815372,1,0.769028265365403,0.0144556284067226,0.0184922860041069,0.1000000000000085,4.232869825629739,1221.5689700587586,581.0345299560103,13.609635673764336,5.112655527291065,1221.5255116269984,593.852438636208,12.817982351726831,1403.1989281852746,True,1221.5689700587586,581.0345299560103,GNSS + DR
116.5,1222.8367271555644,581.0345299560117,13.64649398800548,0.0733191078955259,0.6728369053032068,-0.0053210752060909,20.005219521988607,85.01168991750801,1220.2542021199938,585.4748275671535,20.00525940986071,85.01166522941682,1,0.7866666452154917,-0.0242135189849194,0.0118924860870424,0.0999999999999943,4.2008754400779456,1222.9299531332765,581.1344952125861,13.67927715443501,4.922890320635033,1222.888393182455,593.9698273088919,12.835399380306429,1404.5635775840751,True,1222.9299531332765,581.1344952125861,GNSS + DR
116.6,1224.1977102300823,581.1344952125876,13.713906215471193,0.0727870003749168,0.6751024011148399,-0.005139806366277,20.005220419991787,85.01170292805922,1231.56998250631,584.4926866985827,20.005250587139173,85.01177340456098,1,0.7409698239952738,-0.0899466110543389,-0.0081212634141413,0.0999999999999943,4.170387924899873,1224.2977125806908,581.2342265059517,13.813054697312712,4.83829749919963,1224.264776653195,594.0863319962782,12.85214769249873,1405.9349682056222,True,1224.2977125806908,581.2342265059517,GNSS + DR
116.7,1225.5654696774966,581.2342265059533,13.78151446822845,0.0722730197382891,0.6767544169244033,-0.0050256668159141,20.00522131589324,85.01171600339033,1230.970695520738,580.0708626393055,20.00521086521781,85.01176767557422,1,0.6472372425159848,0.0137263806048947,-0.0008755648252816,0.1000000000000085,4.14093900366966,1225.6722662831407,581.3337429842932,13.867549307183394,4.582770810337266,1225.647098058638,594.1971325825845,12.86341422006433,1407.3131196524453,True,1225.6722662831407,581.3337429842932,GNSS + DR
116.8,1226.9400233799463,581.3337429842948,13.849257098856071,0.0717704530566976,0.6777873652956412,-0.0049637156403464,20.00522220986497,85.0117291436723,1225.7047751268924,578.6841440908294,20.005198408113145,85.01171733510469,1,0.7323177104184356,-0.1136492911511729,0.0012466637562893,0.0999999999999943,4.112144053890571,1227.05362664911,581.4330544198442,13.891022110502378,4.479664109217302,1227.0319567267493,594.305628767317,12.872592587227691,1408.6980453623307,True,1227.05362664911,581.4330544198442,GNSS + DR
116.9,1228.3213837459157,581.4330544198458,13.917071941287578,0.071274081492663,0.6781964645208394,-0.0049388546560703,20.005223101994776,85.01174234902373,1227.2306338749952,583.7997780699956,20.005244362635057,85.0117319218132,1,0.750739509713799,0.0413093606277604,0.015324177343794,0.1000000000000085,4.08370405820108,1228.4418004068586,581.5321631101173,13.959800275481442,4.702040240708566,1228.423238539464,594.420062830964,12.887913087754796,1410.0897525564596,True,1228.4418004068586,581.5321631101173,GNSS + DR
117.0,1229.7095575036644,581.5321631101189,13.98489639176024,0.070780196027056,0.6779777455923242,-0.0049360122824496,20.00522399230329,85.01175561950896,1226.2619455120996,578.2301793174158,20.0051943300782,85.01172266147059,1,0.7442631447582603,-0.029029354947602,0.0044391648512214,0.0999999999999943,4.055406505458946,1229.836788406313,581.6310658515391,14.011912311816474,4.390307315823792,1229.8203182782804,594.5273245190413,12.896269184699948,1411.4882421956356,True,1229.836788406313,581.6310658515391,GNSS + DR
117.1,1231.104545503119,581.6310658515407,14.052667490406042,0.070286594798811,0.6771280580679306,-0.0049403259512012,20.00522488076173,85.01176895513609,1225.3801542634433,580.9157567985998,20.00521845503118,85.01171423183584,1,0.7463757725023266,-0.1719359352513643,0.0018226002597633,0.0999999999999943,4.027125238318034,1231.2385854309389,581.7297559610196,14.064504882141538,4.491359785670988,1231.2224497737006,594.6374619120924,12.907716036495158,1412.8935089446763,True,1231.2385854309389,581.7297559610196,GNSS + DR
117.2,1232.506342527745,581.7297559610212,14.120322003373827,0.0697925622036909,0.6756450748249332,-0.0049373210193441,20.00522576731007,85.01178235585527,1232.1557019685192,581.3854221140155,20.00522267410649,85.01177900384668,1,0.7238082287873098,-0.0567418673787575,-0.0019361168903272,0.1000000000000085,3.9988192556757567,1232.647180021348,581.8282253200064,14.167984399645658,4.481602563325469,1232.6349163173409,594.7481691050987,12.919949605489224,1414.3055411450136,True,1232.647180021348,581.8282253200064,GNSS + DR
117.3,1233.9149371181545,581.828225320008,14.187796505371027,0.0692988301017564,0.6735272956936367,-0.0049130841924815,20.00522665187537,85.01179582155694,1230.9213811684222,586.6069615873764,20.005269579993648,85.0117672041452,1,0.6999066787521095,-0.0070084476905366,-0.0004186545510279,0.0999999999999943,3.970530490024787,1234.0625543125,581.9264664148927,14.217839465706149,4.709467303393208,1234.0519000853665,594.8649020990523,12.93844007080025,1415.7243207955507,True,1234.0625543125,581.9264664148927,GNSS + DR
117.4,1235.3303114093062,581.9264664148943,14.255027462512556,0.0688075216825083,0.6707740499663029,-0.0048544295283522,20.00522753439014,85.01180935207033,1235.0757598143202,580.8623745060153,20.005217975489888,85.01180691864069,1,0.670355675171102,-0.0510512198934821,0.0131914913284309,0.1000000000000085,3.9423805911626255,1235.484683886331,582.0244743472573,14.303330451879315,4.3891759957186745,1235.4780382895242,594.9743664439275,12.949893801856346,1417.1498235418023,True,1235.484683886331,582.0244743472573,GNSS + DR
117.5,1236.7524409831367,582.0244743472589,14.32195131536429,0.0683220787296731,0.6673854977785698,-0.0047490551748901,20.00522841481038,85.011822947162,1231.9518234360062,574.706725431541,20.00516267835341,85.01177705483487,1,0.602488721853495,-0.0022654464590767,0.0002879983330846,0.0999999999999943,3.914566758770801,1236.9135376414995,582.1222487873549,14.33994719838342,4.048679312984909,1236.9084543667375,595.0756121972854,12.953364407342532,1418.5820186733386,True,1236.9135376414995,582.1222487873549,GNSS + DR
117.6,1238.1812947383055,582.1222487873565,14.388504562068269,0.067847173212184,0.6633626303603091,-0.004585689101598,20.00522929313312,85.01183660653463,1235.8953713633748,583.6355827303439,20.005242887643227,85.01181475385792,1,0.7103447186959766,-0.0784824169441853,-0.0035356618145798,0.0999999999999943,3.8873566769512,1238.34907768168,582.2197958445374,14.423265072902064,4.46302337410057,1238.3464073950386,595.1878478513003,12.9680522816858,1420.0208691295454,True,1238.34907768168,582.2197958445374,GNSS + DR
117.7,1239.616834778486,582.219795844539,14.454623841436351,0.0673886043020242,0.6587072691567109,-0.0043542222067618,20.00523016941324,85.01185032982596,1240.0627160643944,580.1227302852272,20.005211331152804,85.01185459230462,1,0.6980099113393203,-0.0982377627601512,-0.0049992938628986,0.1000000000000085,3.86108261378313,1239.7912592234647,582.3171298288892,14.507596383342408,4.256229335817541,1239.793166015212,595.2955187534684,12.978389064652658,1421.466331513689,True,1239.7912592234647,582.3171298288892,GNSS + DR
117.8,1241.0590163202708,582.3171298288908,14.52024601589961,0.0669531820813481,0.6534220638197841,-0.0040458273245009,20.0052310437793,85.01186411660785,1242.1576451136225,582.445022902204,20.005232192662323,85.01187461913831,1,0.7113008559610249,-0.0323186782419826,-0.0045834788628625,0.0999999999999943,3.836134758232175,1241.2400305245342,582.414274879301,14.57757020785529,4.3425294118978375,1241.2467381125912,595.4058985041951,12.991625356461071,1422.9183561152788,True,1241.2400305245342,582.414274879301,GNSS + DR
117.9,1242.5077876213404,582.4142748793026,14.585308254200308,0.066548599348898,0.647510489072971,-0.0036530628133426,20.00523191644813,85.0118779663857,1243.7602034975664,582.1541607767763,20.005229579803395,85.01188993907014,1,0.6106333044083263,-0.0217027638400635,-0.0126740227737703,0.1000000000000085,3.812953875198913,1242.6953328322777,582.5112664344894,14.643657693375149,4.299948170072594,1242.7069819871392,595.5156934642473,13.004432247318915,1424.3768869406993,True,1242.6953328322777,582.5112664344894,GNSS + DR
118.0,1243.9630899290837,582.511266434491,14.649748113714203,0.0661832930675637,0.6409768404541083,-0.0031699595801762,20.00523278773809,85.01189187859781,1240.0016229766125,581.6901544470377,20.00522541156361,85.01185400827477,1,0.7032276749198614,-0.0338583269333526,-0.0056737126634409,0.0999999999999943,3.7920233670488392,1244.1571003525771,582.6081525250727,14.673338334031063,4.250967767676174,1244.170279087164,595.6244600754286,13.016314221948464,1425.84186175207,True,1244.1571003525771,582.6081525250727,GNSS + DR
118.1,1245.4248574493836,582.6081525250743,14.71350362229113,0.0658662971095461,0.6338262289410235,-0.0025920905781837,20.00523365808066,85.01190585261523,1247.9889146397902,584.9791742704284,20.00525495733139,85.01193036415988,1,0.7665534836720623,0.0532258232206956,0.0173921121783194,0.0999999999999943,3.7738608365317248,1245.6252602380423,582.7049948667552,14.78059733689384,4.392411923799431,1245.6439976173951,595.7376602079703,13.032678810800707,1427.313212114299,True,1245.6252602380423,582.7049948667552,GNSS + DR
118.2,1246.8930173348488,582.7049948667568,14.77651335950241,0.0656070880517277,0.62606457446857,-0.0019166220126556,20.00523452803021,85.01191988774156,1244.4923822450432,578.1064002316987,20.00519321815176,85.01189693845852,1,0.6599870810074656,-0.0408313595320749,0.0010173853816694,0.1000000000000085,3.759009251507168,1247.0997325945727,582.8018697368923,14.810509125570372,4.029079519754262,1247.1213881393433,595.8417229354188,13.039871180412106,1428.7908634502496,True,1247.0997325945727,582.8018697368923,GNSS + DR
118.3,1248.367489691379,582.8018697368939,14.838716537184844,0.0654154258504621,0.6176985983447381,-0.0011423456922813,20.00523539827198,85.01193398321304,1250.266063435201,581.2508270620308,20.00522146501857,85.0119521329545,1,0.644615332384411,0.0287073364513796,0.0109017709932795,0.0999999999999943,3.7480278162824634,1248.580430504862,582.898868619229,14.901373695476993,4.170475682539308,1248.6075797506123,595.95009209485,13.051251713615256,1430.2747351039684,True,1248.580430504862,582.898868619229,GNSS + DR
118.4,1249.848187601668,582.8988686192306,14.900053079171355,0.065301191281234,0.6087358145762067,-0.0002696921733957,20.005236269627765,85.01194813819878,1249.8162715718136,584.9509823585828,20.00525470407913,85.01194783309201,1,0.6541859323804918,0.0293800708595482,-0.020057257352404,0.1000000000000085,3.741482657591197,1250.0672600672567,582.9960986043689,14.949840305638991,4.344088344558804,1250.0982689060943,596.0633311930889,13.067269381006582,1431.7647404118854,True,1250.0672600672567,582.9960986043689,GNSS + DR
118.5,1251.3350171640627,582.9960986043704,14.960463700100084,0.0652742220638944,0.5991845201161006,0.00069927544164,20.005237143059585,85.01196235180109,1247.2058546668288,581.1538442783374,20.0052205938074,85.0119228783637,1,0.7308013713516175,-0.0373743127457774,0.0113823885312987,0.0999999999999943,3.7399374352608663,1251.5601204483396,583.0936825365131,14.982935950118526,4.147824718959211,1251.592638105551,596.1717027417918,13.078060631749182,1433.2607867818954,True,1251.5601204483396,583.0936825365131,GNSS + DR
118.6,1252.8278775451458,583.0936825365147,15.019889983194576,0.0653441496080584,0.5890537840460119,0.0017608869754975,20.00523801967096,85.01197662305604,1251.8792844314023,578.2672624087048,20.00519466320128,85.01196755481742,1,0.5678713959610174,-0.0095031805386117,0.0051473599318064,0.0999999999999943,3.743943988413178,1253.0589039477018,583.1917589001889,15.063566029102953,4.002622982022683,1253.095320487469,596.2768496590295,13.085141433376398,1434.7627757802147,True,1253.0589039477018,583.1917589001889,GNSS + DR
118.7,1254.3266610445082,583.1917589001905,15.078274456909288,0.0655202383056082,0.5783534357078057,0.0029099096255881,20.00523890070593,85.01199095093406,1255.4227522706994,585.1974249299607,20.00525691791042,85.01200142920621,1,0.618513782377501,0.0744719667918525,0.0030955093966831,0.1000000000000085,3.754033127602738,1254.5634960736024,583.2904814440004,15.135581731750564,4.354316429091249,1254.6045099347723,596.3917650876442,13.101347840890895,1436.2706032259057,True,1254.5634960736024,583.2904814440004,GNSS + DR
118.8,1255.831253170409,583.290481444002,15.13556067033614,0.065811229268167,0.5670940518009449,0.0041396108904774,20.005239787545623,85.01200533434066,1257.6701493118328,586.6597653353266,20.005270054337785,85.01202291358383,1,0.5571111806860627,0.1917153317187536,0.0109492104646887,0.0999999999999943,3.770705681633807,1256.0737756285864,583.3900185418644,15.197819977945633,4.439169876200038,1256.119732694152,596.5093971847862,13.119459136268832,1437.7841592929392,True,1256.0737756285864,583.3900185418644,GNSS + DR
118.9,1257.341532725393,583.390018541866,15.191693267269477,0.0662251903572148,0.55528694246334,0.0054418392654253,20.00524068170259,85.0120197721172,1256.9185690330598,583.255032918937,20.005239469106108,85.0120157287232,1,0.5579367064210903,0.1416342435250658,0.005483586727305,0.1000000000000085,3.794423904918885,1257.589614804625,583.4905522956752,15.23887350932059,4.287674623772434,1257.6393550497494,596.6233294220997,13.132871321395124,1439.3033286196662,True,1257.589614804625,583.4905522956752,GNSS + DR
119.0,1258.8573719014314,583.4905522956768,15.246618058828806,0.0667693742837573,0.5429441363538245,0.0068071218016737,20.005241584812666,85.01203426304188,1263.4527085732343,577.6080155002683,20.00518874108554,85.01207819295126,1,0.5704646209597276,0.0475038449328153,-0.0094316273972097,0.0999999999999943,3.8256033471886273,1259.1108792879231,583.5922773868425,15.327253636640828,4.031476507418198,1259.1682878035997,596.731086902692,13.138934935201176,1440.827990425549,True,1259.1108792879231,583.5922773868425,GNSS + DR
119.1,1260.3786363847298,583.5922773868441,15.300282094540242,0.0674500864639247,0.5300783647569407,0.008224777436213,20.005242498624707,85.01204880583073,1263.4011686976894,585.7101866269405,20.00526152412712,85.01207770024699,1,0.6274445268376186,0.0003170116829024,0.0224472568479324,0.0999999999999943,3.864605282175368,1260.6374283741986,583.6953996876116,15.370432309959972,4.470500744180191,1260.7006547296314,596.8508929874854,13.155645234462872,1442.3580186350027,True,1260.6374283741986,583.6953996876116,GNSS + DR
119.2,1261.9051854710056,583.6953996876132,15.352633731780196,0.068272564207546,0.516703044732898,0.0096830448229768,20.00524342498809,85.01206339913865,1261.1352231218063,578.7157360433541,20.005198691908483,85.01205603855146,1,0.6367525747673348,0.2153129202257923,0.0171132204364587,0.1000000000000085,3.911729785628312,1262.169115095894,583.8001346464611,15.3975006494522,4.162746603415359,1262.2363427575733,596.9626630341662,13.16270006934895,1443.8932820081811,True,1262.169115095894,583.8001346464611,GNSS + DR
119.3,1263.4368721927003,583.8001346464627,15.40362270348682,0.0692408686898437,0.5028322613335678,0.0111692232345364,20.00524436583824,85.01207804156067,1265.6872376291117,584.7265324770071,20.00525268781154,85.01209955431518,1,0.5552393685649032,0.1972358264494078,0.0130297986870579,0.0999999999999943,3.967209545747569,1263.7057863634466,583.9067054651273,15.46862513972956,4.513529437274794,1263.778408109251,597.084392604485,13.177887245714158,1445.4336442785295,True,1263.7057863634466,583.9067054651273,GNSS + DR
119.4,1264.9735434602535,583.9067054651289,15.453200184046908,0.0703577910132973,0.4884807489098808,0.0126698249572827,20.00524532318019,85.01209273163332,1270.774923915818,581.2443139909024,20.005221406510657,85.01214819092519,1,0.4996510127587065,0.2828526398372417,0.0080079712365583,0.1000000000000085,4.031204480925407,1265.2472831233358,584.0153410878917,15.541876053750672,4.398084907214083,1265.3280191232182,597.2035765719188,13.188482607329371,1446.9789642969342,True,1265.2472831233358,584.0153410878917,GNSS + DR
119.5,1266.5150402201427,584.0153410878931,15.501318853268796,0.0716247735090256,0.4736638715365604,0.0141707374743347,20.005246299070595,85.01210746783609,1272.396494022492,580.5358232305922,20.00521504202987,85.01216369260285,1,0.6283008148684863,0.205629223940056,0.0044721623132634,0.0999999999999943,4.103797230647591,1266.7934405360886,584.1262740266251,15.590528545284457,4.429821337782546,1266.882414597978,597.3239946405738,13.198020525349095,1448.529096182261,True,1266.7934405360886,584.1262740266251,GNSS + DR
119.6,1268.0611976328958,584.1262740266267,15.54793295835422,0.0730418472564591,0.4583976025791436,0.0156573936204463,20.00524729559814,85.01212224859316,1264.3771979904282,582.8005439753877,20.00523538636246,85.01208703076648,1,0.4670198785126676,0.290950731206189,0.0228963206911269,0.0999999999999943,4.184989575634318,1268.344088177785,584.2397380476892,15.573372960737773,4.618703073072364,1268.434694668552,597.4493981343106,13.209970822838615,1450.0838894780961,True,1268.344088177785,584.2397380476892,GNSS + DR
119.7,1269.6118452745925,584.2397380476908,15.592998373784626,0.0746075866185037,0.4426985034332276,0.0171149478031995,20.005248314862783,85.01213707227535,1266.8322459411208,583.689845378409,20.00524337509289,85.0121105002186,1,0.4441417077152407,0.3391820264140918,0.0382493574054531,0.1000000000000085,4.274699832896979,1269.8990502687302,584.3559657490867,15.624467711561485,4.74720519943289,1269.9917815294484,597.5787055985996,13.223065008333377,1451.6431893154747,True,1269.8990502687302,584.3559657490867,GNSS + DR
119.8,1271.1668073655374,584.3559657490883,15.636472659040866,0.0763190813988237,0.4265837014635654,0.0185284563157736,20.00524935895399,85.01215193720226,1275.621563725739,582.423340997929,20.005231997890466,85.01219452321004,1,0.367836549234629,0.297346518685504,0.025560121083184,0.0999999999999943,4.372761260467985,1271.458145932909,584.4751860582122,15.716171034775543,4.776130022910017,1271.5579414027718,597.7095626623543,13.23475285889648,1453.2068365813789,True,1271.458145932909,584.4751860582122,GNSS + DR
119.9,1272.7259030297162,584.4751860582138,15.67831511407734,0.078171927030401,0.4184245503647332,0.0198830597192989,20.00525042992825,85.01216684164477,1269.5510598772032,586.2412958928593,20.005266295162823,85.01213649118692,1,0.5182291288269705,0.3204285971996331,0.0110554436583706,0.1000000000000085,4.478921495246616,1273.0211894915335,584.597621682134,15.707149493060587,5.067226986978889,1273.122517604961,597.8482953532273,13.251061094281312,1454.7746680927864,True,1273.0211894915335,584.597621682134,GNSS + DR
