timestamp,ground_x,ground_y,ground_speed,ground_heading,ground_acceleration,ground_angular_velocity,ground_latitude,ground_longitude,gps_x,gps_y,gps_latitude,gps_longitude,gps_available,accel_x,accel_y,gyro_z
0.0,0.0,0.0,12.677570968074042,0.0,0.7040530035120263,0.031169023901763154,20.0,85.0,0.914151239263294,-3.9676233998750368,19.99996435823258,85.00000873898563,1,0.7117495345890846,0.47355979213876315,0.036421652212747055
0.1,1.2677570968074043,0.0,12.747976268425244,0.0031169023901763157,0.6991564640377312,0.03421129841367099,20.0,85.00001211934149,-1.8521952219140823,-1.4585823920971406,19.99998689733144,84.99998229362198,1,0.7781660076213224,0.5870150970953143,0.04463806187927427
0.2,2.5425485312741527,0.0039734133364175235,12.817402260881588,0.006538032231543415,0.689100908272513,0.03712472219529244,20.00000003569378,85.00002430592893,4.7939021186935245,1.2646535417601747,20.000011360576057,85.00004582812984,1,0.7331595665546871,0.43636633058963586,0.04198138215017333
0.30000000000000004,3.824261362912265,0.012353412545030126,12.885796450079747,0.010250504451072659,0.678527390220145,0.039892313228257585,20.000000110972593,85.00003655868267,6.645955512085907,-0.294836707288259,19.999997351436797,85.00006353315203,1,0.6736495298903296,0.6169527685561064,0.054632276605852445
0.4,5.112773311150599,0.025561772622256347,12.953107738925617,0.014239735773898417,0.6674502139195759,0.04249812005244843,20.00000022962531,85.00004887643372,-0.7403322548109097,-1.92612908859452,19.999982697288004,84.99999292266678,1,0.6541532197279617,0.5839895036594661,0.042878768159778126
0.5,6.407952762130886,0.0440060324488332,13.019286492863662,0.01848954777914326,0.6558843161256789,0.04492738403658032,20.000000395312917,85.0000612579239,2.501414241543932,-1.9786313527246937,19.999982225652143,85.00002391269864,1,0.6035095011733069,0.6552274949871556,0.03664343198194922
0.6000000000000001,7.709658876894682,0.06807673287832378,13.084284602150753,0.022982286182801293,0.6438452459325639,0.04716668991824703,20.000000611543697,85.00007370180685,8.093180086396538,-2.0689344603598023,19.999981414445525,85.00007736814366,1,0.688381904825905,0.5647535375765153,0.07193644359937883
0.7000000000000001,9.017741805862908,0.09814476312143691,13.148055542050175,0.027698955174625995,0.6313491435678742,0.04920410298494857,20.000000881649406,85.00008620665007,8.06901402883216,-2.540384122855391,19.999977179341148,85.0000771371241,1,0.6436197662053064,0.7503423700761255,0.048157765619524104
0.8,10.332043011790278,0.13455884647150526,13.210554430864327,0.03261936547312085,0.6184127183868782,0.05102929141081577,20.000001208762683,85.00009877093795,10.28163953927741,6.9794574782996905,20.000062697533277,85.00009828909731,1,0.5298029419837025,0.7434510693176108,0.05034487057363829
0.9,11.652395700501845,0.177643195374845,13.27173808572755,0.03772229461420243,0.6050532260962527,0.05263363242317334,20.000001595795975,85.00011139307603,9.093263917781105,1.0701764089315098,20.000009613558248,85.00008692861665,1,0.6082674824577827,0.7265942822815032,0.056975599212451496
1.0,12.978625355781324,0.22769536434670956,13.331565076083578,0.04298565785651976,0.5912884452388223,0.05401030114700503,20.00000204542226,85.00012407139596,15.616819280369809,2.887972527560925,20.000025943098617,85.00014929166345,1,0.5762367437760747,0.7822974789032252,0.05968211224354484
1.1,14.310550371878406,0.28498432727413947,13.389995774775315,0.04838668797122027,0.5771366529715571,0.05515434116190176,20.00000256005777,85.00013680416168,16.643926178165252,-1.1822480770826318,19.999989379684827,85.00015911046808,1,0.6859205325800902,0.7302416300662683,0.05628750473701893
1.2000000000000002,15.647982774333544,0.34974880324737867,13.44699240667789,0.053902122087410444,0.5626166001694521,0.056062716003151436,20.000003141846957,85.00014958957622,15.846074867017192,-0.20812122831076796,19.999998130415197,85.00015148327157,1,0.5074776695747867,0.7549029121130314,0.060888377033661345
1.3,16.99072901727874,0.4221958522493712,13.502519094809205,0.05950839368772559,0.5477474858895803,0.056734341044115,20.00000379264987,85.00016242578931,20.372452638182835,-1.7184660918616939,19.999984562756445,85.0001947539565,1,0.5056799459028777,0.7728842925983106,0.061336718729833255
1.4000000000000001,18.338590843150367,0.5024997588471792,13.556541903855805,0.06518182779213709,0.5325489312302878,0.05717009540868365,20.000004514032135,85.0001753109057,19.741118869906504,-7.4526252459104265,19.99993305192835,85.00018871861303,1,0.6180474133855728,0.7123924009707404,0.06391828867889171
1.5,19.691366188922796,0.5908012185195646,13.609028881055263,0.07089883733300545,0.5170409526208619,0.05737281377811702,20.000005307257645,85.00018824299373,17.113488800273082,-3.5432266120240343,19.999968170653794,85.00016359933252,1,0.6148791104940601,0.8538762044039682,0.038797939188243855
1.6,21.048850121603678,0.6872068374803489,13.659950094379978,0.07663611871081716,0.5012439345785058,0.05734725817356592,20.000006173284053,85.00020122009431,22.155102473851173,-4.7446492024608355,19.999957378091036,85.00021179550347,1,0.49399478764222376,0.8729403654095631,0.0811560212436444
1.7000000000000002,22.410835784871544,0.7917889528840081,13.709277667970964,0.08237084452817375,0.485178601969638,0.057100070011718275,20.000007112761182,85.00021424022995,19.534187982384548,-5.957562380970813,19.99994648230657,85.0001867404217,1,0.4835743108291925,0.7777335071630359,0.060627186876372696
1.8,23.777115338412855,0.9045857762002333,13.756985814773905,0.08808085152934558,0.4688659918133631,0.056639702943911206,20.000008126032284,85.00022730141376,26.412466242334673,-2.681491146694075,19.999975911755186,85.0002524945029,1,0.5296777616410288,0.8266017407496352,0.06744592913838106
1.9000000000000001,25.147480871739496,1.0256018583930249,13.803050866333637,0.09374482182373671,0.45232742466571274,0.05597633719640128,20.00000921313825,85.0002404016582,24.99770313878074,5.000468896537917,20.000044919976375,85.00023896983227,1,0.36597243481844727,0.7893672059015087,0.04719532378106103
2.0,26.52172527502895,1.1548088714130285,13.847451299707048,0.09934245554337684,0.4355844756237204,0.0551217763290149,20.000010373824594,85.00025353898337,25.967138184393168,1.0215003682999653,20.000009176293936,85.00024823731293,1,0.3725247913984426,0.8097098113734302,0.055411773716522394
2.1,27.899643050798815,1.2921466964832238,13.89016776145838,0.10485463317627833,0.4186589449888256,0.054089327518931675,20.00001160755127,85.00026671142477,25.85685441758699,5.163837983446746,20.00004638754585,85.00024718303634,1,0.43462227494629,0.7499309712818769,0.05236616885572753
2.2,29.28103105195807,1.437524805797572,13.931183088704813,0.11026356592817149,0.40157282862970156,0.052893666653817645,20.000012913505042,85.00027991704039,32.94865506798016,2.6704725365001982,20.000023989262953,85.00031497832147,1,0.5090673569361579,0.7227000965828723,0.0725909042989031
2.3000000000000003,30.665689133906007,1.59082392062349,13.970482327184321,0.11555293259355326,0.3843482880850768,0.051550689681983675,20.000014290614423,85.0002931539169,30.202100687699602,3.9385003977689674,20.00003538015104,85.00028872216362,1,0.3925617836767399,0.8027917434575031,0.05069255361362485
2.4000000000000004,32.053420710799855,1.7518979254579545,14.008052746321829,0.12070800156175163,0.3670076204471684,0.05007735181491467,20.000015737566827,85.00030642017502,30.768437244310533,-0.9507930604557708,19.99999145888062,85.00029413615509,1,0.40205446003392614,0.7282926563632153,0.06265815168431559
2.5,33.44403320879708,1.9205760148805648,14.043883851273755,0.1257157367432431,0.3495732280670527,0.04849149630778468,20.000017252827885,85.0003197139738,32.38763255733239,3.492428877458577,20.00003137302239,85.00030961513052,1,0.43626269169525334,0.812114389463672,0.04698729178105273
2.6,34.83733841190528,2.0966650471122654,14.077967391935239,0.13056488637402158,0.33206758812314163,0.04681167465502293,20.000018834662576,85.00033303351395,36.43426596856533,4.282807749335303,20.0000384731166,85.00034829961693,1,0.46741182478704896,0.6913287275950011,0.04728548525848349
2.7,36.23315269894564,2.279952076053035,14.110297368898383,0.13524605383952387,0.3145132220944369,0.04505696012940931,20.00002048115797,85.00034637704012,37.329484892037875,0.5500101993519564,20.000004940825686,85.00035685761583,1,0.3156707984370213,0.6194632039470389,0.04760145847740245
2.8000000000000003,37.63129717296069,2.470207031753479,14.140870036354126,0.1397517498524648,0.29693266518016515,0.043246756663561585,20.000022190247314,85.00035974284212,38.86949500774866,4.148828143601978,20.000037269557325,85.00037157960676,1,0.32609082899349384,0.7028938092950531,0.06108520793185458
2.9000000000000004,39.03159768708357,2.667185517882755,14.169683901934416,0.14407642551882097,0.2793484357076359,0.04140060512126363,20.000023959735163,85.00037312925515,40.32406069610722,4.365748793607254,20.00003921818868,85.00038548477704,1,0.40045119677477803,0.6481734961244138,0.027502078530962443
3.0,40.43388477335239,2.870631693789526,14.196739723495654,0.14821648603094734,0.26178300456995096,0.039537989032349063,20.000025787323256,85.00038653465916,46.85882757596377,1.2219738303992775,20.000010977177688,85.00044795500227,1,0.21567304081037958,0.6276541826675066,0.03138135347960473
3.1,41.837993483129154,3.080281208207798,14.222040502848406,0.15217028493418225,0.24425876473531005,0.03767814186851471,20.000027670636886,85.00039995747728,40.618748433975306,-0.28802408860518725,19.99999741263559,85.00038830189503,1,0.3256378182630012,0.6253900936694805,0.023205090211616538
3.2,43.24376314961,3.2958641515241722,14.245591476442716,0.1559380991210337,0.22679800086973678,0.03583985791845858,20.000029607251417,85.00041339617361,41.70703496239538,-0.2565208441706446,19.99999769563405,85.00039870555683,1,0.2058822242516739,0.5079201597878219,0.029964836720844077
3.3000000000000003,44.65103708435051,3.517107993781803,14.267400103022354,0.15952208491287956,0.20942285911433878,0.03404130877932999,20.000031594718667,85.00042684925025,42.20971889960688,3.776624619546188,20.00003392599618,85.00040351105018,1,0.24454647746949662,0.5093183069359641,0.030925308267408913
3.4000000000000004,46.059662220749956,3.74374047623054,14.287476048265583,0.16292621579081257,0.19215531705860656,0.03229986741810459,20.000033630592895,85.00044031524394,47.90760048847644,4.724770082598485,20.000042443331793,85.00045798092687,1,0.21002436468859284,0.48291109052393355,0.021155054877200697
3.5,47.469488718031194,3.9754924252220265,14.305831166434075,0.16615620253262303,0.17501715395071393,0.030631941671851085,20.000035712456075,85.00045379272223,50.856405596193866,1.597914933848283,20.00001435431408,85.00048617053525,1,0.15711657391565248,0.403678059011777,0.028290464205704392
3.6,48.880369539426056,4.212100458571113,14.322479479055726,0.16921939669980815,0.15802992118539194,0.029052818950872507,20.0000378379422,85.00046728027952,48.53852716646143,4.2918564825494085,20.000038554402757,85.0004640123787,1,0.13887482480247818,0.43292889572468063,0.013905674141538354
3.7,50.29216001804899,4.453309556138645,14.337437150671153,0.17212467859489541,0.14121491310967293,0.027576523784536247,20.000040004760393,85.00048077653284,47.7716905871614,6.164920664554101,20.000055380424584,85.00045668167286,1,0.18503563132236067,0.4921956494886178,0.02239663654685943
3.8000000000000003,51.704717423350665,4.698875468312664,14.35072246167766,0.17488233097334904,0.124593138186464,0.026215689707616403,20.000042210716515,85.00049428011772,49.23127377627695,6.553447612308567,20.000058870621537,85.00047063480878,1,0.20437010459459812,0.41808099232515494,0.04321989370671841
3.9000000000000004,53.11790054013361,4.948566938252359,14.362355778308446,0.17750389994411067,0.10818529055504733,0.024981446826720228,20.00004445373315,85.0005077896842,55.069678903607716,9.604207298619825,20.00008627606208,85.00052644804435,1,0.13169848039562218,0.3214893607900011,0.03401732752953126
4.0,54.531569270939215,5.202167716188037,14.37235951978867,0.18000204462678268,0.09201172202767616,0.023883326233591955,20.0000467318677,85.000521303893,56.76133178454954,9.033110212782168,20.000081145809673,85.00054261969032,1,0.12551737996433698,0.29546778057433704,0.030758002955317235
4.1000000000000005,55.945584271240705,5.45947834671655,14.380758122713981,0.18239037725014187,0.07609241456019156,0.02292918224667835,20.00004904332842,85.000534821412,57.57504707615629,2.455604048446918,20.000022059066485,85.00055039854126,1,0.13465111787474393,0.4429778267785225,0.017901396683887207
4.2,57.35980662536509,5.720317712869219,14.387578002700709,0.18468329547480972,0.06044695323429217,0.022125133266334508,20.000051386488316,85.00054834091326,55.363277503499006,10.771076341483287,20.00009675822504,85.00052925475055,1,0.04186601458364417,0.3438111301767795,0.011764283675887268
4.3,58.77409756948333,5.984524323731072,14.39284751336084,0.18689580880144316,0.0450944997884406,0.02147552182459295,20.000053759896684,85.0005618610702,59.47058153868349,4.3915948100639275,20.000039450367396,85.0005685192282,1,0.11207912520908675,0.30672340060613823,0.015083961069250144
4.4,60.188318266415216,6.251957335526673,14.396596902658397,0.18904336098390245,0.03005376673335114,0.020982894199759138,20.000056162288303,85.0005753805556,60.5383756938374,9.386575772889955,20.000084321044824,85.00057872698964,1,0.10102092158633849,0.3183826814002111,0.025550795930798988
4.5,61.602329635451206,6.522497299327412,14.39885826670751,0.19114165040387837,0.015342992087621354,0.020647999751535397,20.000058592590147,85.0005888980399,62.25839542563824,6.726457177480679,20.000060424792906,85.0005951698134,1,0.17552430702514185,0.25344223419750345,0.034329767548802084
4.6000000000000005,63.01599223894864,6.796046631843802,14.399665501075921,0.19320645037903192,0.0009799147675870756,0.020469809916269788,20.00006104992561,85.00060241219012,65.63027857279322,5.5595984964728995,20.00004994272303,85.00062740390888,1,0.01217470523960796,0.3959131731404728,0.034493484087623
4.7,64.4291662261557,7.072529809107937,14.399054249661027,0.1952534313706589,-0.013018249334608711,0.020445556586640407,20.00006353361625,85.00061592166932,65.09995287247975,1.6494392297831393,20.000014817164704,85.00062233416936,1,-0.0059223394180150934,0.3047440315762481,0.03175168021147374
4.800000000000001,65.84171133358443,7.351893286187477,14.397061851209,0.19729798702932294,-0.02663483055228788,0.020570789387979245,20.00006604318106,85.00062942513664,67.87845202280012,6.837199755538432,20.00006141961041,85.00064889570872,1,0.0418134630263994,0.39452900353385206,0.018195220747299803
4.9,67.25348694031449,7.634105149363594,14.39372728355057,0.19935506596812086,-0.039853727893310875,0.02083945115683627,20.000068578333362,85.00064292124779,67.45622414878116,2.9559554434467676,20.00002655379954,85.00064485934891,1,0.031101480552296043,0.3325399624127395,0.026084949480876155
5.0,68.66435217586996,7.919154510410529,14.389091105630337,0.2014390110838045,-0.05265943070610568,0.021243970728545728,20.00007113897534,85.00065640865608,69.53171037193992,10.821052217938846,20.000097207165975,85.00066470031558,1,-0.049413788374941287,0.4071580289868106,0.02303054542817327
5.1000000000000005,70.07416607777085,8.207050655692608,14.383195397409349,0.20356340815665908,-0.06503703953328,0.021775371951660003,20.000073725190415,85.00066988601397,71.96803075528648,12.757428627110352,20.00011460193122,85.0006879907383,1,-0.05519517337978244,0.35603415458414706,0.0247634743167125
5.2,71.48278779550559,8.497821965705521,14.376083697723681,0.20574094535182508,-0.0769722861241906,0.02242339767023071,20.000076337233534,85.00068335197497,67.11132033593859,6.107088997815451,20.00005486091388,85.00064156218174,1,-0.01991574421328858,0.3950222748380326,0.04779467663982884
5.300000000000001,72.89007683747957,8.791514623392969,14.36780094018451,0.20798328511884814,-0.08845155257945159,0.023176647251975917,20.000078975519568,85.00069680519603,71.93106318840766,9.697426850950782,20.00008711346757,85.0006876373405,1,-0.09983076461618466,0.3989521064816812,0.010556644881939792
5.4,74.29589335743874,9.088191132030847,14.35839338720779,0.21030094984404574,-0.09946188960104685,0.024022726093160935,20.000081640609988,85.00071024434027,72.88477539456035,6.912016566006921,20.000062091701253,85.00069675451599,1,-0.0899885890017976,0.40609230479134456,0.026675957933938326
5.5,75.7000984769121,9.38792866565474,14.347908562264301,0.21270322245336182,-0.10999103382315134,0.024948405401147723,20.000084333198068,85.00072366808004,73.78346493218207,7.502474475244371,20.000067395874897,85.00070534569281,1,-0.07551139545472961,0.40535416332910384,0.042065894473109294
5.6000000000000005,77.10255464032666,9.690817276882559,14.33639518044316,0.2151980629934766,-0.12002742420027523,0.025939790444453194,20.000087054092756,85.00073707510037,76.27712788664661,12.014301388478673,20.000107926305652,85.00072918429169,1,-0.04023048995916233,0.39024055090378507,0.016280875494117813
5.7,78.50312599958416,9.996957988526654,14.323903077424246,0.21779204203792193,-0.12956021743016244,0.02698249536901533,20.000089804201558,85.00075046410258,82.98794993328734,9.881343202996417,20.00008876561627,85.00079333754648,1,-0.12979014823913948,0.5122663830314671,0.025545021116352828
5.800000000000001,79.90167882501586,10.306460796577586,14.310483136957128,0.22049029157482347,-0.13857930239046468,0.028061822609191305,20.000092584512586,85.00076383380829,77.30418547793613,15.52540492237062,20.00013946708534,85.00073900262495,1,-0.2006985254919983,0.38623138998631945,0.02777143763351491
5.9,81.29808193971664,10.619442612958876,14.296187216946153,0.2232964738357426,-0.14707531356966896,0.029162944873568786,20.00009539607608,85.00077718296346,84.20291700349108,9.172745176850112,20.000082400171898,85.00080495223266,1,-0.21290518694557953,0.4471343018271774,0.03193004765302894
6.0,82.69220717427613,10.936025176888357,14.281068074243194,0.2262127683230995,-0.15503964347381327,0.030271087659487862,20.00009823998564,85.00079051034284,77.64359785942872,13.934034174311824,20.000125171558683,85.00074224729585,1,-0.18801029680911996,0.46304775730690906,0.01931151606342569
6.1000000000000005,84.08392983885369,11.25633296373221,14.26517928825139,0.22923987708904828,-0.16246445399207943,0.031371710246525686,20.000101117359446,85.00080381475445,83.07927474889637,11.548573202605555,20.000103742598178,85.00079421058173,1,-0.1981228399020763,0.49764510891293817,0.042324570849906075
6.2,85.47312920937149,11.58049111990374,14.248575183444778,0.23237704811370086,-0.16934268670601327,0.032450683138128,20.000104029321705,85.00081709504418,85.9613884046865,13.96782514913644,20.000125475108174,85.00082176264173,1,-0.14707322463700873,0.47090236615303555,0.04411355596325944
6.300000000000001,86.85968902432623,11.90862345164732,14.231310750910188,0.23562211642751366,-0.17566807212812563,0.03349445996186474,20.000106976984593,85.00083035010064,88.61835601840406,10.567150479657482,20.000094926327854,85.00084716237953,1,-0.2051120798080059,0.5224073834306959,0.04357821321204421
6.4,88.2434979883477,12.240850494471259,14.213441569019153,0.23897156242370013,-0.1814351378573864,0.03449024190198477,20.000109961430898,85.00084357885987,90.37717772772626,12.09217398181651,20.000108625847062,85.00086397613744,1,-0.1865728858484466,0.5117829087150483,0.030786505159073954
6.5,89.62445027817745,12.577287688570202,14.19502372333871,0.2424205866138986,-0.18663921564049168,0.035426132822349715,20.000112983697633,85.00085678031023,92.00449198377723,12.230791050673398,20.000109871065376,85.00087953272728,1,-0.19534350988959417,0.4537771699675074,0.04129124073022267
6.6000000000000005,91.0024460462243,12.918043683831366,14.176113725891055,0.24596319989613358,-0.19127644732932936,0.03629128334250578,20.000116044760823,85.00086995349722,89.956270829479,10.409872339294004,20.00009351347428,85.00085995240572,1,-0.18330184037172903,0.5449469742347399,0.032296880946814904
6.7,92.37739191630368,13.263218795978323,14.156768433872845,0.24959232823038416,-0.1953437897266408,0.03707602225345522,20.00011914552161,85.00088309752817,90.99033653830998,15.249463399723581,20.000136988260465,85.00086983773429,1,-0.09921857315048467,0.4998483948397744,0.03875005564574009
6.800000000000001,93.74920146561696,13.612903633104388,14.137044967945727,0.2532999304557297,-0.19883901831327044,0.03777197380125029,20.00012228679395,85.00089621157693,96.32312910938842,15.56365064983948,20.000139810652556,85.00092081747988,1,-0.13574163884174462,0.4772648040338982,0.06430665307295906
6.9,95.11779568651212,13.967177909322062,14.11700063021019,0.25707712783585474,-0.2017607298517632,0.03837215952429564,20.00012546929392,85.00090929488822,94.54388271186728,15.747841994038762,20.00014146527155,85.00090380846866,1,-0.170954259087963,0.5785434662214768,0.0443291133002582
7.0,96.48310342112256,14.326109459546439,14.096692821975374,0.2609143437882843,-0.20410834386315635,0.0388710835024749,20.000128693630895,85.00092234678176,92.6560444511088,18.937006421299373,20.00017011402304,85.0008857613549,1,-0.19715965789219825,0.6023478908927217,0.03199581774260317
7.1000000000000005,97.84506176164496,14.689753466581893,14.07617896143756,0.2648014521385318,-0.20588210297479037,0.039264800061018984,20.00013196030059,85.00093536665621,94.44520011963452,19.037787870290803,20.0001710193582,85.00090286509548,1,-0.19754373580594142,0.6090332546491964,0.04606815346765812
7.2,99.20361640882,15.05815190873833,14.055516401380416,0.2687279321446337,-0.20708307213879174,0.03955096316737637,20.0001352696801,85.00094835399246,96.44525955081517,13.933317839190924,20.000125165123734,85.00092198500678,1,-0.16069574864119426,0.6142677468404361,0.031033003906743274
7.300000000000001,100.55872198114983,15.431333233211273,14.034762347009801,0.2726830284613713,-0.20771313672228509,0.03972885696308131,20.000138622024977,85.00096130835668,102.05020421331112,16.55049018851381,20.00014867558296,85.00097556643699,1,-0.14850468305467057,0.49095561474816124,0.03273875303793119
7.4,101.91034226754485,15.809312257465132,14.013973774035959,0.27665591415767943,-0.20777499947206124,0.039799407082504346,20.000142017468324,85.00097422940271,102.33761947575654,13.938510189690493,20.00012521176741,85.00097831403251,1,-0.22315587477709126,0.5196970006810234,0.03438817572301643
7.5,103.25845041645215,16.19209029790553,13.993207347115389,0.28063585486592985,-0.20727217635795547,0.039765172624105324,20.000145456021965,85.00098711687387,105.32990647865546,16.262156246249198,20.000146085435087,85.00100691931353,1,-0.1754481385772439,0.685118377563626,0.04032207810214849
7.6000000000000005,104.60302905508476,16.579655522256857,13.972519338764368,0.2846123721283404,-0.20620899130055825,0.039630318855041605,20.00014893757961,85.00099997060407,103.32127111607515,14.780407174900263,20.000132774656706,85.00098771741914,1,-0.2777899697337096,0.5313749585996151,0.054000008810933614
7.7,105.94407033313938,16.971983519314268,13.951965548855277,0.28857540401384457,-0.20459056979058587,0.03940057094434739,20.00015246192197,85.00101279051827,106.41968940636953,21.832194446722422,20.000196121939574,85.0010173372804,1,-0.16400488058205603,0.6102574599775974,0.05018455292451578
7.800000000000001,107.28157588634886,17.369038077150144,13.93160122480625,0.2925154611082793,-0.20242283140867734,0.039083149231039255,20.00015602872375,85.0010255766321,109.15834706825088,18.46013252817903,20.000165830191968,85.00104351794823,1,-0.13431536931074303,0.5401439686131396,0.049313102513512536
7.9,108.61555671634213,17.770772158453568,13.911480982573542,0.29642377603138326,-0.19971248125596475,0.03868668673909579,20.000159637562405,85.00103832905073,107.68751709718141,17.1166847741403,20.00015376179546,85.00102945729675,1,-0.18371591260000852,0.5721727438130894,0.032697441083190365
8.0,109.94603298454955,18.177129059492426,13.891658728555058,0.3002924447052928,-0.1964670003070168,0.038221129849045715,20.000163287928554,85.0010510479669,111.31635869722179,21.75798477506156,20.00019545530275,85.00106414783066,1,-0.07564065050001154,0.5292921819690525,0.037807986294689226
8.1,111.27303371926146,18.588043737230333,13.872187582512138,0.3041145576901974,-0.1926946346985492,0.03769762322370477,20.00016697923791,85.0010637336581,109.28725589606151,12.076197507844098,20.000108482327953,85.00104475027429,1,-0.20675655707035173,0.5810255585050808,0.04541763429253665
8.200000000000001,112.59659643638066,19.003444287417842,13.853119801615348,0.3078843200125679,-0.18840438396856563,0.037128380261361685,20.000170710844543,85.00107638648299,111.50743489668545,12.961136502821972,20.0001164318702,85.00106597445638,1,-0.14753236320340257,0.5511826056664089,0.035845180407477556
8.3,113.91676667586384,19.42325355501684,13.834506705718425,0.311597158038704,-0.18360598826207664,0.036526540511493406,20.000174482055357,85.00108900687691,112.77155299386885,21.81076952067616,20.000195929476188,85.00107805901023,1,-0.15539722559537442,0.5129121809607396,0.03874287610848242
8.4,115.23359745727731,19.84739085711096,13.816398603962933,0.31524981208985337,-0.17830991452072453,0.035906015634111416,20.00017829214557,85.00110159534671,111.64607852051019,20.028796201463063,20.0001799217375,85.0010672998439,1,-0.15332479789289494,0.4735832182969727,0.04531960255941091
8.5,116.54714865925574,20.27577379750067,13.79884472281428,0.3188404136532645,-0.17252734167565897,0.03528132561249448,20.000182140374996,85.00111415246481,118.00806610161248,21.027112698282952,20.000188889767177,85.00112811835577,1,-0.14824345007589634,0.5302302436164874,0.036793598800481456
8.6,117.85748632890771,20.70832015147264,13.7818931356278,0.32236854621451394,-0.16627014486354952,0.034667427038934946,20.000186026005004,85.00112667886259,116.44927930829954,16.729131841516995,20.000150280348233,85.00111321686596,1,-0.13091489336307593,0.4471468347856456,0.0419280229299552
8.700000000000001,119.16468192832221,21.144949798759715,13.76559069384157,0.32583528891840746,-0.15955087868755768,0.034079535383000646,20.00018994831586,85.00113917522322,119.20216428450527,21.075248666208616,20.000189322179935,85.00113953354223,1,-0.0871529415143727,0.5204989872247201,0.055006819943196325
8.8,120.46881152626433,21.585586682457706,13.74998295989029,0.32924324245670755,-0.1523827595462368,0.03353294322070558,20.000193906624336,85.00115164227387,121.91105150298206,27.59611491366173,20.000247900118094,85.00116542961439,1,-0.05349594773249959,0.6224016433315154,0.0368143552308356
8.9,121.76995494388342,22.030160771625347,13.735114141932323,0.3325965367787781,-0.14477964705440272,0.03304283645012296,20.000197900301327,85.00116408077761,123.10954847197326,24.502759631012935,20.000220112034796,85.0011768868518,1,-0.11489215927961059,0.5513556327787413,0.049836214547315016
9.0,123.06819486377556,22.478610005449564,13.721027030479409,0.3359008204237904,-0.13675602458162572,0.03262411054384569,20.000201928789338,85.00117649152489,125.06435019069392,22.987729640878,20.000206502288837,85.00119557411423,1,-0.06599022097304406,0.513553696962163,0.04321781121691927
9.1,124.36361591203895,22.93088219719656,13.707762937015998,0.33916323147817495,-0.12832697893474965,0.03229118889101876,20.00020599161956,85.00118887532466,124.06815945851068,21.613720466881748,20.00019415935442,85.001186050858,1,-0.13341532624808877,0.4683595973854322,0.022618768956151086
9.200000000000001,125.65630372303534,23.38693687667664,13.695361634692459,0.34239235036727683,-0.11950817921246859,0.03205784526140583,20.00021008842845,85.0012012329956,124.38640878690288,22.20321832106846,20.000199454903743,85.00118909321706,1,-0.05121040657615694,0.37210615273378855,0.026036474968770585
9.3,126.94634399643454,23.84674705061605,13.683861301173504,0.3455981348934174,-0.11031585486090734,0.03193703238132442,20.00021421897352,85.00121356535693,126.70718936371534,17.459153383015995,20.000156838243317,85.00121127911719,1,-0.11841543105225685,0.4009076016821211,0.028601073550625453
9.4,128.2338215557901,24.310300861142267,13.673298463720277,0.34879183813154985,-0.10076677296007475,0.0319407185467488,20.00021838314825,85.00122587321957,123.171818253916,25.08322212390575,20.00022532641809,85.00117748213046,1,-0.016233776155668136,0.5308746206405177,0.028392369377420963
9.5,129.51881941739762,24.777603123541905,13.66370794658149,0.35198590998622475,-0.090878214772383,0.032079734113144076,20.000222580995896,85.0012381573771,125.17748200012836,27.314052448987468,20.000245366307862,85.00119665561718,1,0.04965382909727897,0.42884031391974897,0.03617683665207593
9.600000000000001,130.80141787755528,25.248676725536242,13.6551228207658,0.35519388339753916,-0.08066795158542917,0.03236362959558506,20.00022681272206,85.00125041859715,126.83331904049207,20.521818744024397,20.000184350634356,85.00121248487547,1,-0.056772145983998754,0.4369667321452826,0.04351007007640328
9.700000000000001,132.08169362561463,25.72356387153314,13.647574356264403,0.35843024635709764,-0.07015421988199932,0.03280054698759406,20.000231078705877,85.00126265761284,129.0899531428102,23.73931319461269,20.000213253878773,85.00123405755637,1,-0.14978139442236976,0.46936538015513324,0.05035213115464129
9.8,133.35971888941816,26.20232715665179,13.6410919767894,0.36171030105585705,-0.059355695871285974,0.03339710576426087,20.000235379509643,85.00127487511463,134.55904156958846,22.729933259951522,20.000204186464543,85.00128634024557,1,-0.05675934253352713,0.4324706785465183,0.04147885665151169
9.9,134.63556061890915,26.685050456774842,13.635703217090146,0.3650500116322831,-0.04829146941617957,0.03415830487615367,20.000239715886828,85.00128707174255,131.91912345282898,23.78899687234855,20.000213700194845,85.00126110349538,1,0.0433022872982856,0.4344340709625328,0.03470150931562157
10.0,135.90927971290864,27.171839622458233,13.631433682906165,0.36846584211989847,-0.03698101739241011,0.0350874418670234,20.000244088788303,85.00129924807878,134.77479205079047,27.332284502923933,20.000245530089188,85.00128840274931,1,0.020672821958852134,0.5057684332740837,0.019265029430724657
10.100000000000001,137.18093029332164,27.662822966218435,13.628307013611664,0.3719745863066008,-0.02544417651582087,0.03618605006224874,20.000248499366723,85.00131140464069,141.07861518667983,21.409616501253012,20.000192325857302,85.00134866522819,1,0.017001503417930608,0.4785781271246455,0.04189194581642212
10.200000000000001,138.4505590303942,28.158151534516353,13.626344847603,0.37559319131282565,-0.01370111567521981,0.03745385457839453,20.00025294897896,85.00132354187444,137.38176711720993,30.000962849587545,20.000269503234662,85.00131332457477,1,0.06673230212252215,0.5033082093682337,0.04271155651534444
10.3,139.7182045221208,28.65799915766088,13.62556679047662,0.3793385767706651,-0.001772307808431961,0.03888874769931754,20.000257439186555,85.00133566014902,141.93075122752205,30.919564367461923,20.000277755172498,85.0013568113689,1,0.05245036415398914,0.520821677867695,0.04571803523470712
10.4,140.9838967305196,29.162562272856555,13.625990386041314,0.3832274515405969,0.010321498639909166,0.04048678395318889,20.00026197175414,85.00134775975086,138.18304369048997,28.409254508745818,20.000255204675355,85.00132098451566,1,0.10120775801246598,0.607790539599607,0.06654918693022221
10.5,142.247656477264,29.672059517710206,13.627631090204602,0.38727612993591576,0.022559308639573672,0.04224219500992481,20.00026654864576,85.001359840879,141.6313438036611,22.22993398775658,20.00019969489466,85.00135394913225,1,0.09853049247192294,0.5940547655109691,0.059648160471855526
10.600000000000001,143.50949500108388,30.186731093679985,13.630502247769229,0.39150034943690826,0.03491990983568449,0.04414742430217577,20.00027117201919,85.00137190364087,140.65942883635213,27.197475215672817,20.000244319076756,85.00134465794436,1,0.14100493247253243,0.622822967789336,0.05699803348467562
10.700000000000001,144.76941357942619,30.706837901184254,13.634615072171739,0.3959150918671258,0.0473819021090538,0.04619318105759154,20.000275844218137,85.0013839480487,143.7523143517245,34.40554370349234,20.00030907025767,85.00137422491412,1,0.09532170630436651,0.6896735375448398,0.04157240975687554
10.8,146.02740321707373,31.23266045037201,13.63997862819104,0.400534409972885,0.05992372739574314,0.048368513217908034,20.000280567762463,85.00139597401649,148.5483276294459,22.89867760818629,20.000205702320816,85.00142007322594,1,0.13518669747044088,0.6826435061579944,0.048238565725940596
10.9,147.2834444047401,31.764497553873404,13.646599817650888,0.40537126129467577,0.07252369972477801,0.05066089851382151,20.00028534533645,85.00140798135773,142.10148313516305,30.721927317292845,20.000275979768666,85.00135844350986,1,0.08716734607048873,0.7074363199978881,0.054712452444536486
11.0,148.53750695105566,32.30266481017908,13.654483368135995,0.4104373511460579,0.08516003543304507,0.053056352765884635,20.000290179775167,85.00141996978381,149.84077788169324,28.762662474777304,20.00025837939313,85.00143242862589,1,0.08508699485509477,0.7779796041942365,0.050302281525781097
11.100000000000001,149.7895498917937,32.84749288861766,13.663631824737497,0.41574298642264634,0.0978108835161251,0.055539554292956185,20.000295074049067,85.00143193890314,150.50275669879053,35.26120379337217,20.00031675678304,85.00143875692598,1,0.21314926553707378,0.8222819137468538,0.06554419954280737
11.200000000000001,151.03952148061248,33.399325629188255,13.67404554483922,0.42129694185194194,0.11045435607325516,0.058093983133126324,20.00030003124692,85.001443888221,149.2570716135221,31.37398377275787,20.000281837291467,85.00142684858567,1,0.15126458988938957,0.8170260962680607,0.06666307162528337
11.3,152.28735926596184,33.958517972731855,13.685722695952148,0.42710634016525456,0.12306855880499512,0.060702073619465065,20.00030505455721,85.00145581714042,147.94918570279648,35.17038003493869,20.000315940899338,85.0014143456259,1,0.19331258709811408,0.8647821354062973,0.05481899568891814
11.4,153.53299025906904,34.52543373906381,13.69865925660022,0.4331765475272011,0.13563162152181008,0.06334537870617088,20.000310147248186,85.00146772496363,153.74937878221064,36.221814996571084,20.0003253861003,85.00146979356684,1,0.1718186222423796,0.8586572468894678,0.08031354579713212
11.5,154.77633119803235,35.10044327270842,13.71284902025651,0.4395110853978182,0.14812172862171735,0.06600474431135572,20.000315312646713,85.00147961089466,153.18785307084096,40.60912079189848,20.000364797938822,85.00146442556546,1,0.14879594607571914,0.8920789412040295,0.07202784764944432
11.600000000000001,156.01728891296486,35.683920977743476,13.728283602324563,0.4461115598289538,0.16051714949545826,0.06866049183219647,20.000320554116115,85.00149147404287,156.71531754702897,35.075095146717366,20.000315084940624,85.00149814696736,1,0.19106629412457832,1.0110480792458227,0.056369780364773955
11.700000000000001,157.2557607968064,36.276242764944065,13.744952450155601,0.45297760901217343,0.1727962688173701,0.071292606897727,20.000325875033262,85.00150331342734,157.32131723337673,37.4043758738119,20.000336009225403,85.00150394012535,1,0.2745959697057558,1.032160594984124,0.07577917831427732
11.8,158.49163538582607,36.87778343587652,13.762842856088037,0.46010686970194614,0.1849376166807204,0.07388093235514473,20.00033127876505,85.00151512798251,163.29697205978883,32.42261699849421,20.000291257324008,85.00156106542296,1,0.2426996203946916,1.069576583985956,0.08169299691437379
11.9,159.7247930529487,37.48891402980093,13.781939973491745,0.4674949629374606,0.19691989853621195,0.0764053634378959,20.00033676864458,85.00152691656483,159.00672617052965,41.06015471968216,20.00036884964553,85.00152005208126,1,0.14134624054968897,1.0970568499901783,0.09113328705225332
12.0,160.95510681584673,38.109999160159866,13.80222683579528,0.4751354992812502,0.2087220248924826,0.0788460430385466,20.000342347947235,85.00153867796034,157.88461433798113,35.82847261594577,20.000321852645577,85.00150932506067,1,0.22795980206367486,1.120561134913645,0.08047127900728045
12.100000000000001,162.1824432602436,38.74139436803108,13.823684378470242,0.4830201035851049,0.22032314073825887,0.08118355500678548,20.000348019866887,85.00155041089367,162.72027016511254,37.05913187576785,20.000332907845802,85.00155555234224,1,0.3394378303734945,1.1870764356771184,0.09446293768125756
12.200000000000001,163.40666357709395,39.383443520173216,13.846291463942931,0.49113845908578346,0.2317026546457157,0.08339911341289803,20.000353787492553,85.00156211403784,164.06665362900924,39.31670013562558,20.000353187926528,85.00156842332598,1,0.2510128115532179,1.2315238702005578,0.0902705332806002
12.3,164.62762471026684,40.03647627917216,13.870024909399385,0.49947837042707327,0.24284026751518972,0.08547474575947131,20.00035965378564,85.00157378602529,168.70518743598817,35.34782324315262,20.000317534898798,85.00161276618579,1,0.1828163329284807,1.2610982530679788,0.07732419966909553
12.4,165.84518060910324,40.70080567268285,13.894859517445969,0.5080258450030204,0.25371600092203295,0.08739346818847898,20.000365621558117,85.00158542545981,168.35051434684698,41.38711575946966,20.000371786786523,85.00160937562754,1,0.37836844519316015,1.2392810674239993,0.07824180045365385
12.5,167.05918357780425,41.37672578784495,13.920768109583792,0.5167651918218683,0.264310225026696,0.08913945081655354,20.00037169345182,85.00159703092949,168.12979675525278,44.27912460661998,20.000397766144015,85.00160726563985,1,0.32842985051733564,1.3402392607283335,0.10536504951804704
12.600000000000001,168.26948571109472,42.06450961562848,13.947721562451308,0.5256791369035236,0.2746036860098755,0.09069817143724553,20.000377871919067,85.0016086010204,172.6593943847534,42.94331108612035,20.000385766326993,85.00165056710559,1,0.3011030430692355,1.306455875516791,0.10765801322106322
12.700000000000001,169.4759404030752,42.76440706814199,13.975688846785767,0.5347489540472482,0.28457753299512945,0.09205655595424092,20.000384159204856,85.00162013433102,165.90965124010665,37.99771437560582,20.000341339275852,85.00158604177787,1,0.296006646191026,1.3481725919514846,0.10028564825828816
12.8,170.67840391370066,43.476643189829225,14.004637069050334,0.5439546096426723,0.29421334442225167,0.09320310405249012,20.000390557330796,85.00163162948728,168.75914931545142,43.10521530684024,20.000387220737355,85.00161328204364,1,0.3783309409118385,1.3493800405058025,0.11316017126429041
12.9,171.8767369749929,44.20141658101584,14.034531515670217,0.5532749200479213,0.3034931538352037,0.09412799877343674,20.000397068080943,85.00164308515778,169.09700915077633,46.427503289954316,20.00041706535809,85.0016165118727,1,0.3063939838238941,1.3633927006669742,0.1096940972638528
13.0,173.07080641698877,44.93889804948476,14.065335699817375,0.562687719925265,0.31239947504901444,0.09482319883428036,20.000403692989693,85.00165450006949,171.90137700752146,39.30493175158704,20.000353082209337,85.0016433207084,1,0.3998122962748139,1.326932524222169,0.10665948612907758
13.100000000000001,174.2604867916252,45.68922950270427,14.09701141068002,0.5721700398086931,0.3209153266618259,0.09528251271757064,20.00041043333182,85.00166587302316,170.13042834895626,42.46493146125113,20.000381468969707,85.00162639102084,1,0.3780250909480387,1.4082662109350987,0.09116939783023392
13.200000000000001,175.4456619713444,46.45252309006497,14.12951876514974,0.5816982910804501,0.32902425587808537,0.09550165375436911,20.00041729011478,85.00167720290864,177.35111481178762,49.08215390230953,20.00044091249028,85.00169541841201,1,0.3712583521524529,1.5216571285705736,0.11781594126469255
13.3,176.62622669822778,47.22886060106514,14.162816261855637,0.5912484564558871,0.3367103616101286,0.09547827562958512,20.000424264073295,85.00168848871971,175.95955860693147,48.039146903657006,20.000431542998996,85.0016821155917,1,0.3739861018769084,1.3635015210011188,0.10584128995166786
13.4,177.80208805899065,48.01829312188991,14.196860837471766,0.6007962840188456,0.34395831682693334,0.09521198794964644,20.000431355666286,85.00169972956814,173.38966917548268,49.25420786827017,20.00044245807735,85.00165754829274,1,0.36520991499122446,1.3852610787514168,0.09635360020353023
13.5,178.97316686122895,48.82084094933295,14.231607925221024,0.6103174828138102,0.3507533901191806,0.094704351728092,20.000438565076085,85.0017109246969,175.92642961760632,54.39932537220288,20.000488677454275,85.00168179888945,1,0.4330353961296439,1.3554849393890704,0.09302165167503902
13.600000000000001,180.13939888692616,49.63649375758553,14.267011515495602,0.6197879179866194,0.3570814664511346,0.09395885486162255,20.000445892209925,85.00172207349205,181.07994042927675,51.042152093104136,20.000458519453595,85.00173106476029,1,0.3438143248460429,1.346111069215452,0.10152669267676112
13.700000000000001,181.30073600040785,50.465211010140834,14.30302421851125,0.6291838034727816,0.3629290670709562,0.09298086788524433,20.000453336703668,85.00173317549344,183.815115704091,52.43887504144037,20.000471066429316,85.00175721213763,1,0.31183281072944574,1.4371300791267785,0.0812702770368598
13.8,182.4571470896613,51.30692260600061,14.339597328909793,0.638481890261306,0.36828336855204924,0.09177758050802909,20.00046089792758,85.00174423040366,188.44733976473665,59.43915918765559,20.000533951051736,85.00180149467835,1,0.429005374696673,1.3124049974203642,0.10377431326155771
13.9,183.60861882218813,52.161529746588855,14.37668089222166,0.6476596483121089,0.3731322209394605,0.09035791963837014,20.000468574994144,85.00175523809526,192.3502062202101,51.520116072317386,20.000462813077075,85.00183880479987,1,0.4346941373428179,1.3053429530575382,0.08582221149142988
14.0,184.75515619928385,53.02890600732592,14.414223773097685,0.6566954402759458,0.3774641649765531,0.08873244980716795,20.000476366767664,85.00176619861604,185.99838449911184,50.635257716470434,20.000454864259222,85.00177808347028,1,0.43147622260214147,1.2296347462691124,0.09743853089541082
14.100000000000001,185.89678289577927,53.90889859573691,14.452173725216971,0.6655686852566627,0.38126844838808793,0.0869132570869585,20.000484271875585,85.00177711219233,182.92816853568368,55.192287790478304,20.000495800756877,85.001748733214,1,0.4316548668689899,1.2482049042180572,0.08669705371337691
14.200000000000001,187.0335413757637,54.80132977628924,14.490477462775303,0.6742600109653585,0.38453504119755344,0.08491381778252706,20.000492288721283,85.00178797923006,180.63740253356977,56.11830286445593,20.00050411929182,85.00172683424334,1,0.39850802228067606,1.1750217682082496,0.08726963065528003
14.3,188.16549277855515,55.70599844088996,14.529080733456482,0.6827513927436112,0.3872546500577556,0.082748853332097,20.000500415498166,85.00179880031372,188.96862716558667,54.125852265051336,20.000486220803555,85.0018064780147,1,0.4566287852770319,1.2638550056235833,0.08017975460444636
14.4,189.29271657310355,56.6226818031241,14.567928392786854,0.6910262780768209,0.3894187315750486,0.08043417300596087,20.000508650204917,85.00180957620299,186.85389328717258,53.52549074445956,20.00048082766426,85.00178626185334,1,0.41714082523732154,1.3417441337757328,0.08382187869415286
14.5,190.41530998301184,57.55113719386947,14.606964479771491,0.699069695377417,0.39101950460865176,0.07798650611981729,20.0005169906616,85.0018203078273,189.16923820247277,64.4806704601397,20.000579239718046,85.00180839579032,1,0.3966638265678929,1.150812185111127,0.10188030157999084
14.600000000000001,191.53338718834962,58.49110393585405,14.646132293708584,0.7068683459893987,0.39204996152847116,0.07542332559167537,20.000525434526505,85.00183099627819,189.6970967911702,59.47163434701812,20.000534242781054,85.00181344194507,1,0.4064553959157012,1.0513221079976218,0.09427392186216178
14.700000000000001,192.6470783143184,59.44230527499657,14.685374472077186,0.7144106785485663,0.3925038784159707,0.07276266476276629,20.00053397931352,85.0018416427996,192.22470565506924,57.24544913079034,20.000514244619005,85.0018376050557,1,0.5235358633547623,1.143546962848925,0.08130745431272085
14.8,193.75652822052433,60.404450346943115,14.724633069391778,0.721686945024843,0.3923758241937847,0.07002292947347165,20.000542622409753,85.00185224877634,196.95446891288725,63.15224125378191,20.000567306235446,85.00188282003909,1,0.3356270200915131,1.024715694994261,0.07476998681782213
14.9,194.8618951080421,61.377236158034925,14.763849636915943,0.7286892379721901,0.391661168671833,0.06722270743406827,20.00055136109338,85.00186281572076,195.33304081037812,61.049800703350925,20.00054841969064,85.00186731971894,1,0.44665057388662294,1.0874332912706526,0.08066471934099713
15.0,195.96334896454272,62.360349560961836,14.802965303126145,0.7354115087155969,0.39035608949867573,0.06438057695657577,20.000560192551337,85.00187334525789,195.48744445342666,61.60170522200834,20.000553377533286,85.00186879576705,1,0.33640056811748986,0.9689219944939366,0.08068028089765134
15.100000000000001,197.06106987044885,63.35346920651931,14.841920854815678,0.7418495664112544,0.38845757800859637,0.06151491711789013,20.0005691138969,85.00188383910924,193.9541086119714,65.04028782226278,20.000584266846342,85.00185413758,1,0.41304591109244776,0.9114087468001325,0.058216733295814845
15.200000000000001,198.1552461913248,64.35626745414466,14.880656818727864,0.7480010581230434,0.38596344395638305,0.05864372140566662,20.00057812218683,85.00189429907552,193.13119735721173,60.480620649449584,20.000543306659225,85.00184627081866,1,0.3942820696986737,0.893759215023526,0.0628693327293446
15.3,199.24607268346972,65.36841222521367,14.919113543606954,0.7538654302636101,0.3828723191332539,0.055784416857272985,20.000587214438006,85.00190472701853,197.78714895624972,66.42629383696519,20.000596717550213,85.00189078018684,1,0.30862090429926003,0.9001428871043669,0.04256483456159218
15.4,200.33374854093583,66.38956878439338,14.957231282554515,0.7594438719493374,0.37918365985870395,0.052953690639055286,20.00059638764345,85.00191512484251,200.17240088848087,72.12843320758863,20.0006479407397,85.00191358241194,1,0.4286355393803921,0.8106695666154091,0.06918471174166424
15.5,201.41847541293004,67.41940143563916,14.994950275578695,0.7647392410132429,0.3748977483451821,0.05016732592880626,20.000605638787558,85.00192549447516,206.7222651536697,68.81793442223109,20.00061820202313,85.00197619696321,1,0.3858958452355723,0.7574203226215144,0.07581756850581481
15.600000000000001,202.50045542077407,68.45757512067293,15.032210832223551,0.7697559736061235,0.3700156929332099,0.0474400488596651,20.000614964860446,85.00193583784869,202.89127898519274,67.32893880932254,20.00060482614796,85.00193957399361,1,0.29505537580514773,0.7331872362005286,0.05324087510589595
15.700000000000001,203.57988920330968,69.5037569089703,15.068953414165337,0.77449997849209,0.36453942719694155,0.04478538815983664,20.00062436287135,85.00194615688115,206.52810773637884,67.98244106768557,20.00061069665863,85.00197434088207,1,0.43651783173565417,0.6412761685908459,0.028535286910806472
15.8,204.65697401886032,70.55761736941707,15.10511871766294,0.7789785173080737,0.35847170792103533,0.042215548980867434,20.00063382986094,85.00195645345825,203.15908722324286,69.32659744938175,20.000622771420847,85.00194213415242,1,0.46022201682048214,0.6875224592020164,0.053304454146637745
15.9,205.7319019306315,71.618831814872,15.140647755749544,0.7832000722061604,0.3518161119515817,0.03974130224932537,20.000643362912502,85.00196672941605,202.17707063138042,70.85694378072866,20.000636518755844,85.00193274639632,1,0.45632232906641035,0.542372729019567,0.03570041058783457
16.0,206.8048581007838,72.68708141190862,15.175481940053256,0.7871742024310929,0.34457703192537714,0.03737189070430953,20.000652959161904,85.00197698652467,203.90950781408668,71.55366181363381,20.00064277748042,85.00194930792681,1,0.3925248539579507,0.5749303797306177,0.03573839628766493
16.1,207.876019216394,73.76205414902037,15.20956316213462,0.7909113915015239,0.336759670883211,0.035114952598189725,20.000662615806302,85.00198722647313,205.70034102278674,76.51098847224407,20.000687309903476,85.00196642770415,1,0.3690625778120668,0.602052349919067,0.04638071649609976
16.2,208.94555206817364,74.8434456575841,15.242833874229898,0.7944228867613429,0.32837003577460777,0.032976463842350985,20.000672330111502,85.00199745085595,215.33096126547915,69.64381834795715,20.000625621064664,85.00205849327078,1,0.42477786681939766,0.5478071742551409,0.04052200509747823
16.3,210.01361230019995,75.93095988091066,15.275237169289541,0.797720533145578,0.3194149298624893,0.030960699175658815,20.00068209941799,85.00200766116099,207.54945226252678,78.51696003214707,20.000705329852593,85.00198410460031,1,0.43353410912949425,0.5324480514845351,0.031079611422272797
16.400000000000002,211.08034334607973,77.02430958779163,15.306716860202396,0.8008166030631438,0.30990194403844207,0.02907021272310189,20.000691921145513,85.00201785875946,213.59581095728876,75.88525001236395,20.000681688799254,85.0020419058037,1,0.39658037918222333,0.4717172315824335,0.027574156397085242
16.5,212.14587556397063,78.1232167280999,15.33721755809723,0.8037236243354541,0.29983944706006405,0.027305838097914238,20.000701792796313,85.00202804489751,209.43709402970956,79.25406008518603,20.00071195133503,85.00200214983566,1,0.28276256694857405,0.5072828885631663,0.03356419865012256
16.6,213.2103255797804,79.22741262923641,15.366684749614409,0.8064542081452455,0.2892365747238834,0.025666707984789455,20.00071171195686,85.00203822069008,216.00504461840313,75.84644889863382,20.000681340242917,85.00206493728625,1,0.32930381738462955,0.4706471700011601,0.026572052459665783
16.7,214.27379584470216,80.33663803354682,15.395064873042006,0.8090208789437244,0.2781032179882814,0.024150292926930564,20.000721676298202,85.00204838711655,215.42864874301975,84.32253123409512,20.00075748218603,85.00205942713099,1,0.33007902520285287,0.4241023765254473,0.018057921590900493
16.8,215.33637441007667,81.4506429782658,15.422305393212065,0.8114359082364175,0.26645001006284197,0.02275245882799364,20.000731683574887,85.00205854501867,214.8664607171024,85.18754785878143,20.000765252762584,85.00205405279809,1,0.20596916161698053,0.4272726573574789,0.02442682701321004
16.900000000000002,216.39813491944093,82.56918652107919,15.448354875054575,0.8137111541192169,0.2542883124816697,0.021467542473807583,20.00074173162249,85.00206869510043,216.27584734103462,85.44795809832941,20.000767592067564,85.00206752607134,1,0.30775634546270847,0.3991593921508654,0.029863468706359426
17.0,217.4591368145711,83.69203631601455,15.4731630557084,0.8158579083665977,0.24163020017926584,0.02028844418033649,20.000751818353816,85.0020788379301,215.49477372828295,79.14777198863393,20.000710996532813,85.00206005926412,1,0.3852797914782353,0.3219532292816401,0.02350740951214016
17.1,218.5194257493911,84.8189680460602,15.496680915090428,0.8178867527846313,0.22848844558968295,0.019206736485884356,20.00076194175379,85.0020889739441,219.85764235383735,87.30633125925837,20.000784286117707,85.00210176685533,1,0.29048525387972257,0.26044572115740844,0.010071650503402505
17.2,219.57903420282673,85.94976472064369,15.518860744826336,0.8198074264332197,0.21487650179046192,0.0182127876290826,20.00077209987315,85.0020991034529,218.2140837618044,87.16432998355081,20.00078301049854,85.00208605497497,1,0.3185471558625497,0.3336598212829599,0.033103433842837995
17.3,220.637982279067,87.0842158478414,15.53965621544852,0.821628705196128,0.2008084847141678,0.01729589839168417,20.000782290821018,85.00210922664874,216.96116498776524,82.2684021064437,20.00073902963012,85.00207407748297,1,0.23995422122060303,0.3260767764856725,-0.0050922159777491635
17.400000000000002,221.6962786812677,88.22211649290331,15.55902244176917,0.8233582950352963,0.18629915445196765,0.016444450738402186,20.00079251275643,85.00211934361478,217.86246595830883,88.14922434159087,20.000791857955093,85.00208269362425,1,0.21263823825277658,0.34038317763829545,0.016980799188117835
17.5,222.75392184251845,89.3632662363175,15.576916046338914,0.8250027401091365,0.17136389567451893,0.015646066556577083,20.00080276387899,85.00212945433606,223.2716855956848,90.45686970341728,20.00081258788608,85.00213440398748,1,0.2204274651785677,0.22690140145496748,0.014444082011037924
17.6,223.8109011959027,90.50746804616851,15.593295220904073,0.8265673467647943,0.1560186971969113,0.014887774687758154,20.000813042418727,85.00213955871153,228.548174965134,92.17569386763796,20.000828028346255,85.00218484549296,1,0.14522736479768966,0.21682791292465767,0.021369563466472303
17.7,224.86719856372602,91.6545270809144,15.608119785778296,0.8280561242335701,0.14028013071556877,0.014156184352555633,20.000823346625356,85.00214965656747,225.34717340444632,92.18631118176097,20.000828123723213,85.0021542449693,1,0.12209137135384934,0.27394643439963723,0.02477280243058299
17.8,225.92278964447686,92.80424943988255,15.621351247047187,0.8294717426688257,0.12416532874592434,0.013437663000345912,20.000833674757033,85.00215974767151,225.5668746661472,93.6779436904247,20.00084152328602,85.00215634524122,1,0.21748055660439264,0.2363561042251991,0.029705311082956265
17.900000000000002,226.97764557482452,93.95644087972516,15.632952851527481,0.8308155089688604,0.10769196179104767,0.01271851656737249,20.000844025068837,85.00216983174778,227.83512399363215,98.37727505648445,20.000883738097933,85.00217802895985,1,0.20630907893437359,0.13453988931054886,0.010594467833850887
18.0,228.03173454296075,95.11090551575103,15.642889639405396,0.8320873606255976,0.090878214772383,0.011985170100984967,20.000854395801113,85.00217990849212,231.94973976808123,98.78900724548306,20.000887436751118,85.00221736333533,1,0.07132289899301547,0.23623810138691861,0.022850993474319785
18.1,229.0850234288575,96.26744452743742,15.651128494481958,0.8332858776356962,0.07374276275445624,0.011224346704498355,20.00086478516782,85.00218997758796,229.74317093294908,87.6662796660892,20.00078751958926,85.00219626926194,1,0.15214270298214946,0.11305254678927112,0.018182530583312966
18.2,230.13747944655506,97.42585488750854,15.657638191956288,0.834408312306146,0.0563047459969912,0.010423242776454665,20.000875191345138,85.00220003872184,228.90469775405384,96.47353922299548,20.000866636547972,85.00218825373373,1,0.08195674721669015,0.14594053658698025,-0.0016921509753775703
18.3,231.18907176341736,98.58592813373838,15.662389443681356,0.8354506365837915,0.03858374436818579,0.009569697559723367,20.000885612460415,85.00221009159903,234.50793789359702,98.09197505110653,20.00088117520438,85.00224181886925,1,0.08557417309270732,0.24746839868163983,0.03357510011406446
18.400000000000002,232.23977307140615,99.7474492020992,15.665354940829925,0.8364076063397639,0.020599751154009027,0.00865235507942245,20.0008960465817,85.00222013595845,233.52604238679098,94.4911534839183,20.000848828473888,85.00223243227067,1,0.0736106831257622,0.2567861642836011,-0.0007353961929795448
18.5,233.28956108583725,100.9101953390434,15.666509393912158,0.8372728418477061,0.002373146299508022,0.0076608166333842955,20.000906491707966,85.0022301715871,237.89682906182523,101.19274451374034,20.000909029890387,85.00227421555584,1,0.08209066970572394,0.08923543732835548,0.016855789356481445
18.6,234.3384199478033,102.0739351095981,15.665829570089826,0.8380389235110446,-0.016075330881744065,0.006585782103890688,20.000916945760192,85.00224019833335,234.888123259469,105.82020842682962,20.000950599105984,85.00224545331649,1,0.01806057921141538,0.11670216315466442,0.015485381545868164
18.7,235.38634150747924,103.23842751659667,15.663294327735809,0.8386975017214336,-0.034724609492702285,0.005419178483514803,20.000927406573467,85.00225021611931,231.71293441231774,99.9787239378249,20.000898124158002,85.00221509955391,1,0.06578349027239451,0.11701331375576066,0.013175546306805574
18.8,236.43332646687898,104.40342124480448,15.658884648191286,0.8392394195697851,-0.05355331529447227,0.004154274149761716,20.000937871890187,85.00226022495167,232.32884886914198,105.4126240608741,20.00094693771333,85.00222098749383,1,-0.008082673306476034,0.18411264608716005,0.004208505328145642
18.900000000000002,237.47938536229958,105.56865404195919,15.652583664676914,0.8396548469847612,-0.0725397993660426,0.002785777581244313,20.000948339354498,85.00227022493117,242.43216915899333,102.82118361006988,20.000923658407682,85.00231757191767,1,-0.011330585742565971,0.04896116927038781,0.016058304092649335
19.0,238.52453936867457,106.73385224688204,15.644376688318077,0.8399334247428857,-0.09166216714318054,0.0013099193806200247,20.000958806508063,85.00228021626022,243.69553653102446,104.71811617584301,20.00094069884285,85.00232964929484,1,-0.10332529672004287,0.026648671070084062,-0.00929375535881093
19.1,239.56882091034726,107.89873047287033,15.634251231248278,0.8400644166809477,-0.11089830779663856,-0.00027548334543347174,20.00096927078721,85.00229019924879,239.03026327049946,112.33091137538044,20.001009085745675,85.00228505081463,1,0.02703464273860315,0.10312930209061144,0.004066228767827299
19.200000000000003,240.61227406535633,109.0629914525993,15.62219702675875,0.8400368683464043,-0.13022592390981913,-0.001970981003354898,20.000979729521536,85.00230017431826,239.46271210194837,107.43531799226383,20.000965107882067,85.00228918488344,1,-0.07673467774957081,-0.01953051120632177,-0.0026097277688794827
19.3,241.6549547531751,110.22632604878324,15.608206046466314,0.8398397702460688,-0.14962256141545005,-0.003775464477154133,20.00099017993402,85.00231014200321,246.0392876299017,111.61296351581511,20.00100263631032,85.0023520547856,1,-0.08397269014819508,0.007181857967786955,-0.005548443897824449
19.400000000000002,242.69693069893432,111.3884134329109,15.59227251447566,0.8394622237983534,-0.16906563975011224,-0.005686157380305069,20.001000619142605,85.00232010295105,239.37579365280385,105.77475908472793,20.0009501908276,85.00228835397161,1,-0.21947493031068932,-0.13251726368953504,0.0036013204942303883
19.5,243.73828117044917,112.54892143250957,15.574392918516292,0.838893608060323,-0.1885324821861012,-0.007698627721288249,20.00101104416334,85.00233005791955,241.05410011358168,118.13587411669421,20.001061232613218,85.00230439803019,1,-0.19966758334005624,-0.09846309026934123,0.008076157705908582
19.6,244.77909648781957,113.70750704563034,15.55456601803844,0.8381237452881941,-0.2080003462986113,-0.009806818893606566,20.001021451914983,85.00234000777216,246.7090768718867,115.51546438454983,20.00103769307209,85.00235845775079,1,-0.11610616190267478,-0.20552065382387025,-0.008239376511975226
19.700000000000003,245.81947730892705,114.86381711960136,15.53279284925657,0.8371430633988335,-0.22744645452704937,-0.012003099686595466,20.00103183922511,85.00234995347112,244.63566194034829,114.31631759165057,20.00102692095317,85.002338636585,1,-0.18310189861241913,-0.20921335002864905,0.0008037112126623091
19.8,246.85953369775544,116.01748918957465,15.50907672713303,0.835942753430174,-0.24684802478900814,-0.014278332802095955,20.001042202837642,85.00235989606863,246.84416809759523,117.74412871957433,20.00105771350444,85.00235974917854,1,-0.31253701153045443,-0.14948369120563337,-0.008780926147649972
19.900000000000002,247.8993839860528,117.16815247099493,15.483423244298768,0.8345149201499644,-0.26618230110446284,-0.01662196115636639,20.001052539421767,85.00236983669588,247.40905529047927,112.9386941841515,20.00101454555154,85.00236514931458,1,-0.18426780465527187,-0.22986012928865024,-0.020549283248746476
20.0,248.93915344236223,118.31542899884118,15.455840266912137,0.8328527240343278,-0.28542658418913014,-0.019022111048747258,20.00106284558217,85.0023797765504,249.95187708875903,121.86302122409916,20.001094714145346,85.00238945785586,1,-0.2826157244067663,-0.27995799693655093,-0.016601631981157897
20.1,249.97897276581105,119.45893490531718,15.426337927460942,0.830950512929453,-0.30455826197499647,-0.021465711090731317,20.0010731178705,85.00238971688164,254.2014183497522,118.48698057882788,20.001064386656232,85.00243008207468,1,-0.20399241268116083,-0.3385747943379134,-0.019460569998647464
20.200000000000003,251.018976425194,120.59828182658053,15.394928614517138,0.8288039418203799,-0.3235548400161292,-0.023938625613294885,20.001083352798034,85.00239965897507,251.29073114589926,119.98607328143522,20.001077853235103,85.00240225686095,1,-0.29794662394631416,-0.34956623610839044,-0.02590522473834935
20.3,252.05930086674502,121.73307842807897,15.361626959457716,0.8264100792590504,-0.3423939717388702,-0.026425801108551007,20.001093546849347,85.00240960413505,253.99111724657558,120.25811158318251,20.001080296996744,85.00242807166521,1,-0.30215863743784366,-0.36088764037935,-0.01714097182199267
20.400000000000002,253.1000826165039,122.86293203708512,15.326449820169364,0.8237674991481954,-0.3610534884946226,-0.028911424115770988,20.001103696497008,85.00241955366677,246.94956631341083,121.12097782884837,20.00108804825611,85.00236075675086,1,-0.27210575956504013,-0.3639636806169104,-0.021564962238723395
20.5,254.14145630528589,123.98745037006786,15.289416261758792,0.8208763567366183,-0.37951142937449944,-0.03137908883318975,20.001113798217066,85.00242950885723,253.99530109949552,126.0714622049531,20.0011325192139,85.00242811166146,1,-0.3943860779172325,-0.5810252852901852,-0.04228558581588393
20.6,255.18355264590147,125.10624334159073,15.250547534294464,0.8177384478532993,-0.3977460707452085,-0.03381197262719121,20.001123848505326,85.002439470956,252.65386183502287,125.8739638919034,20.00113074505637,85.00241528794265,1,-0.4173884111369055,-0.5272391544923833,-0.04532723257958479
20.700000000000003,256.2264963934077,126.21892494047492,15.20986704760975,0.8143572505905802,-0.41573595546568143,-0.03619301752065362,20.00113384389419,85.0024494411557,252.5700572121368,128.17416936468405,20.001151408153696,85.00241448679797,1,-0.39556087648558674,-0.5125361724315015,-0.026946172988596074
20.8,257.2704043197644,127.32511515800051,15.167400343201328,0.8107379488385148,-0.4334599217449231,-0.03850511567344298,20.001143780969986,85.00245942057265,254.63594721897815,127.2987310895438,20.001143543957866,85.00243423602797,1,-0.36210128176386197,-0.5589656604785002,-0.04165797996138833
20.900000000000002,258.3153832342975,128.42444195194793,15.123175063260765,0.8068874372711705,-0.4508971316013177,-0.040731296820997936,20.0011536563906,85.00246941022787,257.31301291219506,129.96404138517946,20.001167486847624,85.00245982789679,1,-0.4874409942319922,-0.5658177202512522,-0.0327108852699947
21.0,259.3615280808242,129.5165432293146,15.077220916881064,0.8028143075890707,-0.4680270988848978,-0.042854915612212545,20.001163466903293,85.00247941102903,262.10923570789225,128.2599969975395,20.00115217915644,85.00250567821155,1,-0.5214288288793526,-0.6027560157532962,-0.030045599831120665
21.1,260.4089201411771,130.60106882959988,15.029569643483786,0.7985288160278494,-0.4848297168243132,-0.04485983678565104,20.00117320936252,85.00248942375315,256.4297419879584,137.29026435382852,20.0012332994283,85.00245138411684,1,-0.4136436704721236,-0.6594674343149284,-0.05256936515970663
21.200000000000003,261.45762537318745,131.6776824896643,14.980254973516201,0.7940428323492843,-0.5012852850607796,-0.04673061614355328,20.001182880747578,85.00249944903075,261.5495198509707,126.97389124037281,20.001140625871855,85.00250032751177,1,-0.5014342006891298,-0.6963792046992995,-0.05584598868931514
21.3,262.5076929089883,132.74606377037483,14.92931258647163,0.789369770734929,-0.5173745361322446,-0.04845267532590687,20.001192478179917,85.00250948733152,261.0551846089876,136.52887574106379,20.00122645975802,85.00249560182921,1,-0.5069858367782587,-0.7056402100780598,-0.02670835850195392
21.400000000000002,263.55915373681086,133.80590992458806,14.876780066289752,0.7845245032023382,-0.5330786613715954,-0.05001246845159683,20.00120199893991,85.00251953895172,262.576134453725,137.90963227675098,20.001238863305016,85.00251014161022,1,-0.5959191814686037,-0.6565873762355237,-0.04149676062197224
21.5,264.612019586339,134.8569376855463,14.82269685419731,0.7795232563571786,-0.5483793361838085,-0.05139763877960453,20.001211440482926,85.00252960400346,267.6202930622528,132.30046126764952,20.001188475264527,85.00255836210991,1,-0.5523283019014076,-0.7684520152968994,-0.050590045346337244
21.6,265.66628203421567,135.89888495451507,14.76710419905299,0.7743834924792181,-0.5632587446672144,-0.05259716364947352,20.001220800454494,85.00253968240622,267.28062834522746,142.586705786183,20.0012808781712,85.00255511502677,1,-0.5336371094987719,-0.7498481323436155,-0.05693656817593616
21.700000000000003,266.7219118425436,136.93151236652116,14.710045105263868,0.7691237761142707,-0.5776996035453941,-0.053601486085636155,20.001230076704363,85.0025497738805,270.73410616487183,139.9179832153571,20.001256904628455,85.00258812914053,1,-0.5011807106642494,-0.7493131673289604,-0.05370589457470895
21.8,267.7788585392783,137.95460471340417,14.651564278343912,0.7637636275057071,-0.5916851853775107,-0.054402631593337865,20.001239267299287,85.0025598779438,267.3153415015286,140.8680217338729,20.00126543896967,85.00255544687315,1,-0.6002466936892425,-0.68906610720713,-0.06130835495447097
21.900000000000002,268.83705024536056,138.96797220410195,14.591708068188366,0.7583233643463734,-0.6051993410147283,-0.0549943088332381,20.00124837053434,85.00256999390898,266.74922241034847,139.0520387651796,20.001249125717106,85.00255003496056,1,-0.4923305350031034,-0.7874763128182187,-0.0411601870923322
22.0,269.8963937493777,139.97145154318622,14.530524410140966,0.7528239334630495,-0.6182265212725913,-0.05537199303557454,20.001257384942615,85.00258012088497,269.2248172987362,139.3197730685302,20.001251530815274,85.00257370083466,1,-0.6224543224815813,-0.7266437636410232,-0.058139504571637746
22.1,270.9567748265687,140.96490681015715,14.468062763933847,0.7472867341594921,-0.630751797789566,-0.05553299120115095,20.00126630930312,85.00259025777981,271.68426520038236,140.33668032903833,20.001260665848623,85.00259721234886,1,-0.6349063878688247,-0.7118558320039868,-0.03959764531898828
22.200000000000003,272.01805879519014,141.94823012390412,14.404374050583053,0.741733435039377,-0.6427608830435361,-0.05547648833331286,20.00127514264674,85.002600403306,272.54777887055127,143.11982191286268,20.001285667234846,85.00260546725596,1,-0.5358930054486459,-0.7722918022153776,-0.05448277753101298
22.3,273.0800912997239,142.9213420790279,14.33951058732514,0.7361857862060458,-0.6542401494988059,-0.05520357415035638,20.001283884260165,85.00261055598796,269.8269270830238,147.1249009041296,20.001321645471567,85.00257945680644,1,-0.61366714188061,-0.7721281849410618,-0.06063707598652953
22.400000000000002,274.14269930720604,143.88419194337592,14.273526020683292,0.7306654287910102,-0.665176647857324,-0.05471724993923685,20.00129253368766,85.00262071417153,274.41416865208964,144.42813459696018,20.001297420007653,85.00262330932931,1,-0.6627778843079029,-0.7674607743903392,-0.053980265819374866
22.5,275.2056923001594,144.83675760912465,14.206475257753675,0.7251937037970865,-0.6755581243896458,-0.054022415426685816,20.001301090730625,85.00263087603544,275.8903772905761,142.10242673971277,20.001276527818508,85.00263742139907,1,-0.6533147809486755,-0.7502592648354316,-0.07526408320169999
22.6,276.2688636472645,145.77904529300176,14.138414395805363,0.7197914622544179,-0.6853730373217193,-0.05312583576056356,20.001309555444912,85.00264103960434,283.8212857598662,148.2523264801567,20.001331773307832,85.00271323827938,1,-0.5877193584446163,-0.6784030880775015,-0.04933352152730363
22.700000000000003,277.3319921310434,146.71108898470993,14.069400650289332,0.7144788786783616,-0.6946105722553853,-0.052036088910092926,20.001317928135848,85.0026512027635,282.9625259648884,149.4745412238943,20.00134275264968,85.00270502881777,1,-0.5913004312741011,-0.6905660842873992,-0.048737280821394516
22.8,278.394843610479,147.63294964622298,13.999492281354286,0.7092752697873523,-0.70326065660125,-0.05076349400618524,20.001326209351067,85.00266136327458,275.8351135588025,149.59692823156635,20.001343852070878,85.00263689309595,1,-0.7141003155647628,-0.6688986570556713,-0.037516066540705564
22.900000000000002,279.457172795643,148.54471416829313,13.928748518969082,0.7041989203867338,-0.7113139730044438,-0.049320021350051195,20.001334399871126,85.0026715187927,278.59502271099547,150.78121088786807,20.001354490662987,85.00266327692104,1,-0.6834356635083991,-0.7132273498540408,-0.06318307062988499
23.0,280.51872511105773,149.44649409415334,13.857229486753397,0.6992669182517287,-0.7187619717452343,-0.047719185017429375,20.00134250069803,85.0026816668842,276.12839910554675,148.63370970367993,20.00133519933162,85.00263969680945,1,-0.6842541303618556,-0.679630201576125,-0.0311005214087939
23.1,281.57923862462457,150.33842412393574,13.784996124620035,0.6944949997499857,-0.7255968820970615,-0.045975919174881245,20.00135051304181,85.0026918050451,279.8071175827341,147.551456622544,20.00132547728678,85.00267486414994,1,-0.7449088876228914,-0.4966055264127329,-0.03276992622490468
23.200000000000003,282.6384460194867,151.2206604166755,13.712110110333985,0.6898974078324976,-0.7318117226266896,-0.044106439401629935,20.00135843830527,85.00270193071992,283.58526103025775,148.61608012475318,20.00133504096242,85.00271098196048,1,-0.7045959752591893,-0.5836836399143575,-0.02658600376464331
23.3,283.6960765870934,152.09337870985104,13.638633780094697,0.6854867638923346,-0.7374003104231885,-0.04212809047341818,20.001366278067085,85.0027120413208,287.31363744975806,147.18698896447745,20.001322203218102,85.00274662401458,1,-0.7071341674006035,-0.5833081976005647,-0.03765530423345956
23.400000000000002,284.7518582209352,152.9567722791563,13.564630048249347,0.6812739548449929,-0.7423572692419089,-0.0400591822120521,20.00137403406348,85.00272213424648,282.5646067077044,153.66761811379413,20.001380419700258,85.00270122484035,1,-0.6553467952950721,-0.44183302846243266,-0.024920213871024544
23.5,285.80551939186154,153.81104976354933,13.490162326246315,0.6772680366237877,-0.7466780365530479,-0.03791881513407256,20.00138170816869,85.00273220690124,283.84308007165816,153.56070341386956,20.001379459269167,85.00271344662585,1,-0.6563067851374877,-0.4674405439433867,-0.047631255483141614
23.6,286.8567910874954,154.65643288252195,13.415294440938737,0.6734761551103804,-0.7503588694856766,-0.03572669774292203,20.00138930237446,85.00274225671339,280.41492399827945,153.33646976893283,20.001377444944065,85.00268067457965,1,-0.736819339403627,-0.42037642378049433,-0.0235962220908767
23.700000000000003,287.90540869996545,155.49315407395224,13.34009055234918,0.6699034853360882,-0.7533968496580368,-0.03350295739986093,20.001396818768807,85.00275228115338,287.4174109383307,146.62629760091704,20.001317166441886,85.00274761605505,1,-0.7340945068510774,-0.42383483924971843,-0.03621458502086038
23.8,288.951113847907,156.3214540818101,13.26461507100713,0.6665531895961021,-0.7557898868886515,-0.03126794677871806,20.001404259514374,85.00276227775116,285.7638706123283,152.5795016727276,20.00137064498396,85.00273180875259,1,-0.6925752717858696,-0.4006909326092727,-0.04278196510294742
23.900000000000002,289.99365612039327,157.14157952337317,13.18893257497145,0.6634263949182303,-0.7575367217823548,-0.02904204795758252,20.001411626826567,85.00277224411289,288.40533783829505,160.50410147758268,20.001441832875212,85.00275706031175,1,-0.7567961442287053,-0.3615129309765077,-0.03528345313922613
24.0,291.0327947320873,157.95378046547927,13.113107726650659,0.660522190122472,-0.7586369271883431,-0.026845476226236755,20.001418922951768,85.00278217793675,288.40221239758455,155.95990246528987,20.001401011640944,85.00275703043357,1,-0.6992049196014729,-0.39116453024281317,-0.02179016483994405
24.1,292.0683000804207,158.7583080387049,13.03720518953378,0.6578376424998483,-0.7590909085280106,-0.024698085691191893,20.00142615014592,85.0027920770278,291.785512417663,159.84008307167542,20.001435867896383,85.00278937367062,1,-0.7334862328964713,-0.29639038141575186,-0.027941077773367927
24.200000000000003,293.0999551969774,159.5554121172433,12.961289544945057,0.6553678339307292,-0.7588999029920274,-0.022619178740618716,20.001433310653688,85.0028019393119,287.8267700229075,155.38335582731753,20.001395832434376,85.00275152939345,1,-0.7773698318789584,-0.248372071073894,-0.013858443423660716
24.3,294.12755708647296,160.3453390906935,12.885425208935375,0.6531059160566673,-0.7580659776081777,-0.020627321389441573,20.001440406688424,85.00281176284848,289.7264213503,164.6614555377712,20.001479179022148,85.00276968943626,1,-0.7759078132521601,-0.14326864533213463,-0.03370969693948175
24.400000000000002,295.15091794777175,161.12832975201235,12.809676349423421,0.6510431839177232,-0.7565920261823411,-0.01874016646087761,20.00144744041321,85.00282154584222,301.53865928385665,160.6962467718483,20.00144355894576,85.00288261055154,1,-0.654239091380786,-0.20575551384790117,-0.035011141897036226
24.5,296.1698662722781,161.90461732357033,12.734106803698907,0.6491691672716354,-0.7544817651170366,-0.016974286475431772,20.001454413923113,85.00283128665356,292.307598528456,162.77473851302094,20.001462230354747,85.00279436464237,1,-0.7323028390742015,-0.3028612290052453,0.0017495878660039894
24.6,297.1842478157959,162.67442564065362,12.658779996400014,0.6474717386240922,-0.7517397281126659,-0.015345018012748237,20.001461329228885,85.00284098380797,293.893891080432,169.65176501629867,20.00152400773492,85.0028095290782,1,-0.6397220234177503,-0.16894847870340635,-0.001307016718733893
24.700000000000003,298.1939264405913,163.4379675089253,12.583758858076374,0.6459372368228175,-0.7483712597597503,-0.013866319186918797,20.001468188242185,85.00285063600403,303.7046670255553,167.98728781069352,20.00150905548178,85.00290331687418,1,-0.7440530727954957,-0.007515210241888504,-0.019359287546056873
24.8,299.19878482495466,164.19544324936643,12.509105744448064,0.6445506049041255,-0.7443825080301725,-0.01255064173322481,20.001474992762535,85.00286024212016,307.9139863326759,163.27574638550527,20.00146673098504,85.00294355658434,1,-0.6998222479735978,-0.0836789928523401,-0.007580638167930205
24.900000000000002,300.1987250380632,164.9470394411252,12.43488235647034,0.6432955407308031,-0.7397804156777177,-0.011408819045406353,20.001481744466002,85.0028698012202,296.68402515158715,163.16737888651414,20.001465757503233,85.00283620184359,1,-0.5901465795268056,-0.15241176984631566,0.0037862515566068856
25.0,301.19366897844105,165.69292786957672,12.36114966131252,0.6421546588262624,-0.7345727105601796,-0.01044997132914035,20.001488444895756,85.00287931255751,300.088922108077,164.71629283501812,20.001479671633973,85.00286875154026,1,-0.7574420477933436,-0.06961833383440094,-0.0012579652462342949
25.1,302.18355867482296,166.43326468379755,12.287967814358304,0.6411096616933484,-0.728767894895821,-0.009681428851371274,20.001495095454512,85.00288877557792,303.20822532764447,167.96295942922714,20.001508836936214,85.0028985710546,1,-0.7936586198908098,-0.1260657573671371,-0.0031991978895364905
25.200000000000003,303.16835644878705,167.16818976464762,12.215396082333356,0.6401415188082112,-0.7223752334690925,-0.009108674068507646,20.00150169739884,85.00289818992121,308.35444938200385,166.852517361895,20.0014988616654,85.00294776726643,1,-0.6280457269047308,-0.14895643750904264,0.006842866744618324
25.3,304.14804493915625,167.89782630178172,12.143492767664485,0.6392306514013605,-0.7154047408016151,-0.008735303211422737,20.001508251835375,85.00290755542143,301.18747370387155,166.7120938667713,20.001497600219682,85.00287925333272,1,-0.7267451960712688,-0.09349555953297196,-0.01104242796343494
25.400000000000002,305.12262698889174,168.62228057522935,12.072315134173033,0.6383571210802182,-0.7078671673061621,-0.008563007693923506,20.001514759718837,85.00291687210574,304.3867934510654,173.0238243273565,20.0015542994591,85.00290983777879,1,-0.6789024855114737,-0.06879900541544981,-0.0032512232072772194
25.5,306.0921253960322,169.34164193472816,12.001919334203253,0.6375008203108259,-0.699773984442551,-0.008591575496188702,20.001521221851878,85.00292614019212,308.42413812421745,168.99901225939465,20.00151814395714,85.00294843346792,1,-0.6990698949651303,-0.1667231711806439,-0.003770061879112618
25.6,307.0565825311676,170.05598296780246,11.932360337284523,0.636641662761207,-0.6911373688953137,-0.008818912457975253,20.00152763888656,85.00293536008559,308.36088075456746,176.95475024691441,20.001589611567443,85.00294782874825,1,-0.6477292298475479,-0.13268840575846008,-0.0065465329346856786
25.700000000000003,308.0160598249762,170.76535984567047,11.86369186042419,0.6357597715154095,-0.6819701857953842,-0.009241083200523366,20.001534011327475,85.0029445323734,306.88759161128587,171.037587536927,20.001536456790433,85.00293374458789,1,-0.6994969961546712,-0.07911658538843404,-0.008139138314730888
25.8,308.97063713048004,171.46981283445535,11.795966300125446,0.6348356631953572,-0.672285971008586,-0.009852371183414588,20.001540339536344,85.00295365781894,308.56916823693194,176.82576801712955,20.00158845290036,85.00294981990817,1,-0.6512829754027513,-0.10662689725533325,-0.00412368880512968
25.900000000000002,309.9204119658725,172.1693669578741,11.729234666222473,0.6338504260770158,-0.6620989125146792,-0.010645357195475292,20.001546623737955,85.00296273735444,305.7957245407626,173.24132522600598,20.001556253302915,85.00292330669728,1,-0.6096081461868524,-0.07512132909418509,-0.005301282235620016
26.0,310.8654986450126,172.86403279658012,11.66354651762251,0.6327858903574682,-0.6514238309029707,-0.01161101537943866,20.001552864027357,85.00297177207271,310.15097741308864,175.75291451632847,20.001578815293385,85.0029649414844,1,-0.6718392752166839,-0.1661590343603413,-0.01709529180478392
26.1,311.80602730393565,173.55380740863242,11.598949900041879,0.6316247888195243,-0.6402761590110106,-0.0127388257006565,20.001559060378124,85.0029807632178,311.00686483390876,171.37997425407926,20.001539532502644,85.00297312348705,1,-0.6452803604933051,-0.0820513136596156,0.0002791333983479744
26.200000000000003,312.7421428329633,174.23867535513753,11.535491285820308,0.6303509062494587,-0.6286719207338631,-0.014016901592758748,20.001565212651563,85.00298971217482,313.43865250184206,171.6773976873753,20.001542204302805,85.0029963705785,1,-0.6160410624137896,-0.1908798010304791,-0.018780753670421334
26.3,313.67400372517324,174.91860981493642,11.473215515895106,0.6289492160901828,-0.6166277090333594,-0.015432131349729546,20.001571320606736,85.00299862045891,312.0080220687162,176.2977276799814,20.001583709433305,85.00298269422142,1,-0.6580684807446733,-0.0649194537481668,-0.012614465795201283
26.400000000000002,314.60178085307354,175.5935737722607,11.412165744013636,0.6274060029552099,-0.6041606631772023,-0.016970331686188646,20.001577383911126,85.00300748970355,316.01639642070893,178.55923349965664,20.001604024885733,85.00302101296379,1,-0.5952887123171395,-0.2494561521525871,-0.01492313641338916
26.5,315.525656186284,176.26352126152662,11.352383383259665,0.625708969786591,-0.5912884452388312,-0.01861641175734634,20.00158340215182,85.00301632164832,318.56380363974347,176.384290767528,20.001584487042752,85.00304536534018,1,-0.5553486182436861,-0.2359683570091891,-0.01003537563075418
26.6,316.44582146382635,176.92839865384076,11.29390805496587,0.6238473286108563,-0.5780292158906075,-0.020354545818561765,20.001589374847054,85.00302511812617,316.9121094468317,173.06921864858967,20.001554707243226,85.00302957568614,1,-0.5680066629700289,-0.17901382882383515,-0.03654558522073509
26.700000000000003,317.3624768352374,177.5881459703215,11.236777540081544,0.6218118740290002,-0.5644016095229709,-0.02216835261288953,20.001595301458035,85.00303388105047,318.417746060435,173.50737087145353,20.00155864323161,85.0030439690777,1,-0.5479704341695572,-0.13588918416624315,-0.008259254463594946
26.8,318.27582948512105,178.2426982079644,11.181027733061276,0.6195950387677113,-0.5504247087235914,-0.024041079504446932,20.00160118140083,85.00304261240184,318.43529552785463,173.96128900140567,20.001562720847552,85.00304413684484,1,-0.5214197922689207,-0.2230518248661436,-0.025810982980568574
26.900000000000002,319.18609225593445,178.8919866644658,11.126692598336826,0.6171909308172666,-0.5361180181518055,-0.02595578932663899,20.001607014058273,85.00305131421499,319.1863454352087,173.58912032564766,20.001559377599452,85.0030513166353,1,-0.5389051912734212,-0.23065919297558446,-0.008756156378868446
27.0,320.09348228374046,179.5359402491418,11.073804129430915,0.6145953518846027,-0.5215014378435701,-0.027895547887766183,20.001612798791747,85.00305998856564,317.9288081831119,179.86439632748306,20.001615749362898,85.00303929499216,1,-0.4569483095502262,-0.2780329883086301,-0.027677197132927725
27.1,320.99821966135966,180.17448676781427,11.022392310768112,0.611805797095826,-0.5065952359834469,-0.02984361007259527,20.00161853495272,85.00306863755785,321.9477024463796,183.54961853293835,20.001648854277224,85.00307771430144,1,-0.4047963297433581,-0.35026790089549553,-0.025332045929935373
27.200000000000003,321.9005261428144,180.80755417026802,10.972485082234225,0.6088214360885665,-0.491420021181197,-0.031783602497130484,20.001624221893955,85.00307726331147,321.60866634757394,180.7673068094936,20.00162386034576,85.00307447322768,1,-0.48463904079096937,-0.3432520216713957,-0.007645742096446244
27.3,322.8006239021888,181.4350717495976,10.924108306531872,0.6056430758388535,-0.4759967142904742,-0.03369970071487109,20.00162985898028,85.00308586795043,329.0801288289806,174.65382747758403,20.00156894202653,85.00314589795522,1,-0.4217368027165888,-0.3987346665060252,-0.03147308280280778
27.400000000000002,323.6987343590458,182.05697128345543,10.87728573937613,0.6022731057673664,-0.4603465198081391,-0.03557679903582316,20.001635445598843,85.00309445359144,328.4187990664715,181.48468990245178,20.00163030470773,85.00313957585989,1,-0.44232737757987145,-0.42091450719385337,-0.018188300189088576
27.5,324.59507708136493,182.67318810788154,10.832039002570244,0.598715425863784,-0.4444908968934591,-0.03740067110374588,20.001640981168762,85.00310302233349,325.7526167390344,182.18479111798374,20.001636593823953,85.00311408803246,1,-0.39621652964153387,-0.35503808215209,-0.03201022024810028
27.6,325.4898687756224,183.2836621150431,10.788387559997439,0.5949753587534095,-0.42845153004671843,-0.03915811948163958,20.001646465150074,85.00311157624823,323.2006971465381,189.5716583657194,20.001702951181457,85.00308969251927,1,-0.3201625534865557,-0.4486118681930119,-0.030003931178704688
27.700000000000003,326.3833223721488,183.88833866684666,10.7463486965609,0.5910595468052455,-0.412250299487118,-0.04083711261915077,20.001651897051957,85.00312011737118,323.04608795619856,179.516924928088,20.00161262797421,85.00308821450618,1,-0.35681732233621305,-0.3928721516299535,-0.035137526725037026
27.8,327.275646212315,184.48716941701895,10.705937500100015,0.5869758355433304,-0.3959092512707141,-0.04242690771703488,20.001657276440113,85.00312864769404,330.8490750715816,183.31513660922136,20.001646747890266,85.00316280850035,1,-0.4545799782111981,-0.48931095995214136,-0.028948391454033644
27.900000000000002,328.16704334243406,185.08011303489167,10.667166846306758,0.582733144771627,-0.37945056718892367,-0.04391815816151222,20.00166260294326,85.00313716915785,328.9552910178755,190.19767107652535,20.00170857474932,85.00314470454676,1,-0.32675078561657567,-0.423663169685502,-0.045773474290042734
28.0,329.0577109175746,185.66713582479238,10.63004738666223,0.5783413289554757,-0.3628965344888524,-0.045303004373541456,20.0016678762587,85.00314568364736,330.4981411277494,187.01707084883202,20.001680002931348,85.0031594536871,1,-0.2712533473234019,-0.4760072116970601,-0.05014348960373331
28.1,329.9478397167834,186.24821223564203,10.594587539408987,0.5738110285181216,-0.3462695154569495,-0.04657514710283579,20.001673096156914,85.00315419298634,324.71408175586083,187.9381514561913,20.001688277139223,85.0031041599791,1,-0.3273493239568546,-0.39311369645931243,-0.04796090900660601
28.200000000000003,330.8376137695577,186.82332525610974,10.56079348357084,0.5691535138078381,-0.32959191690712153,-0.04772990239180388,20.001678262485076,85.00316269893406,333.6199292142323,187.16707856718136,20.00168135047361,85.00318929695595,1,-0.2498101766012299,-0.45787969737188144,-0.041732798628562974
28.3,331.7272100918123,187.39246669148181,10.528669156027563,0.5643805235686576,-0.3128861596154042,-0.0487642376383959,20.001683375169577,85.00317120318275,333.0904711064554,188.3822973074536,20.00169226696929,85.00318423551032,1,-0.3173919366730015,-0.42163338009087015,-0.0459724254938992
28.400000000000002,332.616798528092,187.95563731927447,10.49821625164776,0.5595040998048181,-0.29617464774273294,-0.049676788396801855,20.001688434217403,85.00317970735604,329.28550647484855,190.2884659101101,20.001709390373186,85.00314786129807,1,-0.3404516057188466,-0.5293000030982318,-0.03757403963209009
28.5,333.50654169540593,188.51284692156227,10.469434226479017,0.5545364209651379,-0.2794797382875558,-0.050467855768802194,20.001693439716426,85.00318821300851,332.09196727305607,186.08438796488397,20.00167162449845,85.0031746901416,1,-0.24242128734592377,-0.49556272951069585,-0.032420538770586996
28.6,334.39659502283115,189.06411419300596,10.442320303990249,0.5494896353882577,-0.26282371060998955,-0.05113938445394658,20.00169839183458,85.00319672162601,335.1877466359007,191.69828992973055,20.001722055037835,85.00320428477559,1,-0.32064754664730527,-0.5530681905228235,-0.055897767826296664
28.700000000000003,335.2871068799619,189.6094665246419,10.416869484357019,0.544375696942863,-0.2462287360693427,-0.0516949217412739,20.00170329081793,85.0032052346269,335.4445072750307,185.4904574739853,20.00166628913007,85.00320673932298,1,-0.2282172867140223,-0.5291795149201213,-0.05403440965741323
28.8,336.1782187863852,190.1489396646331,10.39307455677638,0.5392062047687356,-0.2297168478162881,-0.05213955793663033,20.0017081369876,85.00321375336407,335.3017052289745,191.13404358312772,20.001716986326663,85.00320537418231,1,-0.13537473468401295,-0.5249955241299922,-0.061501952119758875
28.900000000000002,337.0700656936399,190.68257725836816,10.370926114793761,0.5339922489750726,-0.21330991078076345,-0.05247984892546444,20.001712930735664,85.0032222791276,336.759600889442,191.21880014822713,20.00171774770784,85.00321931118603,1,-0.2787980560680775,-0.5505575467558873,-0.0271761190178734
29.0,337.96277633057474,191.2104302715153,10.350412574620227,0.5287442640825262,-0.1970295918970244,-0.05272372176902701,20.00171767251996,85.00323081314811,337.2068441959541,189.36155100693898,20.00170106375494,85.00322358668517,1,-0.23100443169271928,-0.5764874157212001,-0.04467702677780874
29.1,338.856473602647,191.73255630087908,10.331520196414356,0.5234718919056235,-0.18089733060623558,-0.052880364419996315,20.001722362857883,85.00323935660052,339.3141611389544,191.66450047490216,20.001721751501996,85.00324373194306,1,-0.20249894286431447,-0.5870104191815757,-0.04308234121948054
29.200000000000003,339.7512750354968,192.2490187791475,10.31423310849898,0.5181838554636239,-0.16493430967671863,-0.05296010081962323,20.001727002319264,85.00324791060835,344.16575095447627,190.38139832115084,20.00171022519924,85.00329011154832,1,-0.13810030266226664,-0.6332302310885718,-0.06136218466993372
29.3,340.647293253072,192.75988608083932,10.298533334479012,0.5128878453816615,-0.14916142638212726,-0.052974252800612825,20.001731591518315,85.00325647624824,332.94731793027813,189.54478210025408,20.001702709747857,85.00318286701297,1,-0.1374472656644377,-0.5683744315114022,-0.04798595269068157
29.400000000000002,341.5446364806532,193.26523053794548,10.284400823222555,0.5075904201016003,-0.1335992640765582,-0.052934990366345046,20.00173613110481,85.00326505455479,340.8340856871241,192.20438631310455,20.001726601378998,85.00325826192255,1,-0.033642444991753825,-0.48302996366732476,-0.042842510522214196
29.5,342.44340906331604,193.7651273748835,10.2718134816637,0.5022969210649658,-0.11826806420547342,-0.05285517204608307,20.001740621754504,85.0032736465255,342.97294632743336,190.4531614687685,20.001710869858563,85.00327870872783,1,-0.04055064775088855,-0.5928433953992746,-0.05038274895142732
29.6,343.343711990651,194.2596535734342,10.26074721038146,0.4970114038603575,-0.10318769879073209,-0.05274817713610225,20.00174506415893,85.0032822531258,344.2316939597123,195.22804596571396,20.0017537633758,85.0032907419418,1,-0.04842405148730219,-0.5796418537146335,-0.036991120887838305
29.700000000000003,344.2456434189162,194.74888667928565,10.251175941905554,0.4917365861467473,-0.08837764342727539,-0.05262773172698597,20.001749459014693,85.00329087529406,343.1298996749523,191.29863019682855,20.00171846483337,85.00328020915029,1,-0.051096127710081145,-0.4199512087950924,-0.024509420470557673
29.8,345.1492991822091,195.23290356265494,10.243071681696005,0.48647381297404874,-0.07385695082830601,-0.052507730486682655,20.001753807012335,85.00329951394637,339.87913383477337,197.3688346316281,20.001772994407585,85.00324913289647,1,-0.024195461979064647,-0.5396652497106778,-0.05697835875762218
29.900000000000002,346.05477328468976,195.71177914618423,10.236404551739893,0.48122303992538046,-0.059644224954968905,-0.0524020562165403,20.00175810882489,85.00330816998141,347.0387597358321,192.16734194239777,20.001726268603754,85.00331757656873,1,-0.07274334272063765,-0.4903563463172811,-0.05762292867630727
30.0,346.96215836635497,196.18558511389705,10.231142836705011,0.47598283430372645,-0.04575759576614047,-0.052324399222901115,20.00176236509632,85.0033168442848,352.1442090088475,194.48670036715401,20.001747103754976,85.00336638298705,1,0.027102921911690142,-0.4732225449692532,-0.056101959878186884
30.1,347.87154613534057,196.65438861545184,10.227253032586665,0.47075039438143634,-0.03221469462246773,-0.05228807854967878,20.001766576429823,85.0033255377332,343.26996192059215,194.7805783908063,20.00174974370618,85.00328154809937,1,-0.05781690734042779,-0.4716371034262681,-0.031226086949513877
30.200000000000003,348.7830277602052,197.11825098023226,10.224699897780518,0.46552158652646847,-0.019032630378372772,-0.05230586709761076,20.001770743376344,85.00333425119818,351.3745118012998,201.0936911668568,20.001806455363152,85.00335902493453,1,0.052736219316738775,-0.580927505496665,-0.03688231392731392
30.3,349.69669421612383,197.5772264559668,10.22344650651099,0.4602909998167074,-0.006227966194822798,-0.05238982261379894,20.001774866423194,85.00334298554944,348.71111854675513,198.5680962928166,20.001783767558383,85.00333356376973,1,0.08307915891111875,-0.5171575329727477,-0.04874510079173543
30.400000000000002,350.6126365793897,198.03136098657401,10.223454304541553,0.4550520175553275,0.006183302895870213,-0.05255112647118318,20.00177894598309,85.00335174165762,350.4286635419031,197.39615957894082,20.001773239871763,85.0033499829358,1,0.04672653300027457,-0.5881654036062448,-0.04718552982717444
30.5,351.53094626509437,198.480691043783,10.224683167090165,0.44979690490820917,0.01818577164230284,-0.052799932072431964,20.001782982383673,85.00336052039663,348.37225073298254,199.97684936699216,20.001796422602563,85.00333032430471,1,0.03937511869420404,-0.38754668373898304,-0.055965368334399176
30.6,352.4517152033358,198.92524252678973,10.227091458870014,0.44451691170096597,0.029764645413710156,-0.053145224607315016,20.00178697585759,85.00336932264527,351.44834668626817,192.60366548480067,20.001730188164824,85.00335973077178,1,0.07978014082919382,-0.5932648358619799,-0.03924495302988318
30.700000000000003,353.3750359498016,199.3650297437786,10.230636096172907,0.43920238924023447,0.04090576019899039,-0.053594693768102164,20.001790926533378,85.00337814928838,357.27516973389845,199.23562897485587,20.001789764106494,85.00341543328648,1,-0.07217015830604326,-0.5706998195707701,-0.0523937120091877
30.8,354.3010017271049,199.80005448857628,10.235272610909812,0.43384291986342427,0.0515956017374819,-0.0541546208852719,20.00179483442715,85.0033870012171,356.04896745306803,205.79259702199056,20.001848666352636,85.00340371119538,1,0.09670851266175497,-0.5763173506433031,-0.051755386279821895
30.900000000000002,355.2297063938256,200.23030522501674,10.240955216520403,0.4284274577748971,0.0618213237556553,-0.054829781787373605,20.001798699435277,85.0033958793287,360.42664121005544,200.62734474422476,20.00180226610196,85.00344556031878,1,0.08615362386366494,-0.606342363652223,-0.04374188407208104
31.0,356.16124433884465,200.65575639078955,10.247636875660943,0.4229444795961597,0.07157076528450546,-0.05562336651600509,20.001802521328123,85.00340478452553,359.69348000577776,200.85949589829755,20.00180435155126,85.00343855153845,1,0.0990393596316559,-0.47237836636999064,-0.05250331589683731
31.1,357.0957102992674,201.07636783162923,10.255269369577304,0.4173821429445592,0.08083246703420421,-0.056536916841439036,20.001806299744985,85.00341371771322,358.41297033605616,202.72075297055582,20.001821071508015,85.00342631028656,1,0.1461590926790956,-0.4286789164801742,-0.053886576776417505
31.200000000000003,358.0331991010266,201.49208437568544,10.263803369067784,0.4117284512604153,0.08959568680379171,-0.05757028232848787,20.00181003419024,85.00342267979826,363.26500267952997,204.1789001056285,20.001834170266594,85.00347269412225,1,0.11585724072555531,-0.5846775136869482,-0.05246453027319712
31.3,358.9738053221409,201.9028355568036,10.273188506938062,0.4059714230275665,0.09785041390467875,-0.05872159549789034,20.001813724030878,85.00343167168484,360.2907847983558,195.91043547813402,20.001759893385085,85.0034442615761,1,0.07084007107212084,-0.6392791773202133,-0.04576804135995958
31.400000000000002,359.9176228795903,202.30853549424637,10.28337345184872,0.40009926347777747,0.10558738257844702,-0.05998726641807352,20.001817368495423,85.00344069427071,362.40158740998146,197.2615560488733,20.00177203070768,85.00346444015584,1,0.12851724903717812,-0.6987177378688945,-0.03852233566323519
31.5,360.8647445418507,202.7090829351056,10.294305983453752,0.3941005368359701,0.11279808439055294,-0.06136199684789377,20.001820966674305,85.00344974844275,359.9750316812466,203.33995680836406,20.00182663391073,85.00344124308,1,0.14617585859459417,-0.6138846072340483,-0.050507134525432956
31.6,361.81526137030255,203.10436146429686,10.30593306872683,0.3879643371511807,0.11947477958299757,-0.06283881383525423,20.001824517521747,85.00345883507146,362.0148988178802,200.95973177860432,20.00180525198549,85.00346074353989,1,0.1552214751620482,-0.6334308806623878,-0.049805671599011565
31.700000000000003,362.76926209397925,203.4942398855965,10.318200939370351,0.3816804557676553,0.1256105073706415,-0.0644091224616816,20.001828019859197,85.00346795500506,360.6769906240784,207.43031567225626,20.001863378229583,85.00344795357695,1,0.1637064757348949,-0.6671510742061502,-0.06140766308269284
31.8,363.7268324234342,203.87857277567986,10.331055170200958,0.37523954352148714,0.13119909516719375,-0.06606277721140034,20.00183147238029,85.00347710906293,366.6955842272188,202.93304960602418,20.00182297860114,85.00350548935518,1,0.2131675474131214,-0.6414294333688602,-0.06814075584308751
31.900000000000002,364.68805431085104,204.25720121154825,10.34444075840379,0.3686332658003471,0.13623516672789826,-0.06778817123746976,20.001834873657398,85.00348629802849,361.1531434415065,198.4536090044089,20.001782739101575,85.00345250544152,1,0.11193343907619088,-0.6514720643457633,-0.0562483089151186
32.0,365.65300516487747,204.629953670098,10.358302203546538,0.36185444867660016,0.14071414919835767,-0.06957234259942306,20.001838222149704,85.00349552264174,368.00005619213044,200.825911919566,20.001804049861246,85.00351795967875,1,0.17949917200660018,-0.6744971867566034,-0.06285993435341734
32.1,366.62175702998536,204.9966470968866,10.372583588243462,0.35489721441665784,0.14463227905966214,-0.07140109635874517,20.001841516212803,85.00350478359142,366.0498038574699,196.74761903799487,20.00176741393296,85.00349931590694,1,0.2391287639905742,-0.7264200838717344,-0.08062738284624266
32.2,367.59437574141606,205.35708813939678,10.38722865935847,0.3477571047807833,0.14798660696146548,-0.07325914124248895,20.00184475410978,85.00351408150688,371.10811702181803,204.65471152754805,20.00183844455332,85.00354767171953,1,0.09125603211460571,-0.7860405429526843,-0.07153983747674492
32.300000000000004,368.57092006791356,205.71107453829308,10.402180909635755,0.34043119065653443,0.15077500143702238,-0.07513023942333599,20.001847934023704,85.00352341694992,370.8235270341073,205.14592215649992,20.00184285717348,85.00354495113271,1,0.18975733547602505,-0.7182266873754534,-0.07095920965815153
32.4,369.55144085543566,206.0583966683178,10.417383659645875,0.3329181667142008,0.1529961514948397,-0.07699736781818854,20.001851054071484,85.00353279040662,375.01337932837606,204.7850085389721,20.00183961503129,85.00358500474462,1,0.15372722639618752,-0.7714854333738639,-0.07710194648847332
32.5,370.53598018582426,206.39883921859695,10.432780139934723,0.325218429932382,0.1546495680832649,-0.07884288917858341,20.001854112318945,85.00354220227928,372.7283042592402,209.63547633568615,20.00188318752486,85.00356316017742,1,0.16611404885960968,-0.7481326521556667,-0.059025533233162134
32.6,371.5245705649623,206.73218300023666,10.448313573262528,0.3173341410145236,0.15573558442637747,-0.08064873113623097,20.001857106797086,85.00355165287863,366.8084497980026,210.32774250978673,20.00188940625771,85.00350656831297,1,0.14049520926565637,-0.7731394547234708,-0.0708503407672088
32.7,372.5172341552161,207.05820686721066,10.463927256819998,0.30926926790090054,0.1562553552306678,-0.08239657127704683,20.00186003551931,85.00356114241654,372.3163746365215,206.5470415971423,20.001855443643564,85.00355922226551,1,0.1777778194456456,-0.9032798315067578,-0.06366482209816035
32.800000000000004,373.51398206691727,207.37668973469263,10.479564644308661,0.30102961077319584,0.15621085476356988,-0.08406802624811528,20.00186289649959,85.00357067099922,369.9979604891328,200.97260873226207,20.001805367661134,85.00353705898767,1,0.2782736354849151,-0.9227074259594416,-0.07643377363159368
32.9,374.5148137232605,207.6874126772052,10.495169427772712,0.2926228081483843,0.15560487380652077,-0.08564484285489864,20.00186568777127,85.00358023862117,372.9599741961617,209.53925741868198,20.00188232317562,85.00356537486593,1,0.12238335574766009,-0.9066341723141568,-0.07983096449064786
33.0,375.5197163122592,207.99016108727562,10.510685619069966,0.2840583238628945,0.15444101548676592,-0.08710908908118453,20.001868407406512,85.0035898451599,380.0534016120894,209.65624177280134,20.001883374063954,85.00363318570241,1,0.12596051536282454,-0.9383895203104242,-0.09147506725728702
33.1,376.52866433831036,208.2847268737424,10.526057630870065,0.27534741495477605,0.15272368999379005,-0.0884433429620351,20.001871053535993,85.00359949037167,378.44126577100343,209.21290158421323,20.00187939147128,85.00361777421323,1,0.11762696148561481,-0.8631971362863828,-0.08332404763006943
33.2,377.54161928447314,208.57091067749153,10.541230357068724,0.26650308065857253,0.15045810818741678,-0.08963087726039383,20.001873624368844,85.00360917388828,375.4448279987369,211.51534992541588,20.001900074716637,85.0035891292522,1,0.26682902251882185,-0.8972542405085682,-0.08450033800363942
33.300000000000004,378.55852939478706,208.84852408125502,10.556149252507549,0.25753999293253316,0.14765027410639675,-0.0906558379408055,20.00187611821248,85.00361889521496,375.51737729546585,205.3540397918719,20.001844726726006,85.00358982279965,1,0.1545332888303324,-0.872017356225014,-0.09932697678114784
33.4,379.5793295838667,209.11739178922144,10.570760411890003,0.24847440913845262,0.14430697638804446,-0.09150341449844647,20.001878533492196,85.0036286537295,379.6776758624955,215.14365794777686,20.00193266836216,85.00362959388764,1,0.17302502337066075,-0.9174363306623937,-0.09189868919615041
33.5,380.6039414786625,209.37735375162896,10.585010647785158,0.23932406768860798,0.14043577861022172,-0.09216000028764873,20.001880868770236,85.00363844868272,376.9542610305191,206.49907049220334,20.001855012711797,85.00360355893626,1,0.15029663155490974,-0.9350821052509766,-0.09039282627281235
33.6,381.63227359471813,209.6282672092708,10.598847567612047,0.2301080676598431,0.1360450085692655,-0.09261334110039343,20.001883122764177,85.00364827920004,379.6188527625284,211.87593599087336,20.001903313916376,85.00362903155812,1,0.1188238646491109,-0.8916081960331212,-0.08347854565983621
33.7,382.6642216465509,209.87000863297234,10.61221964949901,0.22084673354980375,0.13114374650855076,-0.09285267037069544,20.00188529436433,85.00365814428449,383.60025006120463,204.8079655497323,20.001839821257626,85.00366709240873,1,0.149386214177829,-0.9318865660295963,-0.08323916925083838
33.800000000000004,383.69966898900464,210.1024755336221,10.625076316913757,0.2115614665127342,0.12574181231351567,-0.0928688295240268,20.001887382650033,85.00366804282102,387.1656050973247,207.31168147181197,20.001862312520426,85.00370117603194,1,0.2786539926003437,-0.9533333529833523,-0.09368201434367884
33.9,384.73848718365105,210.32558811926882,10.637368011961714,0.2022745835603315,0.11984975169112566,-0.09265437215038079,20.00188938690449,85.0036779735818,386.5647716003244,214.87469405944483,20.00193025221844,85.00369543226104,1,0.2194532977398384,-0.8815760027843227,-0.08296567612496193
34.0,385.78053668163034,210.5392907771376,10.649046267251983,0.19300914634529343,0.11347882135221532,-0.09220365085351066,20.001891306628128,85.00368793523278,378.90666815583603,209.75659130813506,20.00188427551917,85.00362222330718,1,0.1008319304626017,-0.9461218997909433,-0.08902444014699583
34.1,386.8256676117996,210.74355336016316,10.660063776232157,0.18378878125994236,0.10664097321742894,-0.09151288581539911,20.00189314155013,85.00369792634122,387.73876779889036,213.26332117556154,20.00191577700954,85.00370665527913,1,0.16901967837051324,-0.9607502293851017,-0.11520908606394867
34.2,387.8737206607863,210.93837225976722,10.670374461895468,0.17463749267840245,0.09934883766832492,-0.09058021431208374,20.00189489163808,85.00370794538416,388.08982138048407,211.64923842592495,20.001901277457502,85.00371001123608,1,0.08777269903500609,-0.9784159684875592,-0.09042723463159916
34.300000000000004,388.9245280295882,211.12377124909125,10.679933543765822,0.16557947124719408,0.09161570586618595,-0.08940572062243043,20.00189655710554,85.00371799075751,390.1661988857063,210.80889678109074,20.001893728540068,85.0037298607231,1,0.032797323923874896,-0.8896958817277798,-0.07361583422100665
34.4,389.97791444978833,211.2998020836929,10.688697603068706,0.15663889918495102,0.08345551116322625,-0.08799144598307179,20.00189813841743,85.00372806078573,394.82654349474194,215.39135305849098,20.001934893445195,85.00377441208701,1,0.16443105704645772,-0.8486614306776855,-0.09980950354934859
34.5,391.03369824131863,211.4665448497739,10.696624645998467,0.14783975458664383,0.07488280963144689,-0.0863413784581889,20.001899636293185,85.00373815373204,384.8439834109044,210.7565683758182,20.001893258466005,85.00367898209109,1,0.16288745196362442,-0.896090686857016,-0.08021446645403349
34.6,392.0916923930403,211.62410805327164,10.703674164994995,0.13920561674082493,0.06591275973564237,-0.0844614228097753,20.001901051707524,85.00374826780866,390.318382117467,206.28189373058123,20.00185306177975,85.00373131554481,1,0.14821537228803733,-0.8086517680787189,-0.06360881066792243
34.7,393.15170564724247,211.7726284465501,10.709807197945596,0.1307594744598474,0.05656110117869595,-0.08235935067009265,20.00190238588892,85.00375840118724,394.9244246156225,209.362908170695,20.001880739003376,85.00377534779838,1,0.06306783871771732,-0.9505535182232625,-0.08496548020019745
34.800000000000004,394.2135435694953,211.9122705929007,10.714986385230734,0.12252353939283814,0.046844132947887474,-0.08004473153086668,20.00190364031566,85.00376855200905,389.4687603711335,213.5658457790058,20.001918494634293,85.00372319343995,1,0.06850534624778816,-0.8304508773030814,-0.07502324072658982
34.9,395.277009586121,212.04322617254167,10.719176024535173,0.11451906623975147,0.03677869059222516,-0.07752884527104159,20.001904816709647,85.00377871839491,399.7048567302815,213.2297534916292,20.001915475465907,85.00382104715942,1,0.10426696827513132,-0.803050085044468,-0.0855690078433208
35.0,396.3419059728329,212.16571303721574,10.72234212334918,0.10676618171264732,0.026382122762145244,-0.0748245771443505,20.001905917027873,85.00378889845463,397.4469758109349,207.46453828650942,20.001863685656556,85.00379946255936,1,0.0759569246295506,-0.8086444339970269,-0.053552265727714765
35.1,397.408034779804,212.27997402376795,10.724452449087602,0.09928372399821227,0.0156722670434295,-0.07194629633739677,20.00190694345178,85.00379909029589,399.9477867373342,210.10694646554336,20.0018874228131,85.0038233694905,1,0.025990393478577282,-0.6223915820592835,-0.06777962260736291
35.2,398.4751986804944,212.38627554017623,10.725476576757865,0.09208909436447259,0.004667425118549673,-0.06890971938629432,20.00190789837455,85.0038092920323,396.762367695929,210.64111149256948,20.001892221299176,85.00379291793061,1,-0.046286165887358566,-0.7123992128230952,-0.06344345095835414
35.300000000000004,399.54320173392904,212.48490594035812,10.725385934111312,0.08519812242584315,-0.006613662710579504,-0.06573175990326026,20.001908784386508,85.00381950179074,401.98449280382766,211.38849715801544,20.00189893517884,85.0038428397316,1,0.02908009699652111,-0.6953850316710312,-0.04718875524820404
35.4,400.6118500526915,212.57617370664204,10.72415384421575,0.07862494643551712,-0.01815184360372868,-0.06243036621209785,20.001909604258802,85.00382971771771,403.8172647206586,208.4484329408374,20.001872524132615,85.0038603604292,1,0.06579863835807698,-0.6382147461375909,-0.05081558226564304
35.5,401.68095237160014,212.6604054610363,10.721755565390566,0.07238190981430734,-0.029927578831419055,-0.05902434862164416,20.001910360925528,85.00383993798475,402.37958643201165,210.77529213667788,20.001893426664413,85.00384661669693,1,-0.059806993283126914,-0.7029853252539577,-0.06278063594661155
35.6,402.750320514775,212.7379438283298,10.718168328449465,0.06647947495214292,-0.04192097095560676,-0.055533198177571214,20.001911057464532,85.00385016079301,403.4535231928711,210.55211237255122,20.00189142180648,85.00385688317967,1,0.02001699812819209,-0.6032075621515971,-0.057005977418444376
35.7,403.81976976149826,212.80914517559785,10.713371371199445,0.0609261551343858,-0.05411179150495826,-0.05197689882418251,20.001911697077116,85.00386038437658,404.63079947934347,215.12374495488362,20.0019324894807,85.00386813755432,1,-0.007534706748273629,-0.4776858213544567,-0.04202758577894952
35.800000000000004,404.88911911383275,212.87437725385814,10.707345970148474,0.05572846525196755,-0.06647950910646294,-0.0483757349780889,20.001912283066847,85.00387060700518,402.2990833196146,215.30174118682888,20.001934088448056,85.00384584711361,1,0.0010279040551537388,-0.5194229987172494,-0.0496169455287183
35.9,405.9581914713216,212.93401676842583,10.700075469378152,0.05089089175415866,-0.07900331803520011,-0.044750096564063306,20.001912818817722,85.00388082698582,405.51560543060054,212.49658539415938,20.00190888930483,85.00387659600862,1,-0.005404543049249748,-0.49027316863745085,-0.06092252968526858
36.0,407.02681372017327,212.9884469049593,10.691545306541434,0.046415882097752326,-0.09166216714318054,-0.04112028358946976,20.001913307771957,85.00389104266357,406.5692461228162,211.8123275173471,20.00190274251174,85.0038866684676,1,-0.09638542923944819,-0.34416309318892807,-0.03665269157586054
36.1,408.0948167460911,213.03805483828285,10.681743035949516,0.04230385373880535,-0.10443478912747217,-0.03750631233715212,20.001913753407603,85.00390125242174,409.2449983391516,213.4578277744002,20.001917524292047,85.00391224778002,1,-0.15528275913571948,-0.30362007056393064,-0.047308438948400214
36.2,409.16203538128786,213.08322925083368,10.67065834871594,0.03855322250509014,-0.11729973009783734,-0.033927725237500074,20.001914159216255,85.0039114546814,412.16150812201874,210.63350392846695,20.001892152959265,85.00394012865571,1,-0.1139757063819813,-0.3061816409504135,-0.012764907701862813
36.300000000000004,410.2283082972128,213.124357887028,10.658283089929949,0.03516044998134013,-0.13023537940319407,-0.03040340643881982,20.00191452868108,85.00392164790028,407.05270005127755,209.68386164052566,20.00188362217745,85.00389129012838,1,-0.0557790135268437,-0.31680397942507393,-0.023635530061188292
36.4,411.29347785509214,213.16182516899502,10.6446112728353,0.032120109337458146,-0.14321999967625842,-0.026951405031571927,20.0019148652554,85.00393183057143,410.9184507641334,210.34116154221786,20.001889526802927,85.00392824543562,1,-0.14032019485255698,-0.2688607830736367,-0.03100315559900768
36.5,412.3573899265529,213.19600989800898,10.629639089994697,0.029424968834300954,-0.156231757055183,-0.023588767797188586,20.00191517234205,85.00394200122143,416.80175656952986,211.29157040609462,20.001898064471014,85.00398448790692,1,-0.1609339232480651,-0.2609475863405518,-0.025575091943813123
36.6,413.41989369637594,213.22728306457938,10.613364921424264,0.027066092054582096,-0.16924875154085584,-0.02033138324701217,20.001915453273682,85.00395215840852,411.18912900993826,209.73686166520258,20.001884098284773,85.00393083303075,1,-0.23031626863708776,-0.23552304570930416,-0.03422535912575137
36.7,414.4808414588413,213.2560057885599,10.595789339686526,0.025032953729880878,-0.18224904744830184,-0.017193838592509003,20.001915711294302,85.0039623007207,412.01409140697035,213.74218446574852,20.001920078711667,85.00393871940032,1,-0.06461666972075489,-0.20440311608221928,-0.02318845746031404
36.800000000000004,415.54008841822736,213.28252740882778,10.576915111934603,0.023313569870629977,-0.1952107039105666,-0.014189291145724621,20.00191594954207,85.00397242677374,416.14700699372094,215.4716744301789,20.001935614984355,85.00397822871601,1,-0.12392502183930111,-0.150981648286115,0.0009739408796823699
36.9,416.5974925028513,213.30718374008862,10.556747198904413,0.021894640756057515,-0.20811180539341834,-0.011329355490483918,20.001916171033663,85.00398253520953,419.13064807430726,208.5458888376939,20.001873399593833,85.00400675134485,1,-0.1396170063296801,-0.1413371913737957,0.015988505964439997
37.0,417.6529142006602,213.33029551219718,10.53529275085592,0.020761705207009123,-0.22093049217889238,-0.008624007591846044,20.001916378650243,85.00399262469433,417.68719236734216,213.40568164584528,20.001917055855404,85.00399295238235,1,-0.1425442228399187,-0.1390417005928595,0.003639957540143541
37.1,418.706216422846,213.35216700507576,10.512561100468634,0.01989930444782452,-0.2336449907761562,-0.006081506825706507,20.001916575125207,85.00400269391766,422.69309819415696,212.69235961927674,20.001910647974615,85.00404080719802,1,-0.17480957269898612,-0.02296207860046142,-0.002001932211916799
37.2,419.7572644003457,213.3730848898797,10.488563752700689,0.01929115376525387,-0.24623364421810123,-0.0037083367142118524,20.001916763033762,85.00401274159114,422.3276463480453,214.3976109464901,20.00192596650792,85.00403731359839,1,-0.2284500869770777,0.0028346530011802446,-0.0030279304707510188
37.300000000000004,420.8059256164453,213.3933172845286,10.463314371625014,0.018920320093832682,-0.25867494220200626,-0.001509164947991068,20.00191694478446,85.00402276644796,423.33138581711546,213.35450098021784,20.00191659609166,85.00404690901807,1,-0.23686314740811634,0.09924877063194817,-0.0060741230837546905
37.4,421.8520697771089,213.41311302911942,10.436828764260287,0.018769403599033577,-0.2709475510333448,0.0005131769346770447,20.001917122612657,85.00403276724256,423.5144192810812,209.05231518932453,20.00187794889915,85.00404865875787,1,-0.26232576926295104,0.0019390213752571647,0.026110835928074453
37.5,422.8955688191448,213.43270118408898,10.409124861418345,0.018820721292501282,-0.2830303433314274,0.002357694056410696,20.001917298576046,85.0040427427507,429.87852812018303,209.64553328751748,20.001883277867996,85.00410949754827,1,-0.12129330561067736,0.06934656129936637,0.005470207037766947
37.6,423.93629695495224,213.45229075133147,10.380222695594002,0.019056490698142352,-0.2949024274564582,0.004025208957955747,20.001917474552123,85.00405269176989,423.3208118883541,213.5405614780864,20.00191826750155,85.00404680793478,1,-0.23710682589148607,0.08741819434362061,0.03018150725858079
37.7,424.97413075140605,213.47207061582932,10.350144375927053,0.019459011593937925,-0.30654317661770847,0.005518322880574602,20.00191765223767,85.00406261312013,418.9635638752065,216.55841337506584,20.001945377326393,85.00400515407478,1,-0.29973319868528014,0.07442356047065214,0.024453517976675214
37.800000000000004,426.0089492394526,213.49220970275945,10.31891406027046,0.020010843881995387,-0.3179322576227861,0.00684135806237705,20.001917833150163,85.00407250564503,430.821712324004,206.84964758963045,20.001858161999444,85.00411851407951,1,-0.2646574189144721,0.13781206533869103,-0.005566606251085685
37.9,427.0406340502377,213.51285734252187,10.286557924402496,0.02069497968823309,-0.3290496592290548,0.00800028174419392,20.00191801863107,85.00408236821299,425.66753575736726,214.5500370819266,20.001927335775193,85.00406924184426,1,-0.3495931051218707,0.1510568209157263,0.006340757786601003
38.0,428.0690695730648,213.5341438337392,10.25310412842465,0.021495007862652484,-0.3398757200578295,0.009002612779635606,20.00191820985087,85.00409219971883,428.3927109060939,217.10300984960213,20.001950269519764,85.00409529362368,1,-0.23465038412836814,0.13867528101736734,0.007312161537897384
38.1,429.0941431301927,213.55618119202694,10.21858278039093,0.022395269140616045,-0.350391156033778,0.009857311933077767,20.00191840781583,85.00410199908538,433.0227951847743,213.0971035634083,20.001914283851328,85.00413955570878,1,-0.353444610824135,0.11794577272790074,0.014058848292020372
38.2,430.11574516341335,213.57906407026465,10.183025897217894,0.02338100033392382,-0.36057708731147997,0.010574657126401063,20.001918613376223,85.0041117652653,425.30896654023655,215.22967155834397,20.00193344103557,85.0040658140403,1,-0.30552281568035666,0.119805501944615,0.014971514595263528
38.300000000000004,431.13376942747743,213.60287083423802,10.146467362928634,0.02443846604656393,-0.37041506465251395,0.011166105058444523,20.00191882723602,85.00412149724292,427.378827785159,211.49366359154462,20.001899879904986,85.00408560123402,1,-0.2871161831653572,0.07490882560668673,0.046128496012425954
38.400000000000006,432.14811318574027,213.62766477589693,10.10894288428739,0.025555076552408382,-0.3798870952169775,0.011644140768535266,20.00191904996379,85.00413119403612,427.3442793743837,213.2695661780663,20.001915833109354,85.00408527096256,1,-0.3306486680067278,0.10741406503484069,0.005871862023787677
38.5,433.1586774038413,213.65349544510542,10.070489943885239,0.02671949062926191,-0.3889756677339573,0.012022116845511676,20.00191928200464,85.00414085469816,430.776268533765,208.79075489018098,20.001875599263006,85.00411807965179,1,-0.3542521681429754,0.11996823060185428,0.019311816202155576
38.6,434.16536693777823,213.68040007966462,10.0311477507406,0.027921702313813076,-0.3976637770168079,0.012314084094952833,20.001919523693083,85.00415047831949,435.4842767558292,206.647370154408,20.00185634491033,85.00416308666419,1,-0.3671236727740071,0.09732580885004499,0.023479161519630865
38.7,435.16809071335314,213.70840511258237,9.990957188481877,0.02915311072330836,-0.4059349477893104,0.012534615568639626,20.001919775266575,85.00416006402946,436.74065424179145,216.5367025162582,20.00194518229443,85.00417509722034,1,-0.37875700263366574,0.17722900585474013,0.017518895523947663
38.800000000000004,436.16676189461424,213.73752773504984,9.949960761182737,0.030406572280172323,-0.41377325779033747,0.01269862593061293,20.001920036879543,85.00416961099798,436.9955844325999,210.7825429518765,20.001893491799592,85.00417753426925,1,-0.41260818223671253,0.21618222317988678,0.01880043170842651
38.900000000000006,437.16129803956443,213.76777749336972,9.90820253692381,0.031676434873233614,-0.4211633601253162,0.01282118818279953,20.001920308617745,85.0041791184369,432.9230003878873,212.40119395835944,20.00190803238898,85.00413860170329,1,-0.41363753161380135,0.11163180766273434,0.007373099239733659
39.0,438.15162124202016,213.79915789816096,9.865728089157674,0.03295855369151357,-0.42809050483396227,0.012917349799509226,20.001920590512718,85.00418858560147,431.2213109321222,209.6398311383504,20.00188322664472,85.00412233411096,1,-0.3241109861514155,0.17161113254172528,0.01898221174553604
39.1,439.1376582590612,213.83166802453263,9.822584435957017,0.03425028867146449,-0.4345405596444962,0.013001950323898634,20.001920882556153,85.00419801179152,439.30071901523235,209.601758915281,20.00188288463612,85.0041995705988,1,-0.40996739127875403,0.10600719791212751,0.02311594028564235
39.2,440.1193406239915,213.86530408256505,9.778819977228775,0.03555048370385436,-0.44050002988609727,0.013089442460701928,20.001921184714003,85.00420739635253,438.70401252307647,213.3437909822812,20.001916499882114,85.0041938662807,1,-0.4497898433552359,0.1427531928785405,0.021365448303413213
39.300000000000004,441.09660474512094,213.90006093834367,9.734484429979798,0.03685942794992455,-0.4459560775325411,0.013193718658362344,20.00192149694015,85.00421673867658,442.4747620602708,211.71132935593673,20.001901835229816,85.0042299134079,1,-0.44177095737561645,0.12391756989447339,0.02389572769748326
39.400000000000006,442.06939199097314,213.93593356694055,9.689628761722267,0.038178799815760785,-0.4508965393504827,0.013327945110623638,20.001921819189455,85.00422603820316,444.17525286963695,215.06984656092465,20.00193200530319,85.00424616954156,1,-0.3658780053156215,0.18923762270887654,0.03245402411698596
39.5,443.03764876272123,213.97291842010904,9.644305122109701,0.03951159432682315,-0.45530994412771086,0.013504405023344504,20.001922151430044,85.0042352944199,443.45237305889725,215.3305336770478,20.001934347095396,85.00423925904798,1,-0.3915296124694869,0.12630119384557648,0.027874070442487922
39.6,444.0013265547625,214.01101469302333,9.598566772896724,0.0408620348291576,-0.45918552895784615,0.013734352887723816,20.001922493654686,85.0042445068631,446.28172581089007,214.97356363199714,20.00193114037892,85.00426630673107,1,-0.40116907004623326,0.21241312396067635,0.01944729902269819
39.7,444.96038200437204,214.05022547612984,9.552468016318132,0.04223547011792998,-0.4625132545591626,0.01402788137741501,20.001922845891144,85.00425367511824,445.64801612671727,214.76602784891517,20.001929276053264,85.00426024867461,1,-0.44538931450465213,0.15171484951135167,0.00731029785858223
39.800000000000004,445.9147769313401,214.09055878005327,9.506064121984892,0.04363825825567148,-0.4652838196063236,0.014393802345528865,20.001923208211377,85.00426279882029,447.5049710481445,218.82386339484893,20.001965728210177,85.0042780005538,1,-0.40661569609767634,0.13434822257603238,0.01339374959841767
39.900000000000006,446.8644783684172,214.13202842348662,9.459411252396867,0.04507763849022437,-0.4674886740555362,0.014839543239837055,20.001923580739522,85.00427187765413,444.75045857980757,210.92924711635195,20.001894809665526,85.00425166831924,1,-0.46966673030306855,0.10770807918608634,0.0176432317206629
40.0,447.809458583282,214.17465477606166,9.412566387173785,0.046561592814208075,-0.46912003144494285,0.015371060082320757,20.001923963658562,85.00428091135463,447.2706243417876,214.0098501774529,20.001922483193667,85.00427576027624,1,-0.4521007330122315,0.18734134898084853,0.022894518395735232
40.1,448.7496950926312,214.2184653503136,9.365587246107879,0.04809869882244015,-0.47017088015306463,0.015992767974463584,20.00192435721565,85.00428989970688,449.3400233826021,217.61653481187238,20.001954882592987,85.00429554305144,1,-0.3916806557834773,0.2245425838829077,0.016209440359469633
40.2,449.6851706688866,214.26349523899003,9.318532211143172,0.04969797561988651,-0.470634993600072,0.016707489894385863,20.00192476172602,85.00429884254615,452.14675609513887,218.05711466700413,20.001958840389165,85.0043223744944,1,-0.39692110965411875,0.1993553455750274,0.012350157902542347
40.300000000000004,450.615873339933,214.30978739608187,9.271460247387864,0.051368724609325095,-0.4705069393778949,0.017516424348219563,20.001925177575544,85.00430773975802,449.4346498232593,210.04449644804816,20.001886861815045,85.00429644764914,1,-0.48960243167543505,0.30434441534161577,0.010634437457016192
40.400000000000006,451.5417963822647,214.3573927620417,9.224430823267593,0.05312036704414705,-0.46978208729641757,0.0184191322282544,20.00192560522182,85.00431659127821,453.105298149461,213.4203264370741,20.001917187411802,85.00433153784162,1,-0.48255840994184634,0.2713953836876723,0.006907354637699089
40.5,452.46293830792473,214.4063702356784,9.17750382992858,0.05496228026697249,-0.4684566163349846,0.01941354301666514,20.001926045193954,85.0043253970925,451.6654219321786,218.48073352328018,20.001962645822097,85.00431777309787,1,-0.4330215086943141,0.19279147715207678,0.02206403597891945
40.6,453.3793028456841,214.45678649714864,9.130739500000596,0.056903634568639005,-0.46652752048910173,0.020495980258400867,20.001926498090935,85.00433415723653,453.0266763436997,215.98102381274583,20.001940190547707,85.00433078624299,1,-0.3502209017556262,0.20124208484625974,0.010799325837697818
40.7,454.29089891702085,214.50871568828515,9.08419832583076,0.05895323259447909,-0.46399261350493326,0.021661206012441737,20.001926964578796,85.00434287179559,456.7794560430931,215.09450478272447,20.001932226811764,85.00436666158443,1,-0.5297708717283829,0.2502595273679661,0.016655949170867816
40.800000000000004,455.1977406076204,214.5622389581852,9.037940977299609,0.061119353195723265,-0.46085053249488084,0.022902483779479,20.00192744538651,85.00435154090432,449.21855949445796,213.90918487788122,20.001921578901893,85.00429438189657,1,-0.4169338855163556,0.19509033761120861,0.023963465051035977
40.900000000000006,456.0998471353159,214.6174438835159,8.992028219331784,0.06340960157367116,-0.4571007404284533,0.024211659198445246,20.001927941300792,85.00436016474646,452.2104301510916,213.46604110639268,20.001917598073664,85.00432298319745,1,-0.49590290700711065,0.30602633807588797,0.01585248610453091
41.0,456.99724281561095,214.6744237743581,8.946520829213918,0.06583076749351569,-0.4527435274963132,0.025579257606501496,20.00192845315986,85.00436874355445,452.5506866232825,215.5390809636291,20.001936220507545,85.00432623593758,1,-0.45446007717259046,0.27692538706457337,0.034376779491488464
41.1,457.88995702615915,214.7332768775975,8.901479513832522,0.06838869325416583,-0.4477800113442587,0.026994597369232612,20.001928981846284,85.00437727760911,450.8891086666142,213.97615450264405,20.00192218050027,85.00431035179801,1,-0.43600143224747073,0.28311480100930797,0.03939682800528948
41.2,458.7780241717957,214.79410549087052,8.856964826945067,0.07108815299108909,-0.44221213617744226,0.028445917711978526,20.001929528279014,85.00438576723937,456.74323085133017,214.6663696277372,20.00192838080823,85.00436631528349,1,-0.43323755334928676,0.31629217603370835,0.027951647514224538
41.300000000000004,459.6614836519124,214.85701500087794,8.813037086597033,0.07393274476228694,-0.43604267073616754,0.02992051962138972,20.001930093404756,85.00439421282185,461.90978535109565,215.09281111922306,20.001932211597325,85.0044157058477,1,-0.43273246771912793,0.37983214324201475,0.030550246545289705
41.400000000000006,460.5403798321133,214.92211286048686,8.769756292797833,0.07692479672442591,-0.42927520514493445,0.03140491824018625,20.001930678188778,85.00440261478069,459.68572763296555,212.88789827500636,20.001912404528245,85.00439444458635,1,-0.39891485212611594,0.3139612469710501,0.04177921594157702
41.5,461.4147620221729,214.9895075194535,8.727182045568046,0.08006528854844454,-0.42191414664014104,0.032885005049359914,20.001931283605302,85.00441097358726,462.00813226799846,216.5858956410978,20.001945624203792,85.00441664601193,1,-0.4186769249716699,0.31134140709161917,0.03074505407701312
41.6,462.2846844623227,215.05930732381407,8.685373463469805,0.08335378905338053,-0.41396471418160274,0.03434621802209625,20.00193191062761,85.0044192897601,465.55233695245505,223.80204126906034,20.00201044794289,85.00445052744473,1,-0.45708758342431033,0.4037457117457921,0.0315188789061233
41.7,463.1502063198048,215.13161939901673,8.644389102731726,0.08678841085559016,-0.40543293195481667,0.03577371784370059,20.001932560218034,85.0044275638648,467.13326471660787,209.8006594810385,20.0018846713903,85.00446564059494,1,-0.3364394513286778,0.3876194574918416,0.052738702625563495
41.800000000000004,464.0113916974492,215.20654853170734,8.604286877078842,0.09036578263996023,-0.39632562177369657,0.037152568222815104,20.001933233317885,85.00443579651417,463.80397789327077,216.1785861042773,20.00194196527997,85.00443381370633,1,-0.3286820134162525,0.3336223631901582,0.05099444560994297
41.900000000000006,464.8683096557413,215.2841960647474,8.565123978376986,0.09408103946224174,-0.3866503943934241,0.038467918271946296,20.001933930837545,85.00444398836842,468.92906732444953,213.00362579889068,20.00191344412628,85.0044828078781,1,-0.31449167889229057,0.3597418116222444,0.04948341829538549
42.0,465.7210342494647,215.3646588195407,8.526956798200157,0.09792783128943637,-0.3764156397450247,0.03970518491031318,20.001934653646767,85.00445214013548,465.99741422476706,217.09686655209845,20.001950214333583,85.00445478223729,1,-0.42345236455822877,0.37833344219172915,0.0539616311242541
42.1,466.56964457952233,215.44802805909097,8.489840850427981,0.10189834978046769,-0.365630516105675,0.040850233239577434,20.00193540256539,85.00446025257155,464.0574499080399,215.58770047907456,20.001936657264086,85.00443623681554,1,-0.3206846084764674,0.3949026261371246,0.0260774459859038
42.2,467.4142248599807,215.53438850441648,8.453830694979022,0.10598337310442543,-0.3543049382185526,0.04188955286311771,20.00193617835447,85.00446832648164,465.6310238033845,217.81995282654387,20.001956709928102,85.00445127966519,1,-0.2905059954282064,0.3162971952462152,0.06042790833104879
42.300000000000004,468.25486449975637,215.62381741602536,8.418979862784271,0.1101723283907372,-0.3424495643791836,0.04281042816199501,20.00193698170805,85.00447636272052,463.8132549620613,219.1503371455517,20.001968660973777,85.00443390239205,1,-0.36400966780116284,0.3132959022229307,0.05173104932783243
42.400000000000006,469.09165819769294,215.71638375112235,8.385340782103185,0.1144533712069367,-0.33007578250556335,0.04360110060511811,20.001937813245586,85.00448436219345,466.42725663649196,216.2936471044269,20.00194299889052,85.00445889138958,1,-0.29961712009645686,0.351240585948558,0.05870891444517546
42.5,469.9247060490839,215.81214740609056,8.352964706283158,0.1188134812674485,-0.3171956952103905,0.044250921256694026,20.001938673505137,85.00449232585733,468.8506559848606,219.2083042713331,20.00196918170133,85.00448205829144,1,-0.29300902747590873,0.3513894613271133,0.05312253904785765
42.6,470.7541136610055,215.91115855258784,8.321901643061107,0.1232385733931179,-0.30382210389669595,0.044750491749873125,20.001939562937398,85.0045002547217,473.1648687191413,208.8782648712218,20.00187638537854,85.00452330074832,1,-0.18171457096828275,0.3702179901224365,0.050239739996674686
42.7,471.579992273161,216.01345707433612,8.292200285503819,0.12771362256810523,-0.2899684918980583,0.045091792120447186,20.001940481900654,85.00450814985,476.74230176665895,220.7848139680842,20.00198334372889,85.00455749983335,1,-0.1637436900474296,0.43564570359955124,0.04733869999682664
42.800000000000004,472.40245888033127,216.1190721103819,8.263907944681495,0.13222280178014995,-0.27564900668616055,0.045268294037133894,20.001941430656665,85.00451601236065,468.25591433420016,217.2442585660589,20.00195153837857,85.0044763727566,1,-0.3288668263526706,0.3956465569194118,0.053939737805995945
42.900000000000006,473.22163635199433,216.228021709286,8.237070484166587,0.13674963118386332,-0.260878441170167,0.04527505812385056,20.001942409367565,85.00452384342825,474.4001187567741,219.46155177652153,20.001971456662375,85.00453510933299,1,-0.10618209088376754,0.41275357519140554,0.04715757903480504
43.0,474.0376535442531,216.34031259738197,8.211732256447462,0.1412771369962484,-0.24567221411346374,0.04510881424268678,20.001943418093774,85.00453164428461,470.9160217267805,212.6806853628574,20.001910543102984,85.00450180250964,1,-0.26143350017112993,0.33920633446465454,0.0587875752433379
43.1,474.850645398901,216.4559400629426,8.187936041343894,0.14578801842051706,-0.23004634969404414,0.04476802379214254,20.00194445679297,85.00453941621973,476.27473666429063,213.9636304181266,20.001922067994503,85.00455303006453,1,-0.15101268497767284,0.37347560536137764,0.033903457346620536
43.2,475.6607530242882,216.57488795683247,8.165722986508653,0.1502648207997313,-0.21401745623686352,0.0442529232715686,20.00194552532008,85.00454716058258,475.267493072225,217.01270283926678,20.001949458278087,85.00454340114659,1,-0.13549255719367698,0.42071999586609343,0.04383716465362582
43.300000000000004,476.46812375262857,216.69712880901838,8.145132550096521,0.15469011312688816,-0.19760270414667325,0.04356554856747822,20.00194662342834,85.00455487878158,470.97540627508596,216.646015141006,20.001946164266446,85.00450237020641,1,-0.21738721548876358,0.41459479060861787,0.06901378105224468
43.400000000000006,477.2729111685184,216.82262405917453,8.126202445679318,0.15904666798363598,-0.18081980307173673,0.04270973962825545,20.001947750771354,85.00456257228497,480.05780214322385,217.6718298232045,20.001955379316524,85.00458919492807,1,-0.12615641337978178,0.34083929921206096,0.04144893499253152
43.5,478.0752751037257,216.9513243985693,8.108968589482174,0.16331764194646153,-0.16368697832954027,0.04169112540844956,20.001948906906172,85.00457024262067,476.2602729652995,220.2048698813592,20.00197813400252,85.00455289179632,1,-0.13906366554284347,0.37615514571625736,0.04430428817781478
43.6,478.87538159374077,217.08317021946567,8.09346505001341,0.1674867544873065,-0.14622294662608226,0.040517089179975,20.00195009129733,85.00457789137596,477.2736808786201,211.78750927355713,20.00190251956566,85.00456257964315,1,-0.08850644639446273,0.4678660378805208,0.03669127984647423
43.7,479.6734027921553,217.21809216741687,8.079724000156958,0.171538463405304,-0.12844689110258045,0.03919671452275865,20.001951303321814,85.00458552019653,476.4641455582862,220.1395493825688,20.001977547218495,85.00455484075135,1,-0.08691327598354917,0.34581873859405193,0.04755517125161689
43.800000000000004,480.46951683963283,217.35601179109702,8.067775671792894,0.17545813485757986,-0.11037843574322359,0.03774071251932239,20.00195254227487,85.00459313078535,478.50666700957015,217.3808575209708,20.001952765467863,85.00457436658562,1,-0.020561461474711246,0.2998242549923964,0.03537806361790044
43.900000000000006,481.2639076850384,217.49684228367428,8.057648313008313,0.1792322061095121,-0.09203761917873088,0.03616133088416677,20.00195380737671,85.00460072490095,482.54757900712315,216.88549670030065,20.001948315565897,85.0046129963772,1,-0.058267642021427764,0.31268716732683377,0.039305221536096266
44.0,482.0567648571796,217.64048930921112,8.049368147957148,0.18284833919792878,-0.07344486792164595,0.034472245957331615,20.0019550977799,85.00460830435512,481.4890318343704,213.22714360605644,20.001915452020906,85.00460287701388,1,-0.05183857139296151,0.3120886539738313,0.04796091131768232
44.1,482.84828318655445,217.7868519071558,8.042959339423984,0.18629556379366194,-0.05462096906974523,0.0326884386799963,20.001956412577485,85.0046158710104,483.8342691934019,219.2959979122864,20.001969969466707,85.0046252967128,1,0.03018224258311379,0.285353364137937,0.03070080449184814
44.2,483.63866247747484,217.93582346766462,8.0384439541432,0.18956440766166158,-0.03558704251473088,0.030826055846389637,20.001957750811783,85.00462342677685,484.7244280392614,210.6934999145715,20.001892691912378,85.00463380633903,1,0.023432755728199285,0.27622578721466634,0.04371216703904184
44.300000000000004,484.4281071319075,218.0872927702534,8.035841930921038,0.19264701324630054,-0.01636451269430239,0.028902258088630915,20.00195911148368,85.00463097360847,488.390092098492,220.03247480396956,20.00197658535119,85.00466884888355,1,0.050226157021742004,0.19008163760008004,0.042124551244234476
44.400000000000006,485.2168257273234,218.24114507810958,8.035171051604339,0.19553723905516363,0.0030249200742460403,0.026935056197695047,20.001960493562475,85.00463851349922,484.1884672747303,213.7648275716906,20.00192028211815,85.00462868273014,1,-0.00020441353868379947,0.19829626007875772,0.04248461714488798
44.5,486.005030551741,218.3972632802842,8.036446914935887,0.19823074467493312,0.022559308639582554,0.02494313751283056,20.001961895996146,85.00464604847848,481.57445710120385,218.5576370181366,20.001963336657944,85.00460369365138,1,0.0002961695696588468,0.22298743866023388,0.03134854746201096
44.6,486.79293709996307,218.55552907391822,8.039682913332255,0.20072505842621619,0.042216488401338736,0.022945684222055947,20.00196331772196,85.00465358060632,489.99460434967904,218.19802256193447,20.00196010618632,85.00468418749372,1,0.043830381238703656,0.20621262687365888,0.06035827499182381
44.7,487.58076353572073,218.7158241786178,8.044890212616155,0.20301962684842179,0.06197410699492423,0.02096218550662648,20.001964757677385,85.0046611119683,486.58629901942896,222.22443862049946,20.001996276097177,85.00465160521412,1,0.0609330377108948,0.17032901727430355,0.036507522472047305
44.800000000000004,488.36873012502906,218.87803157507147,8.05207773473124,0.20511584539908442,0.08180965423525421,0.019012245531566958,20.00196621481122,85.0046686446701,491.7125074587612,218.3420660680298,20.001961400151153,85.00470061008326,1,0.15111961766789994,0.17423739962815196,0.027261021775635226
44.900000000000006,489.1570586465121,219.04203675998312,8.061252143463205,0.20701706995224112,0.10170049227869349,0.01711538933178287,20.00196768809486,85.00467618083188,490.3071899860595,216.9596210765461,20.0019489814365,85.00468717570975,1,0.1804996947933961,0.1710222117077522,0.01335614519096552
45.0,489.9459717847592,219.2077290093675,8.072417833186979,0.20872860888541941,0.12162388596229867,0.015290868668343664,20.001969176533663,85.00468372258239,489.5525591941492,217.6879209214539,20.00195552386532,85.00467996168722,1,0.14386737148567866,0.1979049537494837,0.019320277409602255
45.1,490.73569251292133,219.3750026422169,8.085576920655665,0.21025769575225378,0.14155703327869418,0.013557469932007482,20.00197067917827,85.00469127205318,491.7820201950602,223.1936509484809,20.002004982679654,85.00470127460218,1,0.24310298421991178,0.13465937922342028,0.03282073970100782
45.2,491.52644347074556,219.54375827648866,8.100729239842718,0.21161344274545452,0.16147709594519277,0.011933326150894345,20.001972195135927,85.00469883137264,497.3794811511245,221.15264918403133,20.001986648048856,85.00475478449061,1,0.25990056563344927,0.14662380434404226,0.03402867230715703
45.300000000000004,492.3184463440769,219.7139040692879,8.117872339844704,0.21280677536054396,0.18136123002555848,0.010435735116631078,20.00197372358159,85.00470640266,498.5493879312382,218.55701412471842,20.0019633310624,85.00476596841521,1,0.22353117584558543,0.08763595037754941,0.030219026121033374
45.400000000000006,493.11192125154133,219.8853569330273,8.13700148584783,0.21385034887220708,0.2011866165624543,0.009080985578736229,20.00197526376887,85.00471398801952,493.3200646569397,219.17601767313377,20.001968891665882,85.00471597780212,1,0.19009202798530228,0.1324967793270635,0.021932908646032426
45.5,493.9070861436698,220.05804371924205,8.158109663157195,0.2147584474300807,0.22093049217890126,0.007884193371211557,20.001976815040663,85.00472158953474,494.387657923621,215.3565124474857,20.001934580466664,85.00472618364313,1,0.3296993246506783,0.11310662900849873,0.00032759130825583613
45.6,494.7041562191504,220.23190236163393,8.18118758428361,0.21554686676720186,0.24057017960712912,0.006859149229162873,20.00197837683942,85.00472920926289,497.93287669154955,221.39732496418856,20.001988846008786,85.00476007477023,1,0.2675193120557087,0.12940683667136677,0.016730767407419574
45.7,495.5033433622217,220.4068829698219,8.20622369907862,0.21623278169011814,0.2600831181031005,0.006018179927971212,20.00197994871697,85.00473684922952,492.9663602639197,215.12743584673552,20.001932522636547,85.00471259650429,1,0.29639137792464926,0.11505955387246103,-0.001395843852558764
45.800000000000004,496.304855604472,220.58294886520233,8.23320420790423,0.21683459968291527,0.27944689370511533,0.00537202423441889,20.00198153034382,85.00474451142331,497.30406672232675,222.8383382627087,20.00200179085149,85.00475406355343,1,0.2924666424247869,0.1036657536758384,-0.0045026876993886945
45.900000000000006,497.108896613508,220.76007755028414,8.262113077819643,0.21737180210635715,0.29863926929550644,0.004929724999827318,20.001983121517867,85.00475219779129,497.03130806964646,221.14594232775792,20.00198658780014,85.0047514560703,1,0.2841497529806466,0.06580907495823872,0.012321311845599705
46.0,497.91566521013794,220.9382616028773,8.29293206176333,0.21786477460633988,0.3176382144243117,0.004698538551399286,20.00198472217245,85.00475991023413,498.8573898445106,228.09911700159907,20.002049049230965,85.00476891281235,1,0.27420624290854717,0.08121162234855357,0.014930533024096792
46.1,498.72535491489776,221.117509486592,8.325640720704506,0.2183346284614798,0.33642193485402316,0.004683862351500643,20.001986332383584,85.00476765060178,496.22524849704956,217.81710282541908,20.001956684326107,85.00474375040551,1,0.3980653510318876,0.12217160154640483,0.01871763333630869
46.2,499.5381535239749,221.2978462692648,8.360216448734135,0.21880301469662986,0.3549689017856572,0.0048891816975791275,20.001987952376464,85.00477542068954,494.769451044048,220.98985999614288,20.0019851856887,85.00472983345998,1,0.3457988490908262,0.03827088877881118,0.014860544101440066
46.300000000000004,500.35424271387114,221.47931424118096,8.396634501061637,0.21929193286638776,0.37325788072573474,0.005316036029967566,20.001989582530992,85.00478322223418,494.13529240589725,226.87417734395015,20.002038045410803,85.00472377111166,1,0.5562344421755759,0.04321642260326912,0.01563189588739505
46.400000000000006,501.17379767352566,221.6619734253187,8.434868024879282,0.21982353646938452,0.3912679599551705,0.005964005203190863,20.001991223386362,85.00479105691043,497.8216453345568,225.23614234619293,20.002023330692058,85.00475901143498,1,0.3669642808245466,0.08937716668612637,0.001117479353267099
46.5,501.99698676211506,221.84590197231086,8.474888093052671,0.2204199369897036,0.40897857856140973,0.0068307158609054106,20.00199287564461,85.00479892632778,500.62096090729705,219.75726581757115,20.0019741131068,85.00478577197252,1,0.37610945481234126,0.10865353702988596,0.010780949014058749
46.6,502.82397119037455,222.03119643341,8.516663740591564,0.22110300857579415,0.42636955399474097,0.007911867837598504,20.001994540173076,85.00480683202731,501.94439643042824,222.70309871853036,20.002000575973998,85.00479842358148,1,0.48187648977541303,0.05617739296962754,-0.0021593000187463737
46.7,503.6549047230623,222.21797190545632,8.56016200385162,0.22189419535955401,0.4434211091122364,0.009201280294029997,20.001996218005687,85.00481477547899,509.46659821035087,222.2239699747016,20.00199627188726,85.00487033336005,1,0.5498867830606012,0.10502632178907882,-0.005832410999971959
46.800000000000004,504.4899334001245,222.40636204268637,8.605347962414012,0.22281432338895701,0.460113898672212,0.01069095708048078,20.001997910343082,85.0048227580789,507.8079135098464,223.25222964486883,20.00200550890104,85.00485447687906,1,0.49334338151937307,0.11729946701733168,0.023097384178911523
46.900000000000006,505.32919527421376,222.5965189311822,8.652184783586062,0.2238834190970051,0.4764290352423117,0.012371170614491939,20.001999618551476,85.00483078114678,502.4429219251889,220.5004776232277,20.001980789492045,85.00480318932148,1,0.5350411562516755,0.026273648365680635,0.009839926676582351
47.0,506.1728201624672,222.78861282284097,8.700633769462474,0.2251205361584543,0.49234811448700455,0.014230563360208327,20.002001344160266,85.00483884592366,507.2159455198201,222.52065161473877,20.001998937023778,85.00484881785948,1,0.4301707436140691,0.14283522066736598,0.027955548381638863
47.1,507.0209294108514,222.98283172693692,8.750654406483463,0.22654359249447512,0.5078532397992941,0.01625626580686726,20.002003088858366,85.00484695356954,505.79969470180043,218.18867460110678,20.00196002221216,85.0048352789668,1,0.5039776625147058,0.1643870723734061,0.032339741585667645
47.2,507.873635669913,223.17938085864256,8.802204417422333,0.22816921907516186,0.5229270462431135,0.018434029666441133,20.002004854489257,85.00485510516133,507.0205441557927,223.5847512142468,20.002008495993117,85.00484694988663,1,0.49924625978623516,0.1842454502196915,0.017240856420209158
47.300000000000004,508.7310426814124,223.37848194526075,8.855239815732086,0.23001262204180598,0.5375527237743682,0.020748374846922973,20.002006643044748,85.00486330169076,509.2870196296586,224.72854396552623,20.00201877085822,85.0048686166478,1,0.47280043127697424,0.2845275487850698,0.03165148579247597
47.400000000000006,509.5932450760406,223.58037239238158,8.909714962177206,0.23208745952649829,0.5517140397079867,0.023182748609992095,20.002008456657492,85.0048715440625,511.4507584269668,222.89811415444993,20.002002327827462,85.00488930128009,1,0.5875630514091811,0.17576176722939563,0.02157118132385568
47.5,510.4603281831858,223.78530431370146,8.965582623673683,0.23440573438749748,0.5653953604013662,0.025719695191437426,20.002010297592264,85.00487983309223,509.4425527315338,218.9401516419471,20.001966772845275,85.00487010349318,1,0.4832539793208445,0.21936092373430433,0.012260906445169185
47.6,511.33236785449805,223.993543429808,9.02279403425748,0.23697770390664122,0.5785816721240078,0.028341034051174014,20.00201216823607,85.0048881695051,514.5239224527011,226.95913901836238,20.00203880863451,85.00491867971888,1,0.5424718738196354,0.1551055230456543,0.0345741280955986
47.7,512.2094303037547,224.20536784282515,9.081298958098484,0.2398118073117586,0.5912586010848653,0.031028044828162234,20.00201407108715,85.00489655393406,508.7836156253275,225.29894295680356,20.002023894839542,85.00486380427084,1,0.5943989113841944,0.28772911786111577,0.03131930603100463
47.800000000000004,513.0915719662211,224.42106669540593,9.141045754474453,0.24291461179457483,0.6034124325906998,0.03376165700504215,20.00201600874291,85.00490498691865,513.1105891533078,222.243021402303,20.001996443029146,85.0049051687167,1,0.591848140793146,0.3188346737236632,0.03436076689917083
47.900000000000006,513.978839381287,224.64093872413196,9.201981444616624,0.24629077749507905,0.6150301293088756,0.036522642238588685,20.002017983886947,85.00491346890374,521.7718605610745,223.79913738361776,20.002010421856845,85.00498796762683,1,0.664850554419229,0.3405818173711516,0.06127607341704394
48.0,514.8712691026158,224.86529071890735,9.264051780336228,0.24994304171893791,0.6260993486097277,0.03929180728568681,20.00201999927521,85.00492200023878,515.5405083304915,220.36328251056182,20.00197955704738,85.004928397946,1,0.6713783582048517,0.4493852042117829,0.02903323745836009
48.1,515.7688876403214,225.09443590138952,9.32720131433857,0.25387222244750657,0.6366084589647869,0.042050185450733475,20.002022057721405,85.0049305811772,520.06853116014,222.0182055180558,20.001994423473697,85.00497168435717,1,0.7112983962615598,0.4652414211211101,0.05087889680444818
48.2,516.6717114397832,225.32869223685873,9.391373472129185,0.2580772409925799,0.6465465553791461,0.04477922449919841,20.00202416208187,85.00493921187622,516.9462719743028,223.7152581977873,20.0020096683573,85.00494183658476,1,0.71416574201478,0.45443125727765443,0.039831152127750895
48.300000000000004,517.5797469015838,225.56838069515956,9.4565106254144,0.26255516344249974,0.6559034738360658,0.04746096902333571,20.002026315239924,85.00494789239703,519.3220781875732,229.253643132,20.002059420515657,85.0049645485119,1,0.7429441133041349,0.46028450518464464,0.06154358311600895
48.400000000000006,518.4929904467122,225.81382347742692,9.522554166896398,0.2673012603448333,0.6646698047348121,0.05007823530923711,20.00202852008995,85.0049566227054,518.322640863534,223.8953133047645,20.002011285819844,85.00495499421932,1,0.6945738847343594,0.5581821917201373,0.058062547670987764
48.5,519.4114286306022,226.0653422262059,9.589444586361362,0.27230908387575703,0.6728369053031713,0.05261477683891143,20.002030779521316,85.0049654026728,518.9002058871097,227.98598320419217,20.002048032932773,85.00496051555126,1,0.7180102503440048,0.5335585939287177,0.061408220330717564
48.6,520.3350383087935,226.3232562372644,9.657121547957033,0.27757056155964815,0.6803969109675023,0.05505543866586729,20.002033096402297,85.00497423207798,517.9965911186173,224.70830762867965,20.002018589072115,85.00495187729084,1,0.7359725960634619,0.520763561126451,0.05060654248984469
48.7,521.2637868560076,226.58788069185576,9.725523968554862,0.2830761054262349,0.6873427456657133,0.0573862990266741,20.002035473564217,85.00498311060907,522.5546909328802,227.33172337441138,20.002042155616724,85.0049954512281,1,0.7244255805352646,0.502299392776348,0.05473041989379086
48.800000000000004,522.1976324392738,226.85952492839252,9.794590097090175,0.28881473532890234,0.6936681310878701,0.05959479669277936,20.002037913785912,85.00499203786616,519.6430208717164,226.43533842196112,20.002034103253692,85.00496761661856,1,0.7038084155920163,0.5916408808304149,0.07386730176623822
48.900000000000006,523.1365243444272,227.13849077242608,9.864257594772436,0.2947742149981803,0.6993675948328004,0.0616698427249128,20.002040419778726,85.00500101336442,525.1332800533676,229.7576605727043,20.00206394818136,85.00502010169322,1,0.712745468115812,0.6760593953262731,0.08437781994218843
49.0,524.0804033538985,227.4250709434773,9.934463616056735,0.3009411992706716,0.7044364774697875,0.06360191546500205,20.002042994172204,85.00501003653777,527.3362643672363,225.8206369288216,20.002028581296226,85.00504116149976,1,0.6935585575532893,0.7756778495757336,0.07340499363724393
49.1,525.0292021722464,227.7195475566219,10.005144890266394,0.3073013908171718,0.7088709384944814,0.06538313778572541,20.00204563950063,85.00501910674286,526.128796393958,223.00196280661459,20.002003260715778,85.00502961850249,1,0.7599517799899729,0.687248284235908,0.061408930578011084
49.2,525.9828458944238,228.0221907358016,10.076237803755632,0.31383970459574434,0.712667961172242,0.06700733581362915,20.002048358190564,85.00502822326365,525.1240996937568,223.8763436417107,20.00201111541246,85.005020013932,1,0.7379672024679842,0.6669140744982235,0.07539672103824983
49.300000000000004,526.9412525103442,228.3332573546124,10.147678482500842,0.32054043817710726,0.715825356262263,0.0684700785459934,20.002051152549544,85.00503738531614,528.3031492482703,226.73762487278415,20.002036818739082,85.00505040460168,1,0.7126666687304247,0.6655640823421092,0.09774479898936951
49.400000000000006,527.9043334380038,228.65298991882858,10.219402875008084,0.3273874460317066,0.7183417646162837,0.06976869799207308,20.00205402475604,85.00504659205352,526.9783142713646,224.9058100067944,20.002020363266166,85.00503773961441,1,0.7152295236500541,0.7705921776610424,0.0757929260992622
49.5,528.8719940762483,228.98161560317104,10.291346835424099,0.3343643158309139,0.7202166586497327,0.07090228968369308,20.00205697685079,85.00505584257141,531.6786354526437,230.21225165020968,20.00206803184249,85.00508267314122,1,0.6896967222605933,0.671449251941384,0.09052069827762908
49.6,529.8441343673088,229.31934545285355,10.36344620673803,0.3414545447992832,0.7214503426826724,0.0718716936160719,20.002060010729647,85.00506513591333,524.3499161146634,227.92204095827933,20.002047458529805,85.00501261299124,1,0.8003924097445324,0.8023556856475628,0.06946839995768479
49.7,530.8206493585119,229.66637375826278,10.435636903960633,0.3486417141608904,0.722043952150031,0.07267945589481593,20.002063128137955,85.00507447107594,529.813827254156,236.79019340834208,20.002127122498685,85.00506484618728,1,0.7559748356266205,0.829341992408866,0.07725859537845207
49.800000000000004,531.8014297521117,230.02287760879358,10.507854997168037,0.355909659750372,0.721999451682942,0.07332977157692003,20.00206633066653,85.00508384701439,525.8289937667397,224.80973382338217,20.002019500199125,85.00502675248784,1,0.7088594507042785,0.822352579367373,0.08452542363817546
49.900000000000006,532.7863624320457,230.3890166294033,10.580036794297222,0.36324263690806396,0.721319632062789,0.0738284094000006,20.002069619749314,85.00509326264734,528.3011799413641,230.9999161655327,20.002075107553217,85.00505038577575,1,0.79174701954289,0.8001242043195174,0.08280169248262925
50.0,533.7753309565696,230.76493290091588,10.652118923580595,0.37062547784806404,0.7200081060531893,0.0741826192926067,20.002072996662637,85.00510271686164,537.8669176460114,227.38107383039886,20.002042598939415,85.00514183108663,1,0.7219856655634707,0.8484491154448914,0.0715187324914951
50.1,534.7682160062016,231.15075106253926,10.72403841550786,0.3780437397773247,0.7180693031152163,0.07440102374714401,20.00207646252615,85.00511220851664,537.4537709521167,229.67054704139122,20.002063165627195,85.00513788153992,1,0.6777442717646047,0.8364263553738999,0.07130584917583802
50.2,535.7648957771875,231.5465785925071,10.795732784203638,0.38548384215203907,0.715508463012684,0.07449349431361403,20.002080018305353,85.00512173644792,533.6064550773331,231.97083701252873,20.002083829483585,85.0051011024637,1,0.7965695774736407,0.7953056666783407,0.08937633834464062
50.300000000000004,536.7652463117673,231.95250626025737,10.867140108110396,0.39293319158340045,0.7123316283171821,0.0744710146351066,20.002083664815633,85.00513129947049,532.2577359436447,224.9763921356345,20.002020997316215,85.00508820915172,1,0.7154767788388765,0.9318075661515944,0.09138652276160805
50.400000000000006,537.7691417578565,232.3686087411615,10.938199109867075,0.40038029304691114,0.7085456358227926,0.07434553159298267,20.002087402727817,85.00514089638125,528.8755552443315,233.07908709152557,20.00209378506343,85.00505587661502,1,0.7181006813123532,0.8256222585124317,0.09446696717420187
50.5,538.7764545523138,232.7949453825537,11.008849235274955,0.4078148462062094,0.7041581068816782,0.07412979625935658,20.00209123257503,85.00515052596074,537.1459680285159,238.5036677693762,20.002142514900758,85.00513493904506,1,0.7362171078991372,0.8848713658834013,0.09716910109188526
50.6,539.7870555237116,233.23156110771708,11.07903073124341,0.41522782583214507,0.6991774366742476,0.07383719646539434,20.00209515476082,85.00516018697414,547.0483005604539,231.8712462126113,20.002082934844207,85.00522960209194,1,0.7863068978137534,0.7271138546141755,0.0801833908286203
50.7,540.8008139123999,233.6784874425894,11.148684722609804,0.4226115454786845,0.693612782429236,0.07348158288489452,20.002099169568396,85.00516987817139,542.1054667267908,234.4579110130059,20.00210617124946,85.00518235022382,1,0.7246146469725516,0.9130465446410561,0.0753695904425786
50.800000000000004,541.8175973076209,234.1357436482822,11.217753287729257,0.42995970376717396,0.6874740506086052,0.07307709060259258,20.00210327717078,85.00517959828672,540.1388804494724,237.21050872765838,20.002130898255437,85.00516355030487,1,0.6575181943013437,0.9231989605976509,0.09158699999037728
50.900000000000006,542.8372715034221,234.6033379410839,11.286179532731525,0.4372674128274332,0.6807718830756126,0.07263795818489029,20.00210747764178,85.00518934603714,544.232512131923,234.1114774410029,20.00210305918373,85.00520268407934,1,0.7379657332812217,0.8512967263220491,0.08476865100340616
51.0,543.8597002770938,235.08126878045164,11.35390766434438,0.4445312086459222,0.6735176422647715,0.07217834629670557,20.002111770967556,85.00519912012044,539.1768252181105,233.3383882148572,20.002096114405052,85.00515435337282,1,0.6792681560516853,0.8774448309547561,0.06735379371002966
51.1,544.8847450957551,235.56952620460433,11.42088306118448,0.4517490432755928,0.6657233953737673,0.07171215791161101,20.002116157058623,85.00520891921227,543.9927750076622,228.74231699343906,20.0020548271948,85.00520039227116,1,0.7901195939502407,0.8769419286540828,0.0663758012564219
51.2,545.9122647585061,236.0680931927137,11.487052343419133,0.4589202590667539,0.657401897599712,0.07125286214332126,20.00212063576208,85.00521874196278,546.2106971775534,237.99106535089862,20.002137910114886,85.00522159487869,1,0.6873459114998175,0.8163461785767228,0.08117216415688436
51.300000000000004,546.9421149831923,236.5769470323557,11.552363440704422,0.466045545281086,0.6485665744415758,0.0708133236851312,20.002125206873895,85.0052285869927,546.6838130277291,236.237441803169,20.002122157046532,85.00522611771085,1,0.5668147995466426,0.8754173669268452,0.07404057707029121
51.400000000000006,547.97414794827,237.09606067083394,11.616765658307449,0.4731268776495991,0.6392315030938001,0.07040563978055359,20.00212987015105,85.0052384528889,550.3465663133402,234.05800911666944,20.0021025788696,85.00526113242933,1,0.6870997517015838,0.8074542948602719,0.07514134023314661
51.5,549.0082118014905,237.625404029216,11.680209741323182,0.48016744162765446,0.6294113929566336,0.07004098656384243,20.002134625323347,85.00524833819973,550.0421474801987,238.0051941600491,20.002138037036136,85.00525822228526,1,0.7566412825696451,0.8176555673726121,0.08576632021094438
51.6,550.0441501481065,238.16494525843157,11.742647936898775,0.4871715402840387,0.6191215652888982,0.06972947650427092,20.00213947210467,85.00525824143011,552.0491282024304,236.41390418801302,20.002123742235106,85.00527740836183,1,0.7279175797161677,0.9051558505745234,0.08231984795412128
51.7,551.0818015320543,238.7146519175605,11.804034054380962,0.4941444879344658,0.6083779320319405,0.0694800285640898,20.00214441020361,85.00526816103655,549.0166846853621,237.12937352421392,20.002130169405504,85.00524841919773,1,0.7299256464697688,0.8988775078048881,0.08777876104827412
51.800000000000004,552.120998924053,239.27449205548646,11.864323523305163,0.5010924907908748,0.5971969738337624,0.06930025253840466,20.002149439333134,85.00527809542233,554.8144451492847,241.0933655238126,20.002165778551497,85.00530384388367,1,0.5762089645646892,0.8168818412565931,0.054984891474671005
51.900000000000006,553.1615692308106,239.84443517839503,11.923473449147714,0.5080225160447153,0.5855957173025228,0.0691963488873275,20.002154559219317,85.00528804293272,558.0483800736827,235.8292879444235,20.002118490538034,85.00533475923945,1,0.6612033371013618,0.8183820115609594,0.07673032805953951
52.0,554.2033328395296,240.42445308714792,11.981442666765668,0.514942150933448,0.5735917115211997,0.06917302519841713,20.00215976960884,85.00529800185069,551.2928842805753,243.5663989453692,20.002187994188706,85.00527017891831,1,0.5674919845343641,0.8265128053786881,0.0811199104223892
52.1,555.2461032116793,241.01452057035365,12.038191791451954,0.5218594534532897,0.5612030038555194,0.06923343023251896,20.002165070275232,85.00530797039298,552.5830162445355,236.82146208099843,20.00212740338995,85.00528251215619,1,0.6024174738263656,0.900077289842446,0.05896757166564212
52.2,556.2896865395683,241.6146159409656,12.093683267536772,0.5287827964765416,0.5484481150877318,0.06937910631068109,20.002170461023663,85.00531794670685,560.2970395485289,239.6265117158998,20.002152601579546,85.00535625568553,1,0.5148004936507452,0.8190496980656189,0.06783014989758138
52.300000000000004,557.3338814786182,242.2247214064529,12.1478814144695,0.5357207071076097,0.5353460139109067,0.06960996059600245,20.00217594169431,85.00532792886754,556.759849518533,247.9935599886526,20.00222776405301,85.00532244131053,1,0.533123225666771,0.8934491785379302,0.06620510897271327
52.400000000000006,558.3784789674336,242.8448232649897,12.200752470318953,0.5426817031672099,0.5219160908180154,0.06992425561430936,20.002181512164082,85.00533791487646,562.5899431436333,246.22688754991697,20.00221189376447,85.00537817509087,1,0.5181037559498346,0.9204708749532136,0.07514123732490853
52.5,559.4232621467999,243.4749119226668,12.252264632633104,0.5496741287286409,0.5081781314217348,0.0703186191437555,20.002187172346797,85.00534790266053,558.0956550111233,243.7677239001531,20.002189802721546,85.00533521117232,1,0.5831058954288657,0.8871500578359777,0.09159715883069615
52.6,560.4680063876378,244.11498172941958,12.3023880966033,0.5567059906430164,0.49415228924167387,0.07078807338815592,20.0021929221917,85.00535789007236,564.83314311645,241.29339108291595,20.00216757541167,85.0053996193459,1,0.5641882453251567,0.9513655362751766,0.09601396743480493
52.7,561.5124794367131,244.76503063415672,12.351095090481438,0.563784797981832,0.47985905799555084,0.07132608313445797,20.002198761680365,85.00536787489169,561.9069368871294,243.17721371405705,20.00218449807829,85.00537164577537,1,0.523700044462092,0.8957397267507852,0.06818320760372515
52.800000000000004,562.5564416875571,245.42505966242265,12.39835990820241,0.5709174062952778,0.4653192434330755,0.07192462238357981,20.00220469082201,85.00537785482794,563.3311281575252,245.64488560617974,20.00220666555206,85.00538526057618,1,0.4277981725303063,0.9110545745234779,0.08219019488851556
52.900000000000006,563.5996465826139,246.0950722227996,12.444158939168053,0.5781098685336358,0.45055393475026406,0.07257425873823288,20.002210709647244,85.00538782752413,568.2938006476236,246.20764191981837,20.002211720878037,85.00543270209535,1,0.4649719630527781,0.8842632990742831,0.08316223725965603
53.0,564.6418411510816,246.77507325109968,12.488470695152463,0.585367294407459,0.4355844756237026,0.07326425463354286,20.002216818200413,85.00539779056193,563.5565297187491,246.5024604622218,20.002214369278065,85.00538741534108,1,0.42827865147656635,0.9958173643741983,0.08214051234869034
53.1,565.6827666852924,247.46506820417156,12.531275834292794,0.5926937198708133,0.42043243490428317,0.07398268430847997,20.002223016530536,85.00540774146818,562.8594003975176,247.372570661919,20.002222185610975,85.00538075101372,1,0.49391622273900776,0.9187714016820242,0.08297248065587232
53.2,566.7221595567518,248.16506191779396,12.57255718213332,0.6000919883016613,0.4051195770100158,0.07471656524035226,20.00222930468105,85.00541767772268,565.3764669326667,247.5219365886786,20.002223527387926,85.00540481334313,1,0.49402881965087503,0.9868668798226766,0.08275399026486555
53.300000000000004,567.7597521711585,248.87505734560222,12.612299749694797,0.6075636448256966,0.389667832059164,0.07545200260285949,20.002235682678496,85.0054275967673,569.116754023088,244.54912113868218,20.00219682213237,85.00544056925933,1,0.4724871113607082,0.9780574701857192,0.09732770381092369
53.400000000000006,568.7952740598492,249.59505419823702,12.650490748545153,0.6151088450859825,0.37409926578398256,0.07617434516220971,20.00224215052027,85.00543749601647,564.0979968433077,248.0455219717545,20.002228230835446,85.00539259158896,1,0.36633829481313157,0.9410036955954361,0.09219901030589028
53.5,569.828453103153,250.32504750386937,12.687119602851594,0.6227262796022035,0.35843604926615313,0.0768683508971872,20.002248708161705,85.0054473728688,571.7408658111063,253.06891966582992,20.002273356784713,85.00546565490622,1,0.2514593931516792,0.9747828043154125,0.07126681192120453
53.6,570.8590168791325,251.06502611289102,12.722177958398383,0.6304131146919222,0.34270042853541405,0.07751836051923769,20.00225535550265,85.00545722472005,569.2427029262792,246.96002322023767,20.00221847963425,85.00544177328949,1,0.2843523336289113,1.085345989521062,0.09047557132804318
53.7,571.8866941291162,251.81497117082358,12.755659688558676,0.6381649507438459,0.32691469407311047,0.07810847697882133,20.00226209237373,85.00546704897705,575.3301321113169,251.24630463620574,20.002256983955334,85.00549996711327,1,0.42799604297722094,1.0364080282651886,0.09203221072393586
53.800000000000004,572.9112163293378,252.57485458435258,12.787560897213005,0.645975798441728,0.31110115026188545,0.0786227489754649,20.002268918522574,85.00547684307281,565.7284354146364,250.11559279804004,20.00224682659807,85.00540817804624,1,0.3210384032958943,0.9849356733617067,0.08677242184698279
53.900000000000006,573.9323193558931,253.34463750580431,12.817879918611053,0.6538380733392746,0.2952820848236648,0.07904535644187759,20.002275833600212,85.0054866044824,571.5726220305806,253.67868879399865,20.00227883443399,85.00546404655094,1,0.2877458539104092,1.05846030136323,0.09535960014690488
54.0,574.9497452281577,254.12426886133466,12.846617314177738,0.6617426089834624,0.27947973828756467,0.07936079594771982,20.00228283714784,85.00549633073959,569.8903407744554,252.9583693181342,20.002272363694043,85.00544796449462,1,0.3916127529593764,1.0422120737091767,0.0862415362907102
54.1,575.9632439137932,254.91368394757532,12.873775866268566,0.6696786885782343,0.2637162735290488,0.07955406396638486,20.00228992858421,85.00550601945417,573.4845555147014,259.3458649424993,20.00232974354351,85.00548232400712,1,0.35697427080346517,1.2268635088662403,0.08655874117714736
54.2,576.9725751765761,255.71280312048899,12.899360568883548,0.6776340949748728,0.24801374542286148,0.0796108359685313,20.002297107193883,85.00551566832956,577.715572879903,257.23255258305977,20.002310759335586,85.00552277114359,1,0.2792361815188508,1.0711850704154424,0.08582324141530175
54.300000000000004,577.97751044653,256.52153059873086,12.923378615353139,0.6855951785717259,0.23239407065030804,0.07951763934884032,20.002304372116427,85.0055252751807,577.4398305701808,252.58612110139921,20.00226901973142,85.00552013513767,1,0.24772391609710936,1.038605317550848,0.06433519849084363
54.400000000000006,578.9778346903066,257.33975340192717,12.94583938301361,0.69354694250661,0.21687899770228114,0.07926201825713867,20.002311722336923,85.00553483795194,578.2177019834626,259.3534374367683,20.002329811568384,85.0055275713329,1,0.24027393706162486,1.1271147534197647,0.08345803431807994
54.5,579.9733482584779,258.1673404419989,12.966754414893595,0.7014731443323239,0.20149007711972367,0.07883268849089159,20.002319156677796,85.00554435473471,579.4957936443377,255.8433848732127,20.002298280229724,85.00553978946944,1,0.24284821703909698,0.9601523031625578,0.07715018274634589
54.6,580.9638686854287,259.00414178303214,12.986137398437554,0.7093564131814131,0.18624863201115893,0.07821968071222497,20.00232667379214,85.00555382378468,581.5740334072885,257.2731526688995,20.002311124052362,85.00555965675903,1,0.29625099607713934,1.0504875288099242,0.0713552009302994
54.7,581.9492324169256,259.849988082286,13.004004141295827,0.7171783812526356,0.1711757288882687,0.07741447037790317,20.002334272158727,85.00556324353835,578.9236242910963,260.79144514260736,20.002342729411392,85.00553431971834,1,0.22229910010013004,1.1364195181245296,0.0967546532252984
54.800000000000004,582.9292964402288,260.70469022180316,13.020372544215208,0.7249198282904259,0.15629214885924725,0.07641009291371446,20.00234195007868,85.00557261262854,585.0498453629259,259.22944796261277,20.002328697751988,85.00559288437981,1,0.2225936005112043,1.0190779116566733,0.08645216809905905
54.900000000000006,583.9039397918324,261.5680391368291,13.035262571067676,0.7325608375817974,0.14161835921898458,0.07520124282393567,20.00234970567394,85.00558192989888,585.8919377029888,264.24660658579796,20.002373767654728,85.00560093450602,1,0.23008186467249314,0.9236028936482163,0.0799029320144902
55.0,584.8730649186125,262.43980584393034,13.048696216059005,0.7400809618641909,0.12717448547520327,0.07378435560022437,20.00235753688751,85.00559119441682,586.0281787315809,260.11627565939017,20.00233666426073,85.00560223692551,1,0.09869068542398232,0.9729937435044699,0.07313632208920011
55.1,585.8365988693231,263.31974166841866,13.060697468162717,0.7474593974242134,0.11298028384862491,0.07215767148051472,20.002365441485512,85.00560040548494,587.5061991975768,261.46290201064454,20.002348761211064,85.00561636631575,1,0.18072337847232706,1.0451554192620276,0.08011936732680212
55.2,586.7944942950253,264.20757866751677,13.07129227282873,0.7546751645722649,0.09905511428471847,0.07032128030525413,20.002373417060973,85.00560956265062,587.6837482974513,262.2384659868724,20.0023557282208,85.00561806362684,1,0.1143266765516379,0.9679934876855301,0.08523564123842926
55.300000000000004,587.7467302391472,265.1030302427231,13.08050849101966,0.7617072926027904,0.08541791401395216,0.06827714692344061,20.002381461039334,85.00561866571351,593.8519501473404,263.406113997658,20.002366217381347,85.00567702961077,1,-0.010386845774686154,0.881156994599036,0.06500748848797121
55.400000000000006,588.6933127004226,266.00579193211973,13.08837585563152,0.7685350072951345,0.0720871716967153,0.06602911681217674,20.00238957068557,85.00562771473096,588.432030187265,269.30336659876315,20.002419193302806,85.00562521695595,1,-0.004321305402575304,0.8599517578942162,0.07098083308941065
55.5,589.6342749549137,266.91554237097955,13.094925925359004,0.7751379189763521,0.059080902187940154,0.06358290178853657,20.00239774311281,85.0056367100211,588.71302529991,268.80193125181046,20.002414688832445,85.00562790317694,1,0.038175021612005866,0.8346283754827721,0.07726356677704829
55.6,590.5696776266279,267.8319444070185,13.100192036069108,0.7814962091552058,0.046416621956266724,0.0609460459090733,20.002405975292362,85.00564565216342,588.3090948855559,272.9617762690547,20.002452057356027,85.00562404173485,1,0.10297778338589579,0.8464647994506441,0.046586034618232
55.7,591.499608499832,268.75464635503903,13.104209249750257,0.7875908137461132,0.0341113251910663,0.05812787186794524,20.00241426406499,85.00565454199716,588.4028204880984,275.5575789667368,20.00247537584841,85.00562493772082,1,0.06980130345808112,0.8586296028471585,0.0625521742438912
55.800000000000004,592.42418206998,269.6832833745446,13.107014301107322,0.7934036009329077,0.02218146063007076,0.05513940841700574,20.002422606153267,85.00566338061685,588.6907667071767,266.5911322787476,20.00239482888737,85.0056276903921,1,0.06139979598885396,0.8053341653162502,0.05584649471153035
55.900000000000006,593.343538834117,270.61747895317353,13.108645541876271,0.7989175417746083,0.010642909139217949,0.051993299537998916,20.002430998174937,85.00567216936558,590.6771468944243,270.8287363351554,20.002432895932287,85.00564667953434,1,0.13819008327355256,0.7343623433016836,0.05565500096044857
56.0,594.2578443256239,271.55684647849364,13.109142882935165,0.8041168717284082,-0.0004890379247335375,0.0487036962959424,20.00243943665699,85.0056809098258,594.0458031806677,268.02824552856333,20.00240773869534,85.00567888278209,1,-0.03394351866772416,0.6018814756677149,0.048687410732223366
56.1,595.1672879021411,272.5009908807879,13.108547734291324,0.8089872413580024,-0.011199699539057306,0.04528613249170058,20.00244791805046,85.00568960380771,596.1701732876343,270.1681730975431,20.002426961991763,85.00569919106263,1,0.017428632751756514,0.5572388037692263,0.051662378543773535
56.2,596.072081299367,273.4495103299076,13.106902943027354,0.8135158546071725,-0.021475024999348946,0.04175738540857123,20.002456438745643,85.00569825333544,596.2255074750235,271.5592627991406,20.002439458363167,85.00569972003929,1,0.02374675114134183,0.603972598765418,0.0659936576127984
56.300000000000004,596.9724569670866,274.4019979700153,13.104252729291455,0.8176915931480296,-0.03130161303551482,0.03813532311049463,20.002464995087696,85.00570686063112,594.6758511347974,271.2305333476005,20.00243650533626,85.00568490583362,1,-0.0381152688624316,0.462461357056466,0.039896098371209124
56.400000000000006,597.8686662071783,275.35804367703236,13.10064262042025,0.821505125459079,-0.040666730033516174,0.03443873989649556,20.002473583392405,85.00571542809712,600.5692198992382,272.2023818583371,20.00244523559997,85.00574124450351,1,-0.009250392779369128,0.46989127262816677,0.042355849987436626
56.5,598.760977136398,276.31723582476656,13.096119383284751,0.8249489994487286,-0.049558327338194985,0.030687181645502264,20.00248219996207,85.00572395829656,600.9792151533009,275.8843826892058,20.002478311576194,85.00574516392348,1,-0.09955579404241224,0.4470905166753511,0.05563464582959339
56.6,599.6496724993892,277.27916304696697,13.090730954952612,0.8280177176132788,-0.05796505761335169,0.026900762896430685,20.00249084110133,85.00573245393237,599.1707275771232,273.62900779180774,20.00245805119878,85.0057278753762,1,0.042530253250399705,0.32527094979201143,0.026400607112705133
56.7,600.5350473595764,278.2434159838554,13.084526371762081,0.8307077939029218,-0.06587629023674602,0.023099977599069198,20.00249950313284,85.00574091782525,598.5762989255823,280.76979686126833,20.002522197998395,85.00572219283352,1,-0.06995701786326772,0.28103914936419105,0.04624673108835889
56.800000000000004,601.4174066973118,279.2095890029595,13.077555696905263,0.8330177916628287,-0.07328212570900661,0.019305505540927005,20.00250818241274,85.00574935289073,603.0626904598012,276.456328390707,20.002483449451848,85.00576508126316,1,0.05828788252991854,0.2777627707399951,0.02435873560719808
56.900000000000006,602.2970629458553,280.17728188526,13.06986994662028,0.8349483422169215,-0.08017340905693615,0.015538016503018271,20.002516875345805,85.00575776211558,602.8609837083136,288.6059887955492,20.002592591708236,85.00576315301286,1,-0.051797125252808905,0.25826236929909113,0.038356978761667535
57.0,603.1743334964415,281.14610146871706,13.061521015093875,0.8365021438672233,-0.08654174221277344,0.011817974223020902,20.0025255784002,85.00576614853392,598.8299517181963,279.79194811582386,20.00251341383366,85.00572461767091,1,-0.005139063942814284,0.23743665719051307,0.024319985472484096
57.1,604.0495382038314,282.1156632421178,13.052561598177725,0.8376839412895254,-0.09237949535249257,0.008165442247106743,20.002534288121797,85.0057745152035,603.8455974358782,282.331716167869,20.002536228958252,85.00577256559673,1,-0.06504463880205029,0.1669326096452511,0.016236525872930962
57.2,604.9229969233659,283.08559288287086,13.043045116023377,0.8385004855142361,-0.09767981717766716,0.004599893731960512,20.002543001148005,85.00578286518198,605.709104359589,279.19956932947275,20.002508092404483,85.00579038011091,1,-0.06921700879069365,0.09367945122448382,0.008943586913094647
57.300000000000004,605.795027109649,284.05552773284643,13.033025634742192,0.8389604748874321,-0.10243664412729281,0.0011400272162534562,20.00255171422101,85.00579120150418,603.0959427501857,289.17380300722937,20.002597692470083,85.00576539914414,1,-0.1016381107883932,0.007548266255882598,-0.00010038718253864952
57.400000000000006,606.6659415056171,285.0251182066312,13.022557787197918,0.8390744776090574,-0.10664470850626273,-0.0021964096833373067,20.00256042420043,85.00579952715978,607.2354716841294,288.38362024903995,20.002590594137594,85.00580497168124,1,-0.07068851203794885,-0.052148221817847125,0.003561505816306221
57.5,607.5360459489349,285.9940291266479,13.011696693040939,0.8388548366407237,-0.11029954551983856,-0.005392786781959291,20.002569128075315,85.0058078450725,603.1715784931615,286.8847767388562,20.002577129797256,85.005766122197,1,-0.06439961079913618,-0.06571316035355199,0.008580827808240953
57.6,608.4056373204448,286.9619409795107,13.00049787809395,0.8383155579625278,-0.11339749920479036,-0.008433746278474753,20.002577822975425,85.00581615808042,612.4141956204813,282.921533333172,20.002541527375996,85.00585447858128,1,-0.12261042465054936,-0.05914612134866541,-0.0035648605884414583
57.7,609.2750016568237,287.92855108778383,12.989017193199981,0.8374721833346803,-0.11593572724847512,-0.011305344510613031,20.002586506181764,85.00582446891796,613.0188516120021,288.5605517209577,20.00259218354005,85.00586025889397,1,-0.09218794804146933,-0.10001412889203455,-0.009471572561231607
57.800000000000004,610.1444124467439,288.8935746910303,12.977310732644256,0.8363416488836191,-0.1179122046899117,-0.013995179017405235,20.00259517513629,85.00583278019958,609.386860443835,285.52928155297855,20.002564953176826,85.00582553825123,1,-0.1184171479927674,-0.25661488615410677,-0.011503004359182965
57.900000000000006,611.0141291267381,289.8567459297288,12.965434752261999,0.8349421309818785,-0.11932572649740791,-0.016492499572003536,20.002603827450738,85.00584109440541,612.1044921402554,294.24381172014887,20.00264323713326,85.00585151791772,1,0.025657476983334024,-0.22311627851589594,-0.0015677334361730022
58.0,611.8843957897044,290.817818725349,12.953445587344774,0.8332928810246781,-0.12017590901945319,-0.018788302021567425,20.002612460914552,85.00584941386889,604.6546298923048,293.24540292090853,20.002634268274416,85.0057802996813,1,-0.09466244751503411,-0.15314787033466565,-0.0015366874705688652
58.1,612.7554401156199,291.77656754966824,12.941399570458108,0.8314140508225214,-0.12046319030680763,-0.0208754039571329,20.00262107350178,85.00585774076659,609.2863971348239,292.06288466513143,20.002623645532186,85.00582457785498,1,-0.01320158272197966,-0.23619619141377224,-0.022546909094816603
58.2,613.6274725306297,292.7327880763223,12.929352949283412,0.8293265104268082,-0.12018882930547647,-0.02274850143316914,20.00262966337692,85.00586607711007,612.7461357701733,285.42366108658035,20.002564004372033,85.0058576518201,1,-0.09996994584586089,-0.3349738497518727,-0.024434380007644037
58.300000000000004,614.5006855973031,293.6862977076645,12.917361804597013,0.8270516602834912,-0.11935490392160908,-0.0244042061617778,20.002638228899674,85.00587442474021,611.2842865330225,290.7360497716874,20.002611726371544,85.00584367702149,1,-0.07639052184486368,-0.16744690146575208,-0.015610616965106676
58.400000000000006,615.3752536355667,294.6369359702842,12.90548196849909,0.8246112396673134,-0.11796430796112922,-0.025841062817920302,20.002646768628484,85.00588278532344,617.5184430834586,296.7002193650838,20.002665303418574,85.00590327351068,1,-0.1540325115433927,-0.304938456859261,-0.0055657421703477535
58.5,616.2513325706947,295.58456477304264,12.893768943004787,0.8220271333855214,-0.11602074694812892,-0.027059546307372867,20.002655281322856,85.00589116035033,622.2432221629387,299.22321584821213,20.0026879678816,85.00594844084698,1,-0.10837437654152215,-0.2996828398241338,-0.010599643224247265
58.6,617.1290600018104,296.52906852222674,12.882277819109465,0.819321178754784,-0.11352873282771014,-0.02806203906595746,20.00266376594439,85.00589955113631,613.5992158435225,299.8565779567031,20.00269365747022,85.00586580698543,1,-0.0730019992882478,-0.3115267456161103,-0.03558056118775657
58.7,618.008555481674,297.4703540894097,12.871063196439245,0.8165149748481884,-0.11049357756102829,-0.02885278867460016,20.00267222165651,85.00590795882425,615.4961652694184,292.6943150826853,20.002629317768136,85.00588394119895,1,-0.0011933860130349527,-0.35974583973229457,-0.026493548374518783
58.800000000000004,618.8899209961471,298.40835062883014,12.86017910359726,0.8136296959807283,-0.10692138562060194,-0.029437846287576966,20.00268064782279,85.00591638438911,619.5962661010769,299.31300754926883,20.002688774494175,85.00592313681634,1,-0.06582224673678838,-0.3849546597734752,-0.03374388183447209
58.900000000000006,619.7732416296564,299.3430092425404,12.849678919315124,0.8106859113519707,-0.10281904539681364,-0.029824986578583915,20.00268904400397,85.00592482864427,624.6065900751552,302.3895548919892,20.002716411589176,85.00597103386804,1,-0.003633027337163683,-0.24715775205438925,-0.027500111797736496
59.0,620.6585864012399,300.27430249320025,12.839615294517897,0.8077034126941123,-0.09819421952697915,-0.0300236101087636,20.00269740995358,85.00593329224952,616.9914634636201,295.2992957964535,20.00265271870804,85.0058982357586,1,-0.03615776401683314,-0.3053313100682357,-0.008979510148410055
59.1,621.5460092543823,301.2022237661716,12.830040075409729,0.8047010516832359,-0.09305533416019252,-0.030044629210341726,20.0027057456122,85.00594177572056,622.293117621303,301.17851022005186,20.00270553258979,85.00594891783118,1,0.018314732813041773,-0.31437693676407624,-0.039270635698171893
59.2,622.4355501828004,302.1267864844526,12.821004227685858,0.8016965887622017,-0.087411567173179,-0.029900338657014056,20.00271405110041,85.00595027943969,627.8994467352397,302.948313679378,20.002721431004765,85.00600251249628,1,-0.06036367803843177,-0.3245379087449055,-0.04108899158981596
59.300000000000004,623.3272364736422,303.0480231819349,12.812557761975093,0.7987065548965003,-0.08127283535259267,-0.029604272555739036,20.002722326710465,85.00595880366778,618.3719590291043,302.1457294273947,20.002714221267762,85.00591143284282,1,0.06823830017999755,-0.39947232163974467,-0.03288981409007506
59.400000000000006,624.2210840491788,303.9659844424175,12.80474966061534,0.7957461276409264,-0.07464978056163751,-0.02917104904234169,20.00273057289677,85.00596734855704,620.3778764286413,298.4094988762139,20.00268065813767,85.00593060875437,1,-0.06891959070734366,-0.2796514707377045,-0.02129794301658176
59.5,625.1170988879802,304.88073771371967,12.797627805862765,0.7928290227366923,-0.06755375491008131,-0.028616204493722187,20.00273879026522,85.00597591416464,623.8462790685977,303.9036433834985,20.00273001287751,85.00596376554452,1,-0.07587684661996477,-0.3783761672277015,-0.017408656287314618
59.6,626.0152785067394,305.7923660080478,12.791238909633323,0.7899674022873201,-0.0599968049477706,-0.027956019081052486,20.002746979561522,85.00598450046681,624.4535132681732,304.8104497172827,20.002738158857404,85.00596957050404,1,-0.09049944743222231,-0.3134277791204779,-0.018581534732437153
59.7,626.915613484309,306.70096650144296,12.785628444873211,0.7871718003792149,-0.05199165490314073,-0.027207335579936827,20.002755141658625,85.00599310737351,629.3534173475699,306.2567492877997,20.0027511511875,85.00601641197781,1,0.09455957867476279,-0.39983237897327967,-0.01045048154762666
59.800000000000004,627.8180890101036,307.6066490466239,12.780840578652695,0.7844510668212211,-0.043551688989929005,-0.026387373424092794,20.002763277543355,85.00600173474314,628.543068169566,305.9162347703487,20.002748092293544,85.00600866530581,1,0.027420689640965876,-0.4092957555550829,-0.03901822936643208
59.900000000000006,628.7226864397572,308.5095346148069,12.776918107075225,0.7818123294788119,-0.034690932806311636,-0.0255135400379344,20.00277138830241,85.00601038239748,623.3978002608309,307.1804981550825,20.002759449364763,85.0059594782344,1,-0.02139696947532706,-0.280069851553617,-0.008630174654345029
60.0,629.6293848417772,309.4097536831028,12.773902392091433,0.7792609754750184,-0.025424033851546568,-0.024603241509958695,20.002779475107893,85.00601905013643,,,,,0,0.06702710099212819,-0.32473436893701,-0.02272419471042161
60.1,630.5381625198553,310.30744458483554,12.771833300304916,0.7768006513240225,-0.015766241187211705,-0.023673694672787553,20.002787539202465,85.00602773775258,,,,,0,0.04861836806867739,-0.3718148605280229,-0.011358751574738875
60.2,631.4489984964723,311.20275184059074,12.77074914385399,0.7744332818567438,-0.005733384270572017,-0.02274174263705283,20.002795581884385,85.00603644504537,,,,,0,0.12257298929820751,-0.23339861516453642,-0.030975996904684874
60.300000000000004,632.3618739444137,312.09582448797073,12.770686623450802,0.7721591075930385,0.004658149010818846,-0.021823675785240665,20.002803604492474,85.00604517183484,,,,,0,-0.04273349262617673,-0.1426992858725607,-0.01677410881514996
60.400000000000006,633.2767735538008,312.986814427918,12.771680773656154,0.7699767400145144,0.015391435073297544,-0.020935060168607807,20.002811608391283,85.00605391797464,,,,,0,0.032123429657584815,-0.16789789252173998,-0.013572352462717669
60.5,634.1936868232076,313.8758748050733,12.773764910465461,0.7678832339976537,0.02644903810904431,-0.020090575166026366,20.002819594956538,85.00606268336436,,,,,0,0.033322968911903034,-0.23949817835014003,-0.003533064791042184
60.6,635.1126092643746,314.7631584389797,12.776970581277963,0.765874176481051,0.03781303426335647,-0.01930386215903948,20.002827565561034,85.0060714679611,,,,,0,-0.03087109955707361,-0.21620261357624507,-0.030156408385117132
60.7,636.0335435109454,315.6488163220482,12.781327517318132,0.7639437902651471,0.0494650364846283,-0.018587385853684087,20.002835521561163,85.00608027179005,,,,,0,0.132481396723613,-0.16318615344750653,-0.013279860368335044
60.800000000000004,636.9565003225421,316.5329961990964,12.786863588574889,0.7620850516797787,0.06138622001286009,-0.01795230973810135,20.002843464284137,85.00608909495405,,,,,0,0.07786639222269218,-0.1434473347292012,-0.02380466264952278
60.900000000000006,637.8814994763679,317.4158412419831,12.793604761320704,0.7602898207059685,0.07355734847164896,-0.017408387007182606,20.002851395016094,85.00609793764218,,,,,0,0.14053890872097707,-0.2098928088432898,-0.007353426565099854
61.0,638.808570539399,318.297488831431,12.801575058269218,0.7585489820052502,0.08595880052821414,-0.0169638681132211,20.00285931499114,85.00610680013708,,,,,0,0.23394739724469474,-0.185455345143751,-0.004191702748659836
61.1,639.7377535151027,319.17806945657986,12.810796521426347,0.7568525951939281,0.09857059708489047,-0.016625425916643705,20.002867225381486,85.00611568282116,,,,,0,0.11090841249351005,-0.16795420816194379,0.0012462765084371736
61.2,640.6690993595272,320.0577057411925,12.821289177686197,0.7551900526022638,0.11137242896499089,-0.016398099215429056,20.002875127288675,85.00612458618156,,,,,0,0.12031477983213312,-0.15255095599146345,-0.0167483937585128
61.300000000000004,641.6026703625499,320.93651160376606,12.833071007219345,0.7535502426807209,0.12434368505500615,-0.01628525522790844,20.002883021736057,85.00613351081374,,,,,0,0.16027689354120594,-0.18564365881100242,-0.0020129903710205347
61.400000000000006,642.5385403910673,321.8145915571224,12.846157914697198,0.7519217171579301,0.13746348086478122,-0.016288571393553122,20.002890909662483,85.00614245742386,,,,,0,0.2168258485139517,-0.18524982257984005,0.002320444481217411
61.5,643.4767949919693,322.6920401513884,12.860563703392302,0.7502928600185748,0.15071068746663308,-0.016408036642366466,20.002898791917318,85.0061514268297,,,,,0,0.15237503620112558,-0.11202498399902967,-0.027840506340921133
61.6,644.417531353873,323.56894156265565,12.876300052190524,0.7486520563543381,0.16406396077358387,-0.01664197206798336,20.00290666925672,85.00616041996037,,,,,0,0.16251588091697733,-0.1238109906853831,-0.0055185228669988535
61.7,645.3608581277888,324.4453693280499,12.893376495547018,0.7469878591475397,0.1775017711170701,-0.01698707072489175,20.00291454234129,85.00616943785451,,,,,0,0.2603612346291384,-0.16515016974070973,-0.0024019581870906893
61.800000000000004,646.3068951081749,325.3213862264606,12.911800406413938,0.7452891520750505,0.19100243308324494,-0.017438456058697885,20.002922411734982,85.00617848165736,,,,,0,0.2399343992751467,-0.10920641052478051,-0.015025719922572258
61.900000000000006,647.2557727771676,326.1970443027881,12.931576982163667,0.7435453064691807,0.2045441355674349,-0.017989758272361656,20.002930277905318,85.00618755261624,,,,,0,0.13230772241719385,-0.22195823210088128,-0.025097494047612738
62.0,648.2076317161751,327.07238503226876,12.952709233527425,0.7417463306419445,0.21810497200539736,-0.01863320773312303,20.002938141224877,85.00619665207509,,,,,0,0.18683538203194194,-0.13020184942358826,-0.004203650172026396
62.1,649.1626218904465,327.9474396202392,12.975197976564747,0.7398830098686322,0.231662970739972,-0.019359744336561062,20.00294600197399,85.00620578146751,,,,,0,0.33672476393133255,-0.19407074336578037,-0.02635483261213863
62.2,650.1209018136776,328.8222294315898,12.99904182767542,0.7379470354349761,0.24519612548204783,-0.020159141567979315,20.002953860344565,85.00621494230886,,,,,0,0.2952925396359885,-0.06849821834146388,-0.01694265591308834
62.300000000000004,651.0826376011478,329.6967665431383,13.024237201661157,0.7359311212781782,0.25868242582359535,-0.021020143838999757,20.002961716445103,85.00622413618714,,,,,0,0.2505726292717329,-0.30339543571129307,-0.016421384417033044
62.400000000000006,652.0480019212871,330.5710544112077,13.050778312840139,0.7338291068942782,0.27209988776125904,-0.021930615530670158,20.00296957030665,85.00623336475299,,,,,0,0.29357940489950995,-0.29067886416577227,-0.009775235013630163
62.5,653.0171728569048,331.44508864581337,13.078657179213408,0.7316360453412112,0.28542658418913014,-0.022877700045147192,20.002977421889767,85.00624262970884,,,,,0,0.31608841782921365,-0.24826970452932784,-0.024144015640272517
62.6,653.9903326885548,332.31885788204045,13.107863629677965,0.7293482753366964,0.2986406753181914,-0.02384798705753793,20.002985271092367,85.00625193279723,,,,,0,0.3654273433321996,-0.26273445954358265,-0.02569382394581648
62.7,654.967666613627,333.19234473840703,13.138385314277047,0.7269634766309426,0.311720438981542,-0.024827686068954913,20.0029931177583,85.00626127578857,,,,,0,0.27380726923860255,-0.1986887568270871,-0.018838531281323803
62.800000000000004,655.9493614157201,334.0655268512606,13.170207717474273,0.7244807080240472,0.3246443007838806,-0.025802804292298715,20.00300096168668,85.00627066046847,,,,,0,0.31259684385035774,-0.34324702638788757,-0.010738899516101222
62.900000000000006,656.9356040996313,334.9383779735294,13.203314174433823,0.7219004275948173,0.3373908640532619,-0.026759326854440078,20.00300880264172,85.00628008862464,,,,,0,0.38103865179643137,-0.2780658736208421,0.0011151731520913956
63.0,657.9265805078837,335.8108691254473,13.237685890284926,0.7192244949093733,0.34993893955522104,-0.027683397272901332,20.00301664036309,85.00628956203364,,,,,0,0.37494721053044855,-0.2783409672405383,-0.037758209270689076
63.1,658.9224739350739,336.68296978418914,13.273301962344867,0.7164561551820832,0.36226757492788586,-0.028561496162081472,20.0030244745766,85.00629908244774,,,,,0,0.4208605340597214,-0.31387297144462906,-0.02040807598421569
63.2,659.9234637564473,337.55464909869795,13.310139405270503,0.713600005565875,0.3743560837978954,-0.029380616143587654,20.00303230500511,85.00630865158168,,,,,0,0.34288071392991554,-0.40910991378010875,-0.03524596640593057
63.300000000000004,660.9297240870005,338.42587711536885,13.348173179104446,0.7106619439515163,0.3861840745376899,-0.030128430977097727,20.003040131379542,85.00631827109997,,,,,0,0.43404050835125596,-0.30177157403428556,-0.0149403185450303
63.400000000000006,661.9414224870484,339.29662599968293,13.38737622017804,0.7076491008538065,0.39773147862434577,-0.030793456991933664,20.003047953449858,85.00632794260441,,,,,0,0.4823106595932194,-0.3207773473051172,-0.035178902465025995
63.5,662.958718729603,340.1668712383888,13.427719474829315,0.7045697551546132,0.4089785785614186,-0.03136520498447215,20.003055770995847,85.00633766762239,,,,,0,0.4633195059188828,-0.3611839478124913,-0.03311168716629539
63.6,663.9817636440863,341.03659280641904,13.469171935890325,0.7014332346561659,0.4199060353255746,-0.0318343208517225,20.00306358383762,85.00634744759579,,,,,0,0.4568616223136542,-0.38856455665370115,-0.03272702944236246
63.7,665.0106980498667,341.90577628243955,13.51170068189443,0.6982498025709937,0.4304949153002724,-0.03219271335571271,20.003071391845634,85.00635728387078,,,,,0,0.4557007351719739,-0.3936729064981967,-0.027954702742910745
63.800000000000004,666.0456517918874,342.7744138967808,13.555270918950379,0.6950305312354224,0.440726716659956,-0.03243366755537223,20.003079194950086,85.00636717768866,,,,,0,0.42898415902138093,-0.4135839402202104,-0.024201691586785153
63.900000000000006,667.0867428892731,343.64250549552236,13.599846025226421,0.6917871644798851,0.45058339516843127,-0.03255194260083638,20.003086993149598,85.00637713017763,,,,,0,0.4769834655464419,-0.38066215048075114,-0.022714928664751242
64.0,668.1340768062897,344.5100594047206,13.645387597984065,0.6885319702198014,0.4600473893561041,-0.03254385275776637,20.00309478651896,85.00638714234591,,,,,0,0.5530326820001245,-0.4125167421641958,-0.0276015282195942
64.10000000000001,669.1877458534244,345.3770931792083,13.691855503097642,0.6852775849440248,0.4691016450415564,-0.03240733071451572,20.003102575215877,85.00639721507595,,,,,0,0.49315021971155015,-0.4561427381518794,-0.040706240938921535
64.2,670.2478287246853,346.2436342210732,13.739207926992377,0.6820368518725732,0.4777296391643304,-0.03214197242071129,20.0031103594865,85.00640734912005,,,,,0,0.46323943969690995,-0.46403482451318656,-0.019864110917609396
64.3,671.3143901755309,347.1097202538559,13.787401430930508,0.6788226546305021,0.4859154028959001,-0.03174906290993176,20.003118139669706,85.00641754509725,,,,,0,0.4913030484576308,-0.44533888807771055,-0.02727864954656204
64.4,672.3874808441558,347.97539963970644,13.836391007571557,0.6756477483395089,0.4936435439969422,-0.031231582769412784,20.003125916199938,85.00642780349162,,,,,0,0.5336860588607387,-0.39102577885545725,-0.014614234869265795
64.5,673.4671372172209,348.8407315282002,13.886130139729897,0.6725245900625676,0.5008992683911728,-0.03059419513376612,20.003133689608553,85.00643812465196,,,,,0,0.5122235685321305,-0.3961827669695278,-0.032671582928565486
64.60000000000001,674.5533817395477,349.70578582724164,13.936570861249791,0.669465170549191,0.5076684009251853,-0.02984321329523146,20.003141460523537,85.00644850879284,,,,,0,0.5619335650783424,-0.3751448671519477,-0.04086596056874141
64.7,675.646223065819,350.5706429884539,13.987663819914934,0.6664808492196678,0.513937405286784,-0.02898654923762683,20.003149229667603,85.00645895599702,,,,,0,0.5700795933242355,-0.35041344935803004,-0.02432680926445758
64.8,676.7456564509602,351.4353936016521,14.039358342307148,0.663582194295905,0.5196934030538625,-0.028033643612531262,20.00315699785453,85.0064694662191,,,,,0,0.5941425620740949,-0.39494041461270024,-0.010074116729688613
64.9,677.8516642746326,352.30013779539513,14.091602500525706,0.6607788299346519,0.5249241918476244,-0.026995377882061446,20.00316476598379,85.00648003929066,,,,,0,0.626102165460876,-0.27712512604822603,-0.020385956515900937
65.0,678.9642166941428,353.16498444317165,14.144343180676673,0.6580792921464457,0.5296182625666557,-0.025883969550564892,20.00317253503341,85.00649067492641,,,,,0,0.6094111987852737,-0.34949728955374887,-0.022880667542293457
65.10000000000001,680.0832724190717,354.03005017745517,14.197526153039037,0.6554908951913891,0.533764815676081,-0.02471285159552089,20.00318030605112,85.00650137273162,,,,,0,0.5170528624686831,-0.34253270608265574,-0.028416321772095222
65.2,681.2087796000387,354.89545821662165,14.251096143811889,0.6530196100318371,0.5373537765311198,-0.02349653738383485,20.003188080143804,85.00651213221063,,,,,0,0.5221770542023062,-0.28073210143707805,-0.0009188727170266267
65.3,682.3406768232198,355.76133701250274,14.304996908345261,0.6506699562934536,0.5403758097139288,-0.02225047252157939,20.00319585846537,85.00652295277635,,,,,0,0.5665872358909376,-0.38011845074916795,-0.027546498470427186
65.4,683.4788942015264,356.62781872910074,14.359171305754675,0.6484449090412957,0.5428223323625758,-0.02099087523133575,20.003203642203065,85.00653383376067,,,,,0,0.5502635645006051,-0.3109382957906188,-0.023244817807618147
65.5,684.6233545526934,357.495037565662,14.413561374817776,0.6463458215181621,0.5446855264760675,-0.01973456697997635,20.00321143256242,85.00654477442576,,,,,0,0.5177691901280204,-0.20539175243674979,-0.00903422501913612
65.60000000000001,685.7739746539062,358.36312793984064,14.468108411049888,0.6443723648201645,0.5459583501769671,-0.018498795189603543,20.003219230750933,85.00655577397605,,,,,0,0.5538737604683175,-0.32451367073009774,-0.03205900208847144
65.7,686.9306665619847,359.2322225490315,14.52275304485317,0.6425224853012041,0.546634547916387,-0.017301049954222412,20.00322703796064,85.00656683157081,,,,,0,0.5529089012354351,-0.16538016605518252,0.00044485669959098625
65.8,688.0933389875349,360.1024503300653,14.577435320633166,0.6407923803057819,0.5467086596081483,-0.01615887675355226,20.003234855349803,85.00657794633734,,,,,0,0.543116272620088,-0.12999815241103418,-0.004916945611378704
65.9,689.2618987108425,360.97393433929085,14.6320947767748,0.6391764926304266,0.5461760286782358,-0.015089687202443466,20.003242684023856,85.00658911738452,,,,,0,0.5603865543704856,-0.209266500189226,-0.0010973764843323665
66.0,690.4362520266252,361.846789576587,14.686670526368813,0.6376675239101823,0.5450328090199452,-0.01411056989912074,20.00325052501586,85.00660034381654,,,,,0,0.6339553515358618,-0.16264665267636802,-0.0035293997796241976
66.10000000000001,691.6163062040707,362.7211207780173,14.741101338578789,0.6362564669202703,0.5432759708440571,-0.0132381034376515,20.00325837926668,85.00661162474692,,,,,0,0.5832378729065191,-0.10918987006245764,-0.0098493386122152
66.2,692.8019709478713,363.5970202026381,14.795325720537624,0.6349326565765051,0.5409033054161405,-0.012488173629598262,20.003266247605083,85.00662295931248,,,,,0,0.694493759218914,-0.17810605590671086,-0.018119660731152492
66.3,693.9931598452439,364.474565439389,14.849281999662017,0.6336838392135453,0.5379134286750631,-0.011875796936986711,20.00327413072807,85.00663434668714,,,,,0,0.5764388379760456,-0.10295828166172902,-0.008276551349236317
66.4,695.1897917832158,365.3538172600186,14.902908406272637,0.6324962595198467,0.5343057837268628,-0.011414952053950019,20.003282029181563,85.00664578609546,,,,,0,0.5498024950300002,-0.1736734246785444,-0.016167315171476366
66.5,696.3917923197853,366.23481754364184,14.95614315640739,0.6313547643144517,0.5300806422111304,-0.011118421488419775,20.003289943341763,85.00665727682583,,,,,0,0.5602872863438737,-0.16016881812074124,-0.0012568683876559399
66.60000000000001,697.5990949919867,367.11758729779336,15.008924534714863,0.6302429221656097,0.5252391045375759,-0.010997644888927497,20.003297873397386,85.00666881824287,,,,,0,0.568063703459753,-0.17502964541375413,0.00207015341655352
66.7,698.8116425434233,368.0021247997642,15.061190977314904,0.629143157676717,0.5197830989925389,-0.011062585736157957,20.00330581933296,85.00668040979924,,,,,0,0.5715457968510922,-0.11948335651545462,0.008705500575824119
66.8,700.0293880535398,368.8884038806087,15.11288115451337,0.6280368991031012,0.5137153797166594,-0.011321612875672255,20.003313780913405,85.00669205104639,,,,,0,0.6475509460096106,-0.08320373723916569,-0.002603936470143623
66.9,701.2522959508321,369.7763723725297,15.163934053258236,0.626904737815534,0.5070395235559833,-0.01178139820880893,20.003321757670086,85.00670374164426,,,,,0,0.4947735003071049,-0.15785799209941154,0.002464355357142932
67.0,702.480342892376,370.66595073843143,15.214289059224567,0.6257265979946531,0.49975992579136097,-0.012446831684863947,20.00332974888851,85.00671548136971,,,,,0,0.5727122287002477,-0.2229321531206554,-0.010418279057165369
67.10000000000001,703.7135184925507,371.55703090031926,15.263886038416508,0.6244819148261668,0.4918817947513521,-0.013320954551190207,20.003337753597798,85.00672727012345,,,,,0,0.5322693246320583,-0.22746487330663384,-0.013103725931272153
67.2,704.9518258846692,372.4494752809741,15.312665418174838,0.6231498193710477,0.48341114531636364,-0.014404911620838706,20.00334577056207,85.00673910793543,,,,,0,0.4348562581878328,-0.17084762095975467,-0.0046681927126706905
67.3,706.1952821004305,373.34311607098675,15.360568267479781,0.6217093282089639,0.4743547913222823,-0.01569792311197147,20.003353798273874,85.00675099496847,,,,,0,0.5428897304270205,-0.11892319894937295,-0.014562651839140557
67.4,707.4439182537106,374.2377547308495,15.407536376439294,0.6201395358977667,0.46472033687392056,-0.01719727640172742,20.003361834949693,85.00676293152003,,,,,0,0.5581015149141159,-0.2152814117695764,-0.009505418513450842
67.5,708.6977795172002,375.1331617354198,15.453512334854565,0.618419808257594,0.4545161665813602,-0.018898337821850568,20.00336987852767,85.0067749180219,,,,,0,0.4416573463924887,-0.2813905241707789,-0.024510259715204777
67.60000000000001,709.9569248827848,376.02907656572546,15.498439609755566,0.6165299744754089,0.44375143473027734,-0.020794584406532448,20.003377926667522,85.00678695503808,,,,,0,0.47330474133567885,-0.2539744122920937,-0.02461086123129546
67.7,711.2214266993249,376.9252079508133,15.54226262180062,0.6144505160347556,0.4324360534025562,-0.022877655286943147,20.00338597675272,85.00679904326016,,,,,0,0.37616834030217106,-0.3375454584200332,-0.011523562276760244
67.8,712.4913699845877,377.8212343601707,15.584926820436078,0.6121627505060613,0.42058067956328493,-0.02513742221422556,20.003394025894906,85.00681118350089,,,,,0,0.38764035657906815,-0.3806791465313199,-0.011270521460164598
67.9,713.7668515114826,378.7168047451953,15.626378757713278,0.6096490082846387,0.40819670113020123,-0.027562078485558056,20.003402070940556,85.00682337668539,,,,,0,0.4905981800110639,-0.4486184330499138,-0.03241864017522486
68.0,715.0479786723723,379.6115395262482,15.666566160662118,0.606892800436083,0.3952962220467171,-0.03013824534859775,20.003410108479844,85.0068356238403,,,,,0,0.4019753967463454,-0.3717403725077562,-0.01843210224353354
68.10000000000001,716.3348681290275,380.505031820011,15.705438002122621,0.6038789759012232,0.3818920463772013,-0.03285109477032816,20.003418134857682,85.00684792608087,,,,,0,0.3564518976302994,-0.6129012280920267,-0.033178451500680904
68.2,717.6276442596674,381.39684890015303,15.742944569937558,0.6005938664241903,0.36799766144658186,-0.03568448727910618,20.003426146186822,85.0068602845961,,,,,0,0.40947067966950335,-0.49188594522764706,-0.030519435517103084
68.3,718.9264374183985,382.2865338826915,15.779037534411938,0.5970254176962797,0.3536272200477697,-0.038621123425540485,20.003434138362998,85.00687270063216,,,,,0,0.3575065984762186,-0.6025914030426363,-0.01945167926763402
68.4,720.2313820261425,383.17360762587396,15.813670013947112,0.5931633053537256,0.33879552173995187,-0.04164270726043783,20.003442107082016,85.00688517547404,,,,,0,0.34525443885117507,-0.649041067676544,-0.028567834920208347
68.5,721.5426145157252,384.05757083289274,15.846796638759928,0.5889990346276819,0.3235179932646215,-0.04473012009808248,20.00345004785861,85.006897710426,,,,,0,0.3904842945483667,-0.5942133590157307,-0.031771400217860554
68.60000000000001,722.8602711570992,384.93790634424346,15.878373612600036,0.5845260226178737,0.3078106681050663,-0.047863602722000034,20.00345795604706,85.00691030679074,,,,,0,0.279724000158349,-0.7657027210749792,-0.02377569913743037
68.7,724.1844857915909,385.81408160502815,15.908358772380941,0.5797396623456736,0.2916901652173287,-0.05102294409924919,20.003465826863344,85.00692296584775,,,,,0,0.2764219045832371,-0.8156947580554138,-0.05306173750974717
68.8,725.5153875065183,386.68555129096745,15.936711645643502,0.5746373679357487,0.2751736669617788,-0.054187674599264254,20.00347365540873,85.00693568883105,,,,,0,0.3128776665692223,-0.8400930567824118,-0.05904642434918971
68.9,726.853098283439,387.55176007531117,15.963393505773297,0.5692186004758223,0.25827889626509837,-0.05733726166502666,20.00348143669463,85.00694847690676,,,,,0,0.3367493858025087,-0.8646049012116989,-0.05955848436731257
69.0,728.1977306545928,388.4121455172191,15.988367424896522,0.5634848743093196,0.24102409304434858,-0.06045130585844941,20.003489165668558,85.00696133115062,,,,,0,0.3329321081188411,-0.9586104784943323,-0.05799631639251557
69.10000000000001,729.5493854027477,389.2661410505359,16.011598324382167,0.5574397437234746,0.22342798992448287,-0.06350973519858094,20.00349683724096,85.0069742525261,,,,,0,0.22017490390640174,-1.065585316214348,-0.08205524134149988
69.2,730.908149339603,390.1131790502236,16.03305302288142,0.5510887702036165,0.20550978728277158,-0.06649299573058015,20.00350444631277,85.00698724186309,,,,,0,0.282378635628754,-1.0793706352427077,-0.06356727809754825
69.3,732.2740931971306,390.95269395207356,16.05270028183872,0.5444394706305584,0.1872891276544486,-0.06938223630524533,20.00351198780345,85.00700029983777,,,,,0,0.17808201298092816,-1.0197055514685864,-0.06982794362419445
69.4,733.6472696647446,391.7841253997446,16.070510848412308,0.5375012470000339,0.16878606953373065,-0.07215948561262674,20.00351945667922,85.00701342695382,,,,,0,0.29009653687907067,-1.1259009568967941,-0.059321887938648746
69.5,735.0277116029982,392.6069213917134,16.086457495745467,0.5302852984387713,0.1500210606065977,-0.07480781959832643,20.003526847981373,85.00702662352538,,,,,0,0.12333250933561127,-1.1508384461326817,-0.06628362580822603
69.60000000000001,736.4154304616467,393.4205413994416,16.100515060533628,0.5228045164789387,0.13101491045150127,-0.07731151749648014,20.003534156854258,85.00703988966193,,,,,0,0.2274388509910878,-1.2278263121634394,-0.07831848377417351
69.7,737.810414926459,394.2244594270271,16.112660477835767,0.5150733647292907,0.1117887627449754,-0.0796562048380018,20.00354137857277,85.00705322525526,,,,,0,0.1089644574040392,-1.2864482683163254,-0.06875659638437276
69.8,739.2126298151647,395.0181669818808,16.122872813082623,0.5071077442454904,0.09236406701065292,-0.08182898193508803,20.003548508569047,85.00706662996909,,,,,0,0.22302638975038294,-1.2054397956696894,-0.06959635133685033
69.9,740.622015238491,395.80117592562516,16.131133291237898,0.4989248460519816,0.07276254994964759,-0.0838185365016519,20.003555542458066,85.00708010323086,,,,,0,0.1323285863922718,-1.3314975774371898,-0.086503994399566
70.0,742.0384860374786,396.5730211745011,16.137425323072552,0.4905429924018164,0.05300618639154209,-0.08561523924256709,20.003562476061905,85.0070936442265,,,,,0,0.03220535992113099,-1.3737780237702735,-0.08554548179639127
70.10000000000001,743.4619315032813,397.3332632191573,16.141734528516206,0.48198146847755974,0.033117169905700905,-0.08721122143043523,20.00356930543239,85.00710725189766,,,,,0,0.03700524592857556,-1.322933265919962,-0.10446485330141506
70.2,744.8922153805759,398.0814904348092,16.144048757053692,0.4732603463345162,0.013117883112681028,-0.08860043368502019,20.003576026871826,85.0071209249418,,,,,0,0.0821769433738681,-1.4364877392504376,-0.09450703342871303
70.3,746.3291761506613,398.8173211544294,16.144358105138743,0.4644003029660142,-0.006969132263279221,-0.08977868537538575,20.003582636951645,85.00713466181483,,,,,0,0.07566308861749885,-1.44915561409751,-0.09220338097962152
70.4,747.7726275854445,399.5404054798657,16.142654930601037,0.45542243442847563,-0.02712120556047637,-0.0907436642758406,20.00358913252866,85.00714846073649,,,,,0,-0.0006569851466995008,-1.4343313253423586,-0.08500200250978038
70.5,749.2223595589015,400.2504268085742,16.138933864026647,0.44634806800089155,-0.047315567523362745,-0.0914949363217891,20.003595510758775,85.00716231969804,,,,,0,-0.015082653475189426,-1.4466172209862747,-0.09594876311538725
70.60000000000001,750.6781390983925,400.9471030569663,16.133191817096364,0.4371985743687126,-0.06752938078156134,-0.09203392552810592,20.003601769107995,85.00717623647233,,,,,0,0.00038827085064193495,-1.441820406830134,-0.092168445398597
70.7,752.139711654492,401.6301875651563,16.125427987870335,0.427995181815902,-0.08773977042389802,-0.09236387434834144,20.003607905360536,85.00719020862596,,,,,0,-0.051149849073357026,-1.3548235500151096,-0.09961718116416743
70.8,753.606802564849,402.2994696720946,16.115643863011584,0.4187587943810679,-0.10792385462483622,-0.09248978496558935,20.003613917623998,85.00720423353324,,,,,0,-0.14259909759175501,-1.4437200231543426,-0.08577864598027664
70.9,755.0791186850903,402.9547749545941,16.103843216945368,0.40950981588450897,-0.12805877528174747,-0.09241834221283628,20.003619804331507,85.00721830839181,,,,,0,-0.1387074765137565,-1.5771931915030593,-0.0831611962669872
71.0,756.5563501579544,403.5959651285202,16.090032107955235,0.40026798166322536,-0.14812172862171735,-0.09215781901985244,20.00362556424084,85.00723243023954,,,,,0,-0.1063657314641341,-1.4365073198569753,-0.08313416553565421
71.10000000000001,758.0381722907237,404.2229376153052,16.074218871221024,0.3910521997612401,-0.16808999573552086,-0.09171796547295356,20.003631196430515,85.00724659597248,,,,,0,-0.07731587491063618,-1.4424006517108685,-0.08659435415390096
71.2,759.5242475105994,404.83562478186786,16.05641410880813,0.3818804032139448,-0.18794097299753787,-0.09110988275122195,20.003636700292976,85.00726080236352,,,,,0,-0.07714185178943547,-1.4307255056410018,-0.10152061271623589
71.3,761.0142273679157,405.4339928668514,16.036630676621517,0.3727694149388226,-0.20765220233007753,-0.09034588336607921,20.00364207552494,85.00727504608162,,,,,0,-0.138675731291505,-1.406546199225127,-0.09154542000500772
71.4,762.5077545579749,406.0180406107369,16.014883668342115,0.3637348266022147,-0.2272014012707757,-0.08943933927865871,20.00364732211509,85.00728932371105,,,,,0,-0.1828368632189575,-1.403794528304841,-0.08851240600184355
71.5,764.0044649337369,406.5877976117395,15.991190396367362,0.3547908926743488,-0.2465664928021738,-0.08840451959964067,20.00365244032931,85.0073036317707,,,,,0,-0.17912579850304994,-1.3863241094700136,-0.08743747272884692
71.60000000000001,765.5039894835494,407.1433224333617,15.96557036978168,0.34595044071438474,-0.26572563490255163,-0.08725641968764097,20.00365743069369,85.00731796673291,,,,,0,-0.2690631774128944,-1.3324462982496963,-0.0815066075077426
71.7,767.0059562504549,407.6847004929798,15.938045269386851,0.33722479874562067,-0.28465724977817963,-0.08601058355371269,20.003662293975545,85.00733232504193,,,,,0,-0.2623187977910903,-1.367944614185178,-0.0667551698300025
71.8,768.5099921722889,408.2120417638123,15.908638919826044,0.3286237403902494,-0.30334005273691567,-0.08468292154996662,20.00366703116278,85.00734670313139,,,,,0,-0.31454658880388947,-1.3645743383963334,-0.07156195942312062
71.9,770.0157248246699,408.7254783250036,15.877377258839468,0.3201554482352527,-0.3217530806634006,-0.0832895253690623,20.003671643441884,85.00736109744103,,,,,0,-0.35419021119878613,-1.141230143363163,-0.08816470316754924
72.0,771.5227840519995,409.22516179632896,15.844288303693364,0.3118264956983465,-0.3398757200578295,-0.08184648240775157,20.003676132174878,85.0073755044323,,,,,0,-0.29319826947601924,-1.3025921361006445,-0.07006245365478522
72.10000000000001,773.0308034746419,409.7112606951539,15.809402114827902,0.30364184745757133,-0.3576877345994234,-0.08036969155155804,20.003680498875582,85.00738992060272,,,,,0,-0.31841206927018617,-1.2355896259602641,-0.06896666787490068
72.2,774.5394218634533,410.18395775376894,15.77275075677348,0.29560487830241555,-0.37516929219733264,-0.07887468241897098,20.00368474518551,85.00740434249906,,,,,0,-0.310786667971882,-1.2888537193578606,-0.08193535714848663
72.3,776.0482843757201,410.643447235073,15.734368256388436,0.28771741006051843,-0.3923009914920428,-0.07737644006245215,20.003688872849747,85.00741876672913,,,,,0,-0.3349953999474204,-1.1816459815584184,-0.06388778083609775
72.4,777.5570436492698,411.0899322838194,15.694290558475071,0.2799797660542732,-0.40906388777090186,-0.07588923706054986,20.003692883693184,85.00743318997228,,,,,0,-0.36693167420470874,-1.2076890142237309,-0.07249300342000248
72.5,779.0653607540049,411.52362234930587,15.652555478834255,0.27239084234821825,-0.4254395182632287,-0.07442647485118595,20.003696779597327,85.00744760898844,,,,,0,-0.36760868497935095,-1.1570881738447512,-0.0835260097513304
72.60000000000001,780.5729060023372,411.9447307135197,15.609202654822425,0.2649481948630997,-0.44140992677937696,-0.07300053605165771,20.003700562478123,85.00746202062591,,,,,0,-0.4135440815907508,-1.0572269278524395,-0.06344850880528628
72.7,782.0793596219556,412.3534721564044,15.56427349347838,0.2576481412579339,-0.4569576876612125,-0.07162264938723364,20.00370423426498,85.00747642182776,,,,,0,-0.4063131179000924,-1.0611540249715123,-0.0644530311510884
72.8,783.5844122960398,412.75006078714193,15.517811117290183,0.25048587631921054,-0.4720659290109097,-0.07030276870877344,20.00370779688126,85.00749080963703,,,,,0,-0.47837314914522766,-1.032524609616544,-0.06757954500063172
72.9,785.0877655774253,413.1347080672131,15.469860307676198,0.2434555994483332,-0.4867183551659604,-0.06904946742214413,20.00371125222657,85.00750518120067,,,,,0,-0.4382330588840039,-1.1267458572596014,-0.06442399827197712
73.0,786.5891321843771,413.507621047572,15.42046744625699,0.23655065270611877,-0.5008992683911639,-0.06786984948004557,20.00371460216087,85.00751953377235,,,,,0,-0.43747838412686346,-0.9247400459979539,-0.07006070426893019
73.10000000000001,788.0882361865199,413.8690008386095,15.369680453997965,0.22976366775811422,-0.5145935897561849,-0.06676947790211242,20.003717848490766,85.00753386471429,,,,,0,-0.518077661159795,-1.0558196049828399,-0.05566817286414133
73.2,789.5848130901696,414.2190413277564,15.317548728305754,0.22308671996790297,-0.5277868791717566,-0.06575232159386438,20.00372099295798,85.00754817149797,,,,,0,-0.49519527422211423,-0.9007363492985551,-0.061186827938953636
73.3,791.07860983281,414.55792815564644,15.264123078163614,0.21651148780851653,-0.5404653545569271,-0.06482072103133898,20.00372403723015,85.00756245170425,,,,,0,-0.5416454800383951,-0.9083542705385925,-0.058156232591856705
73.4,792.5693846968022,414.88583795779044,15.209455657394368,0.21002941570538264,-0.5526159101098571,-0.06397537316836542,20.003726982894023,85.00757670302234,,,,,0,-0.5489412449356629,-0.9141639642802774,-0.055403953924076696
73.5,794.0569071526338,415.2029378747554,15.153599896141642,0.2036318783885461,-0.5642261336595666,-0.06321533570966438,20.003729831451043,85.00759092324849,,,,,0,-0.5904726014146744,-0.9706891436899483,-0.06976119185392764
73.60000000000001,795.5409576421129,415.5093853299582,15.096610430662455,0.19731034481757967,-0.5752843230736016,-0.06253805067768396,20.00373258431537,85.00760511028378,,,,,0,-0.4819955768152737,-0.9065330959330448,-0.06648088089650449
73.7,797.021327311932,415.80532807041845,15.038543031526922,0.19105653974981127,-0.5857795016990774,-0.061939386986655305,20.00373524281424,85.00761926213164,,,,,0,-0.502495242963075,-0.9250242070774575,-0.0790388315828174
73.8,798.4978177079594,416.090904462212,14.97945453032264,0.18486260105114574,-0.5957014328168331,-0.061413701526118934,20.003737808190614,85.00763337689492,,,,,0,-0.5388297401054662,-0.8884917709740401,-0.05076627894121487
73.9,799.970240440477,416.3662440289753,14.919402744963556,0.17872123089853384,-0.6050406330886737,-0.06095391805047885,20.003740281608028,85.00764745277267,,,,,0,-0.476430835491483,-0.8918896652328757,-0.06807601828794652
74.0,801.438416830381,416.6314682186579,14.858446403704905,0.17262583909348594,-0.6137883849796744,-0.060551622973224084,20.00374266415746,85.00766148805678,,,,,0,-0.5932506698080939,-0.9716335699336172,-0.05422592587426756
74.10000000000001,802.9021775460725,416.8866913808435,14.79664506796762,0.16657067679616352,-0.6219367481379301,-0.060197176976508705,20.003744956866136,85.00767548112849,,,,,0,-0.4403486273823983,-0.804627054265802,-0.05148729472711318
74.2,804.3613622404046,417.1320219343854,14.734059054077319,0.16055095909851266,-0.6294785697171523,-0.05987984117084931,20.003747160707995,85.00768943045495,,,,,0,-0.6108550404853134,-0.8563284737875321,-0.04885631278192411
74.3,805.8158191965905,417.36756370285275,14.67074935402419,0.15456297498142774,-0.6364074936278019,-0.059587916377744396,20.0037492766157,85.00770333458577,,,,,0,-0.5936478260400011,-0.8684394056815529,-0.066628085516105
74.4,807.265404991417,417.59341739337697,14.606777555351758,0.1486041833436533,-0.6427179687035522,-0.05930889396178538,20.00375130549392,85.0077171921499,,,,,0,-0.6326068644005627,-0.8643281827952325,-0.054960510143192295
74.5,808.7099841834256,417.80968219294175,14.54220576028348,0.14267329394747477,-0.6484052557730546,-0.05902961650996137,20.00375324823367,85.00773100185255,,,,,0,-0.5997889777700394,-0.8104978504201467,-0.03732681230208389
74.60000000000001,810.1494290329259,418.01645745498035,14.477096504197148,0.13677033229647864,-0.65346543362657,-0.05873644654574623,20.003755105727453,85.00774476247257,,,,,0,-0.5816846872322576,-0.865021021871109,-0.03659329974590307
74.7,811.583619259768,418.2138444483432,14.411512673558166,0.130896687641904,-0.6578954038699347,-0.0584154413754322,20.00375687888498,85.00775847286012,,,,,0,-0.6335912235225889,-0.9246136516372373,-0.043542210435162695
74.8,813.0124418437449,418.40194814027626,14.34551742342316,0.12505514350436078,-0.6616928946590672,-0.058052532094999464,20.003758568649197,85.00777213193477,,,,,0,-0.5428569023031862,-0.7824371204822331,-0.04967760070681107
74.9,814.435790871307,418.5808789850054,14.279174094626352,0.11924989029486084,-0.6648564633095155,-0.057633704738400744,20.003760176012324,85.00778573868402,,,,,0,-0.6228989990778425,-0.7670065537800749,-0.06268476862685451
75.0,815.8535674309768,418.7507546898526,14.212546130761258,0.11348651982102076,-0.6673854977785698,-0.05714518152295438,20.003761702031746,85.0077992921623,,,,,0,-0.6238612284730598,-0.7921601197795965,-0.044958965269043846
75.10000000000001,817.2656795584637,418.9117019315024,14.145696995070638,0.10777200166872532,-0.6692802170170964,-0.056573600144902356,20.003763147845415,85.00781279149048,,,,,0,-0.6847301017427823,-0.8276681493295734,-0.053153812432370766
75.2,818.6720422310253,419.06385799608415,14.078690087357838,0.10211464165423509,-0.6705416701912803,-0.05590618909813802,20.0037645146866,85.00782623585575,,,,,0,-0.619616716463761,-0.7526391332334443,-0.04530090634540958
75.3,820.072577409138,419.2073723181131,14.011588661032382,0.09652402274442129,-0.6711717347748358,-0.05513093703137238,20.00376580389769,85.00783962451209,,,,,0,-0.6478730958153041,-0.815698630596547,-0.05645937157989355
75.4,821.4672141220591,419.3424078950266,13.944455740402871,0.09101092904128405,-0.6711731135143584,-0.054236754223206,20.003767016942916,85.00785295678104,,,,,0,-0.6715850999812227,-0.7776635486029875,-0.050966085351605295
75.5,822.8558885924305,419.46914255602877,13.87735403832951,0.08558725361896345,-0.6705493302733512,-0.053213624339936885,20.003768155419746,85.0078662320529,,,,,0,-0.6793730506807694,-0.7459992014531807,-0.04657215073917264
75.60000000000001,824.2385443937362,419.58777006618885,13.8103458743482,0.08026589118496977,-0.6693047247583728,-0.052052744746564725,20.0037692210688,85.00787944978828,,,,,0,-0.5057165557705385,-0.6466694551146424,-0.044589963831626146
75.7,825.6151326332233,419.69850104919266,13.743493093377836,0.07506061671031329,-0.6674444461363382,-0.05074665376619908,20.003770215782147,85.00789260951974,,,,,0,-0.65061830864529,-0.6855668330696392,-0.0408094266215966
75.8,826.9856121518733,419.8015637147811,13.676856985120933,0.06998595133369338,-0.664974445551989,-0.04928934342554136,20.00377114160982,85.00790571085385,,,,,0,-0.7078237165910524,-0.6665166215104629,-0.050081293270790354
75.9,828.3499497322146,419.8972043796839,13.610498204267438,0.06505701699113925,-0.6619014675531965,-0.04767635638277458,20.003772000764535,85.00791875347305,,,,,0,-0.6668125405398251,-0.5211643371632054,-0.05610920090387661
76.0,829.7081203042201,419.9856877737292,13.544476691610294,0.06028938135286179,-0.6582330404395531,-0.04590486590729213,20.003772795624386,85.00793173713767,,,,,0,-0.6308114324133638,-0.5741342614533785,-0.02465701550829419
76.10000000000001,831.060107139275,420.0672971257298,13.478851596179528,0.05569889476213258,-0.6539774655447239,-0.04397373796633091,20.003773528733667,85.00794466168779,,,,,0,-0.5966441139138996,-0.5457657626537183,-0.014081196276097333
76.2,832.4059020222402,420.14233402667327,13.413681198501349,0.05130152096549949,-0.6491438054681886,-0.04188357466974509,20.00377420280162,85.00795752704488,,,,,0,-0.5914039793819229,-0.5502979553340258,-0.03240936755772131
76.3,833.745505391991,420.2111180706271,13.34902283508589,0.04711316349852498,-0.6437418712732601,-0.03963673852865604,20.0037748206992,85.00797033321314,,,,,0,-0.5799111436844337,-0.528930311109197,-0.04787665947595715
76.4,835.0789264414716,420.2739862765697,13.284932824246697,0.04314948964565937,-0.6377822086666018,-0.037237357194371205,20.0037753854539,85.00798308028045,,,,,0,-0.6400252239984683,-0.5740161108805585,-0.03996930836279998
76.5,836.4061831692625,420.331292297033,13.22146639335257,0.03942575392622225,-0.6312760831815201,-0.034691308558409066,20.00377590024264,85.00799576841888,,,,,0,-0.5842540610064427,-0.3802329436502519,-0.024600132867899374
76.60000000000001,837.7273023758886,420.38340542195374,13.158677607610393,0.03595662307038135,-0.624235464382572,-0.03200618631037042,20.00377636838281,85.00800839788461,,,,,0,-0.638038437588101,-0.3687436018194586,-0.013595030193557563
76.7,839.0423195995644,420.4307093884514,13.096619300476055,0.0327560044393443,-0.6166730091139438,-0.029191246265431445,20.003776793321567,85.0080209690174,,,,,0,-0.6176551582646445,-0.3612649389054697,-0.036320152610850004
76.80000000000001,840.3512789877323,420.4736010093501,13.035343005787604,0.029836879812801156,-0.6086020438151962,-0.026257333984945,20.003777178623555,85.00803348223926,,,,,0,-0.6244874925402092,-0.31913469000309475,-0.022500662193434013
76.9,841.6542331025602,420.51248863512626,12.974898891713016,0.027211146414306657,-0.6000365459277202,-0.023216794419824445,20.00377752795704,85.00804593805267,,,,,0,-0.6294559886576336,-0.23442834707385632,-0.016257473775384754
77.0,842.9512426604542,420.5477904655758,12.91533569660206,0.024889466972324213,-0.5909911244180144,-0.02008336450467061,20.00377784507878,85.00805833703808,,,,,0,-0.507780649975114,-0.30711889814903576,-0.006437579991811862
77.10000000000001,844.2423762075634,420.5799327288503,12.856700666829413,0.02288113052185715,-0.5814809994434977,-0.016872049818913437,20.003778133817644,85.00807067985076,,,,,0,-0.5170504143945533,-0.21641296073529373,-0.01530806076291723
77.2,845.527709735133,420.60934774661087,12.79903949671336,0.021193925539965807,-0.5715219811899352,-0.01359898660741481,20.003778398057243,85.00808296721716,,,,,0,-0.4926887126910287,-0.2008691098482047,-0.024237133520634054
77.30000000000001,846.8073262403492,420.636471904896,12.742396270591426,0.019834026879224326,-0.5611304479085355,-0.01028129061516887,20.0037786417177,85.0080951999307,,,,,0,-0.5291647946073207,-0.01243281506725713,0.0009306849793601548
77.4,848.081315239939,420.6617435509039,12.686813407131654,0.01880589781770744,-0.5503233231829352,-0.006936894337100697,20.003778868736763,85.00810737884713,,,,,0,-0.48148293823967786,-0.014224307487119725,0.009311065314611684
77.5,849.3497722452053,420.6856008362675,12.632331605954839,0.01811220838399737,-0.5391180524574235,-0.0035843744129132825,20.003779083050404,85.00811950487952,,,,,0,-0.5971825226895507,-0.1254136382405885,0.0005897109696351107
77.60000000000001,850.6127982083243,420.70847952756145,12.578989796640169,0.01775377094270604,-0.5275325788580787,-0.0002427710070663947,20.003779288573185,85.00813157899292,,,,,0,-0.4543782029558109,-0.04874189535280702,0.008809629905997918
77.7,851.8704989505912,420.73081080474935,12.526825090183223,0.0177294938419994,-0.5155853183406478,0.003068598895950261,20.00377948917846,85.00814360219896,,,,,0,-0.47672932684039626,0.06182251797362395,0.0033236866016795544
77.80000000000001,853.1229845838186,420.7530190680641,12.47587273297204,0.018036353731594425,-0.503295134197943,0.006330332281843581,20.003779688678684,85.00815557555028,,,,,0,-0.4419396541904847,0.08535440930208377,0.0028726043345846386
77.9,854.3703689362741,420.77551977343904,12.426166063343635,0.018669386959778784,-0.49068131096307255,0.009523132935774427,20.00377989080596,85.00816750013502,,,,,0,-0.44168014601064187,0.08211692089938578,0.024787389741246613
78.0,855.6127689943686,420.79871731608205,12.377736470779425,0.019621700253356227,-0.47776352774326014,0.012628004239266091,20.00378009919303,85.00817937707154,,,,,0,-0.49711628547010445,0.28354422050804556,0.0215029627174107
78.10000000000001,856.8503043707818,420.8230029811213,12.330613357794983,0.020884500677282838,-0.46456183102008275,0.015626439861023758,20.00378031735487,85.00819120750332,,,,,0,-0.5094638197896351,0.23831058378424846,0.025530125855042586
78.2,858.0830968088587,420.8487529794649,12.284824104575408,0.022447144663385214,-0.45109660695568543,0.01850061028825075,20.003780548671042,85.00820299259415,,,,,0,-0.45669931526483354,0.2810175593616132,0.03852176176819688
78.30000000000001,859.3112697319523,420.87632658610744,12.240394036403845,0.024297205692210288,-0.4373885532400923,0.021233543187756852,20.003780796368964,85.00821473352393,,,,,0,-0.37914268917644667,0.25530618794553184,0.015685119844571122
78.4,860.5349478449631,420.9060643970979,12.19734639392739,0.02642056001098597,-0.42345865051967024,0.023809295650798496,20.003781063508264,85.00822643148481,,,,,0,-0.35895407976090044,0.3565239338071183,0.023289032969204274
78.5,861.7542567936816,420.9382867202529,12.155702306299911,0.02880148957606582,-0.4093281334459409,0.02621311646155506,20.003781352966318,85.00823808767792,,,,,0,-0.447725247315034,0.32961720217793244,0.03279244994990202
78.60000000000001,862.9693228857276,420.9732921134648,12.115480767238202,0.031422801222221325,-0.3950184613827723,0.028431596635343725,20.003781667425116,85.00824970331071,,,,,0,-0.414073429756183,0.36029530353200623,0.027788464257731304
78.7,864.1802728749623,421.0113560831166,12.076698614023357,0.034265960885755696,-0.3805512888143081,0.030452806598095156,20.003782009359572,85.0082612795949,,,,,0,-0.38671307311135006,0.42831946522760017,0.043284171950819655
78.80000000000001,865.3872338092822,421.0527299536775,12.03937050947534,0.03731124154556521,-0.36594843549214495,0.032266418521814125,20.003782381027378,85.00827281774505,,,,,0,-0.3538136885054857,0.33701748934490294,0.03539242631277428
78.9,866.590332939756,421.09763991802305,12.003508926924928,0.040537883397746624,-0.3512318563631389,0.03386381249015393,20.00378278446045,85.00828431897762,,,,,0,-0.3893343979057715,0.5163359685178238,0.02893848441518203
79.0,867.7896976871968,421.14628627640366,11.969124138202712,0.043924264646762017,-0.33642361131984266,0.03523816534217733,20.00378322145812,85.00829578451071,,,,,0,-0.3775261996268493,0.46088943611922667,0.04089588209405395
79.10000000000001,868.9854556605326,421.1988428702904,11.93622420466096,0.04744808118097975,-0.3215458348132749,0.0363845212288823,20.00378369358204,85.00830721556422,,,,,0,-0.3326375996336526,0.5283410134062065,0.04308790893695018
79.2,870.177734719798,421.25545671556443,11.904814971240057,0.051086533303867976,-0.3066207053711434,0.03729984311414972,20.003784202152865,85.00831861336046,,,,,0,-0.2723080135598931,0.42027674289929395,0.05164666374311302
79.30000000000001,871.3666630752775,421.3162478377064,11.87490006358673,0.054816517615282945,-0.2916704150622884,0.03798304465726157,20.003784748248805,85.00832997912507,,,,,0,-0.32070013204996295,0.4348866032143234,0.04691445368873581
79.4,872.5523694133103,421.38130930979776,11.8464808882276,0.0586148220810091,-0.27671713894901195,0.03843500212578023,20.003785332705952,85.00834131408826,,,,,0,-0.2525073144476003,0.42722450704205206,0.04804646603937858
79.5,873.7349830385565,421.450707492293,11.819556635796928,0.062458322293587124,-0.2617830045699421,0.03865854620309196,20.00378595612043,85.00835261948612,,,,,0,-0.1788553637628513,0.4994417599382597,0.04686146304316421
79.60000000000001,874.9146340221465,421.5244824716769,11.794124287313611,0.06632417691389632,-0.24689006149394288,0.03865843377191582,20.00378661885235,85.0083638965621,,,,,0,-0.2819790483646184,0.4892415377547694,0.04177620855899652
79.7,876.091453345085,421.6026486933113,11.77017862349814,0.0701900202910879,-0.23206025098763128,0.03844129997121736,20.003787321031464,85.00837514656834,,,,,0,-0.21238253890815825,0.45924037621914315,0.03627910882010471
79.80000000000001,877.2655730265637,421.6851957820238,11.747712237116085,0.07403415028820963,-0.21731537583759675,0.03801559103686979,20.003788062564578,85.00838637076689,,,,,0,-0.1360775391500581,0.4258927643807719,0.04590397455346355
79.9,878.4371262274401,421.77208954231355,11.72671554833062,0.07783570939189662,-0.20267707036848215,0.03739147864375384,20.00378884314451,85.00839757043073,,,,,0,-0.1935904898866726,0.4051494205002384,0.039060230984917434
80.0,879.6062473200258,421.8632731284783,11.707176823042388,0.081574857256272,-0.18816677069794174,0.036580756666518006,20.0037896622606,85.00840874684441,,,,,0,-0.18685025524086268,0.4558331915920802,0.05847898287092816
80.10000000000001,880.7730719164781,421.9586683735053,11.689082194191032,0.0852329329229238,-0.17380568526940365,0.03559672146575191,20.003790519210668,85.00841990130434,,,,,0,-0.08563089455407996,0.42281366407746834,0.054018544413484096
80.2,881.9377368494477,422.05817726424686,11.672415685988508,0.088792605069499,-0.15961476570262256,0.03445403698378782,20.00379141311424,85.0084310351186,,,,,0,-0.14492486965119997,0.39788149211728,0.045782428307303905
80.30000000000001,883.1003801001643,422.16168354921615,11.657159241050508,0.09223800876787779,-0.14561467800182193,0.033168586097806575,20.003792342927017,85.00844214960624,,,,,0,-0.06038992674154353,0.49400596424920584,0.041953255490736426
80.4,884.2611406707833,422.26905446431095,11.643292750388143,0.09555486737765845,-0.13182577416110952,0.031757309825592675,20.00379330745636,85.00845324609608,,,,,0,-0.08037750460474959,0.39564337135451666,0.035877719315780904
80.5,885.4201583995131,422.380142560895,11.630794086218286,0.09873059836021772,-0.11826806420547342,0.030238036109550222,20.00379430537771,85.00846432592492,,,,,0,-0.10541029685096526,0.4451945182581579,0.022626798796078873
80.60000000000001,886.5775737187458,422.49478761994817,11.619639137547049,0.10175440197117275,-0.10496118870617188,0.028629300016046806,20.003795335251798,85.00847539043525,,,,,0,-0.05097666217629536,0.335999525812899,0.03146757778282715
80.7,887.7335273580641,422.612818635427,11.609801848477051,0.10461733197277742,-0.0919243918075896,0.026950157278565604,20.00379639554245,85.00848644097242,,,,,0,-0.04590191611528771,0.355124799979371,0.032964157612618165
80.80000000000001,888.8881599955371,422.73405584956123,11.60125425918553,0.10731234770063398,-0.07917649480240208,0.025219993183515484,20.003797484634877,85.00849747888122,,,,,0,0.0018676462477216285,0.3198097525240723,0.03251455792796211
80.9,890.0416118621233,422.85831282253065,11.593966549516571,0.10983434701898553,-0.06673587029178307,0.023458328846163574,20.003798600854253,85.00850850550225,,,,,0,-0.064153147185034,0.21709396447407403,0.03315369251632184
81.0,891.194022305199,422.98539851882686,11.587907085127174,0.11218017990360189,-0.054620416965249774,0.021684626950390154,20.00379974248449,85.00851952216762,,,,,0,-0.02256011362616879,0.3526963575899614,0.035897928929167
81.10000000000001,892.3455293182243,423.1151193925866,11.583042466123521,0.11434864259864091,-0.04284753503474903,0.019918099029644823,20.003800907786925,85.00853053019648,,,,,0,-0.0159233190149809,0.2539545065532089,0.017996558312716154
81.2,893.4962690442991,423.24728145428907,11.579337578120224,0.1163404525016054,-0.031434102357046356,0.018177516347498965,20.003802095018923,85.00854153089034,,,,,0,0.03377330472494288,0.27780450910113746,0.016346760275408854
81.30000000000001,894.6463752618513,423.3816923014275,11.576755645652112,0.11815820413635529,-0.020396451276534222,0.016481026394776103,20.00380330245211,85.00855252552806,,,,,0,-0.04165541099874301,0.18319537923878773,0.035989593192207694
81.4,895.7959788609206,423.5181630960984,11.575258287864918,0.1198063067758329,-0.009750346220167572,0.014845976956874774,20.003804528390116,85.00856351536092,,,,,0,0.07109850619172522,0.1936037987325281,0.02755579284880626
81.5,896.9452073184709,423.6565104728877,11.574805576408078,0.12129090447152038,0.0004890379246980103,0.013288749620248603,20.003805771185746,85.00857450160754,,,,,0,0.053805476533218835,0.14047207521177654,0.01438104019891539
81.60000000000001,898.094184180882,423.7965583609846,11.575356095449857,0.12261977943354524,0.010307136619998047,0.011824604482023875,20.00380702925733,85.00858548544899,,,,,0,-0.02553911706164927,0.22867393170544845,0.01575249279250151
81.7,899.243028561275,423.9381397051095,11.576867003732078,0.12380223988174763,0.019690015645847936,0.010467537702570815,20.003808301104183,85.00859646802397,,,,,0,0.11010315691987296,0.1667517592117473,0.01444039823582183
81.80000000000001,900.3918546586252,424.0810980706151,11.579294098579027,0.1248489936520047,0.02862439020152152,0.009230153398842212,20.00380958532103,85.00860745042417,,,,,0,0.1703290442414081,0.1552313371142372,0.014545894621656041
81.9,901.5407713047654,424.2252891190058,11.582591881772382,0.12577200899188892,0.037097643111971834,0.008123551218061822,20.003810880611255,85.00861843368997,,,,,0,0.11718934158944222,0.19200098574473395,0.017850382140447953
82.0,902.6898815444014,424.37058194112944,11.586713627201421,0.1265843641136951,0.04509784211548684,0.00715723075854038,20.003812185798886,85.00862941880648,,,,,0,0.14644708047681032,0.17074584800795614,0.03750715821953869
82.10000000000001,903.8392822522111,424.51686023642407,11.59161145019548,0.12730008718954916,0.05261375620845499,0.006339013819014297,20.00381349983917,85.00864040669975,,,,,0,0.08688232528858439,0.14174651197424776,0.01323657943064082
82.2,904.9890637900008,424.66402332785964,11.597236378443112,0.12793398857145058,0.05963487102518705,0.005674985261873301,20.00381482182771,85.00865139823364,,,,,0,0.006559625038261546,0.024727778174252424,0.01730096676612581
82.30000000000001,906.139309705811,424.8119870035945,11.603538424400517,0.12850148709763792,0.06615140323188662,0.005169453071205865,20.003816151008024,85.00866239420684,,,,,0,0.003945380673510371,0.05519999136903833,-0.006695313990695562
82.4,907.2900964758201,424.9606841778701,11.61046665908949,0.12901843240475852,0.07215431391452753,0.004824927975918353,20.003817486777468,85.00867339535041,,,,,0,0.11490841610791545,0.03582525859634053,0.004975928048130004
82.5,908.4414932889403,425.11006536528964,11.617969287183422,0.12950092520235035,0.07763532094303471,0.0046421227936297785,20.003818828691507,85.00868440232581,,,,,0,0.07803638055653571,0.12030872472501483,0.02193027282079583
82.60000000000001,909.5935618731534,425.2600989643554,11.625993723278096,0.12996513748171332,0.08258691029454646,0.004619971434937474,20.00382017646626,85.00869541572311,,,,,0,0.06685809637817888,0.09224435599180975,0.013643125348503631
82.7,910.7463563619297,425.41077134796996,11.634486669242332,0.13042713462520705,0.08700234632025072,0.004755667292360604,20.00382152997931,85.00870643605982,,,,,0,0.11386501212181696,0.015804126034791477,-0.03413547855628776
82.80000000000001,911.8999231985256,425.5620867605154,11.643394192542146,0.13090270135444312,0.09087568094167331,0.005044720526162361,20.003822889268786,85.00871746377993,,,,,0,0.15165494533473772,0.07930045902675562,0.016784952549324328
82.9,913.0543010755716,425.7140670231024,11.652661805430666,0.13140717340705935,0.09420176176450745,0.005481033552652181,20.003824254530716,85.00872849925331,,,,,0,0.051563884426400086,0.019163013547335087,0.02966267749893987
83.0,914.2095209071471,425.8667510505983,11.662234544895048,0.13195527676232457,0.09697623909803887,0.006056993841725642,20.003825626114672,85.0087395427755,,,,,0,0.10453235808401963,0.09798025841570136,-0.00890208201947229
83.10000000000001,915.3656058304869,426.02019418608427,11.672057053250274,0.13256097614649714,0.09919557187096473,0.0067635829415029335,20.00382700451781,85.00875059456769,,,,,0,0.20468910602698048,0.02617630077825331,0.026957459697958056
83.2,916.5225712345599,426.17446736042587,11.682073659269241,0.13323733444064745,0.10085703243579047,0.007590500471048811,20.003828390377315,85.00876165477699,,,,,0,0.07709261342472173,0.1451141602827407,-0.015129055835210469
83.30000000000001,917.6804248129803,426.3296560866433,11.692228459737432,0.13399638448775233,0.1019587102546815,0.00852630165920366,20.00382978446136,85.00877272347694,,,,,0,0.17544676961292932,0.1485895982177512,0.022906291109737794
83.4,918.8391666390407,426.48585930071107,11.702465401320177,0.1348490146536727,0.10249951446232863,0.009558546860355711,20.003831187658708,85.00878380066824,,,,,0,0.10826297638487893,0.2372559885875544,0.014472060600233311
83.5,919.9987892610502,426.64318806227345,11.712728362629898,0.13580486933970826,0.10247917530184836,0.010673961348102784,20.00383260096702,85.00879488627966,,,,,0,0.159768863294346,0.19741487429840585,-0.007825750804343383
83.60000000000001,921.1592778165962,426.8017641305011,11.722961236380547,0.13687226547451853,0.10189824443213702,0.011858603576645489,20.003834025480074,85.00880598016913,,,,,0,0.18676461979228037,0.14787223725549362,0.02131998184904335
83.7,922.3206101647878,426.961718431914,11.733108011516325,0.13805812583218308,0.10075809410586167,0.013098040008603222,20.003835462374013,85.00881708212496,,,,,0,0.16782218245511277,0.22458422282382812,0.02960643750012381
83.80000000000001,923.4827570359513,427.1231894384258,11.74311285520172,0.13936792983304339,0.09906091521965088,0.014377524537777788,20.003836912892744,85.00882819186738,,,,,0,0.1745188953303447,0.12895369917829758,0.02301639457599352
83.9,924.6456821985948,427.2863214751031,11.752920194560255,0.14080568228682117,0.09680971423897233,0.015682180486940072,20.003838378332762,85.00883930905002,,,,,0,0.06923003756857452,0.16618778555564248,0.026530456857536203
84.0,925.8093426437282,427.45126297815534,11.762474798049514,0.14237390033551517,0.09400830900180068,0.01699718313453928,20.003839860027494,85.0088504332617,,,,,0,0.17969129433886563,0.24658606486160606,0.017880422011148665
84.10000000000001,926.9736887867747,427.61816472446236,11.771721856360616,0.1440736186489691,0.0906613234068665,0.018307940720577214,20.003841359331393,85.00886156402844,,,,,0,0.0780266676751255,0.13760350278797692,0.004694043168366996
84.2,928.1386646873458,427.78717805448036,11.780607062730887,0.1459044127210268,0.08677418099400036,0.019600271900832834,20.00384287760397,85.00887270081545,,,,,0,0.12975126927257727,0.2590450623397029,0.03151891212420348
84.30000000000001,929.3042082870461,427.9584531106393,11.789076692559416,0.1478644399111101,0.08235309742496533,0.02086057765991093,20.003844416193974,85.00888384302947,,,,,0,0.12526540677482667,0.22491378527786055,0.043358116854373886
84.4,930.4702516652433,428.1321371133371,11.79707768221588,0.1499504976771012,0.07740507187532053,0.022076005756785224,20.003845976423918,85.0088949900212,,,,,0,0.1316611998187996,0.29549770758350347,0.038371814299059816
84.5,931.6367213123772,428.30837269634355,11.80455770693448,0.1521580982527797,0.07193787734918189,0.023234605860915136,20.003847559575096,85.00890614108795,,,,,0,0.11878571115219141,0.2503874277806877,0.008355847564901677
84.60000000000001,932.8035384199145,428.48729632284835,11.811465257685716,0.1544815588388712,0.06596004992965199,0.024325473641688425,20.00384916687338,85.00891729547628,,,,,0,0.05376955100341582,0.3385318936683119,0.014176529569579087
84.7,933.9706191854935,428.66903680251795,11.81774971692041,0.15691410620304005,0.05948087698018689,0.025338882197749928,20.003850799475885,85.0089284523851,,,,,0,0.021987506365401074,0.3304149391029083,0.021879204779776524
84.80000000000001,935.1378751311856,428.8537139287796,11.823361433081754,0.15944799442281504,0.05251038431269173,0.02626639935433977,20.003852458458738,85.00893961096861,,,,,0,0.12612781831078015,0.41057542895609084,0.015336644841538332
84.9,936.3052134321478,429.0414372541274,11.828251793782949,0.162074634358249,0.045059322340010866,0.02710098951451283,20.00385414480606,85.00895077033938,,,,,0,0.08435105121595664,0.3508940545434104,0.03254288871007322
85.0,937.4725372522965,429.2323050195689,11.832373297549756,0.16478473330970028,0.03713915123157108,0.027837098922365716,20.00385585940037,85.00896192957174,,,,,0,0.12460799327946197,0.32094680572217793,0.03677125697417094
85.10000000000001,938.6397460830258,429.4264032524134,11.835679624029263,0.16756844320193687,0.028762025092898824,0.028470723381173395,20.00385760301446,85.00897308770482,,,,,0,0.05652537838350542,0.3546260678125634,0.019168190548749714
85.2,939.8067360804628,429.6238050444735,11.838125702568336,0.1704155155400542,0.019940775190132598,0.028999457664699954,20.00385937630493,85.00898424374593,,,,,0,-0.020317442843715422,0.3060874052901903,0.04177074225745524
85.30000000000001,940.9734003963331,429.82457002043526,11.83966777906729,0.1733154613065242,0.010688892242809445,0.029422526063671205,20.003861179807394,85.00899539667364,,,,,0,0.08899537629301475,0.3986597965500875,0.040433565503871345
85.4,942.1396294972186,430.0287440036817,11.840263481016898,0.17625771391289133,0.0010205078088887376,0.029740793719293033,20.003863013933493,85.00900654544083,,,,,0,0.012501977325833386,0.4116313460867656,0.029259202470856
85.5,943.3053114668656,430.2363588842633,11.839871880629067,0.17923179328482064,-0.009049625212265155,0.029956758609429982,20.003864878969697,85.00901768897762,,,,,0,0.038050547658785905,0.5081439857292237,0.033231538749590145
85.60000000000001,944.4703322862467,430.44743269103685,11.838453555974445,0.18222746914576363,-0.019506152932358134,0.030074524268293927,20.003866775077963,85.00902882619404,,,,,0,-0.021879124356334094,0.35494405923800376,0.015576512511763608
85.7,945.634576086308,430.6619698672755,11.835970650042595,0.18523492157259303,-0.030333141654645956,0.03009975353485516,20.00386870229821,85.00903995598242,,,,,0,0.08188194385703858,0.3728700707283024,0.03177713197198442
85.80000000000001,946.7979253687472,430.8799617463327,11.832386927643515,0.18824489692607854,-0.04151409985278853,0.030039603836327117,20.003870660552575,85.00905107721948,,,,,0,-0.05534234106194838,0.3566522895226362,0.03511345357763037
85.9,947.9602611907501,431.1013872212528,11.827667830072038,0.19124885730971125,-0.05303200091868909,0.029902644718668638,20.00387264965146,85.00906218876821,,,,,0,-0.039903488623997826,0.39428423402963175,0.03659012067095053
86.0,949.1214633103573,431.3262135996092,11.821780527459778,0.19423912178157812,-0.0648693066476902,0.029698758533833407,20.00387466930118,85.00907328947912,,,,,0,-0.029496871512824378,0.40017673204898235,0.038487527654035146
86.10000000000001,950.2814102900072,431.5543976323442,11.8146939687425,0.19720899763496147,-0.07700799142941861,0.029439025381306425,20.003876719113222,85.00908437819129,,,,,0,-0.10161710778376652,0.3751443333967528,0.03688144281361214
86.2,951.4399795567781,431.78588670302446,11.806378929173894,0.20015290017309212,-0.08942956711099903,0.029135593577218764,20.003878798614924,85.00909545373298,,,,,0,-0.04290359068161927,0.42830215394270144,0.03149215660456206
86.30000000000001,952.5970474188982,432.0206201617412,11.7968080553203,0.203066459530814,-0.1021151084986549,0.028801537086121876,20.00388090726146,85.00910651492174,,,,,0,0.008480415374719608,0.33891722951543,0.03666348651166504
86.4,953.7524890391685,432.2585307859007,11.785955907474163,0.2059466132394262,-0.11504527946284426,0.02845070149651449,20.003883044448962,85.00911756056416,,,,,0,-0.10956838749752978,0.41462741576916456,0.043471021429616966
86.5,954.9061783670047,432.49954634839844,11.773798999427731,0.20879168338907766,-0.12820035961143006,0.02809754024987944,20.003885209528594,85.00912858945524,,,,,0,-0.07844321865984379,0.38773968396246505,0.03214255951678299
86.60000000000001,956.0579880318247,432.7435912721657,11.760315835551877,0.21160143741406562,-0.14156027149396344,0.027756942942846717,20.003887401821444,85.00913960037735,,,,,0,-0.24903204079589122,0.3558289196423229,0.03593289185116348
86.7,957.2077892014338,432.9905883488387,11.745486945128938,0.2143771317083503,-0.15510460830036266,0.02744405761198627,20.003889620633938,85.00915059209892,,,,,0,-0.1270510683246047,0.33659698836509394,0.030582346985345087
86.80000000000001,958.3554514098745,433.24046049834493,11.729294913891804,0.21712153746954893,-0.1688126620159558,0.0271741089796162,20.003891865273648,85.00916156337271,,,,,0,-0.15446477631226607,0.4700665261807223,0.025706519814820486
86.9,959.5008423598736,433.4931325455341,11.711724412725747,0.21983894836751056,-0.182663451994296,0.026962214686158163,20.003894135065266,85.00917251293403,,,,,0,-0.19358833211481527,0.3049235954239272,0.0371910113553342
87.0,960.6438277055192,433.7485329896129,11.692762223492945,0.22253516983612637,-0.19663575390877597,0.026823201559439604,20.00389642936649,85.00918343949856,,,,,0,-0.11256323042734936,0.35853397675577314,0.026270942117737547
87.10000000000001,961.7842708211289,434.00659574207845,11.672397261943992,0.22521748999207034,-0.2107081290432422,0.026771423973662365,20.003898747583637,85.0091943417602,,,,,0,-0.19702031312443363,0.3049757423764117,0.03563289298358427
87.2,962.9220325624087,434.2672618090805,11.650620597684297,0.22789463238943658,-0.22485895388227206,0.0268205863304985,20.00390108918676,85.00920521838879,,,,,0,-0.20373282823695144,0.431757512975141,0.03210314004559896
87.30000000000001,964.0569710259766,434.53048089468405,11.627425471167538,0.23057669102248643,-0.239066449959493,0.026983571652140444,20.003903453724035,85.00921606802775,,,,,0,-0.22792609369894656,0.38809078477113235,0.02894422488693901
87.4,965.1889413131236,434.7962129023384,11.602807307692398,0.23327504818770048,-0.25330871392432286,0.027272278211602986,20.003905840835273,85.00922688929194,,,,,0,-0.3191495075125767,0.3125174949889501,0.02899084989013638
87.5,966.3177953033515,435.06442931298596,11.576763728382673,0.23600227600886078,-0.26756374778527103,0.02769746603983364,20.003908250264285,85.00923768076535,,,,,0,-0.2941630697891191,0.37627676988961833,0.02761625611567677
87.60000000000001,967.4433814427736,435.33511441964873,11.549294558135344,0.23877202261284414,-0.28180948928840266,0.028268615043183995,20.00391068186997,85.00924844099919,,,,,0,-0.2037548149823918,0.3693673479480956,0.016810603322293855
87.7,968.565544551922,435.608266400004,11.520401830524992,0.24159888411716254,-0.2960238423902073,0.028993796339667914,20.00391313563596,85.00925916850996,,,,,0,-0.3715213747342059,0.33818894632664215,0.03782274729128483
87.80000000000001,969.6841256569274,435.8838982103824,11.490089789657302,0.24449826375112935,-0.31018470778230167,0.02987955827957068,20.00391561167864,85.00926986177797,,,,,0,-0.31850047526308695,0.4112270183689741,0.03719502653235388
87.9,970.7989618474276,436.16203828677396,11.458364888968532,0.24748621957908642,-0.324270013426764,0.030930828456906888,20.00391811025346,85.0092805192458,,,,,0,-0.31425601624125216,0.4038819883325511,0.04442753098139182
88.0,971.9098861639899,436.4427310407916,11.42523578697195,0.2505793024247771,-0.3382577450603108,0.03215083284473238,20.003920631759367,85.00929113931743,,,,,0,-0.2210766516957325,0.4081157816928872,0.03183626382166443
88.10000000000001,973.0167275173084,436.7260371410844,11.39071333995647,0.25379438570925034,-0.3521259766249685,0.03354103300124892,20.003923176741367,85.00930172035726,,,,,0,-0.28369578835014997,0.4099603064811299,0.057494869256015595
88.2,974.1193106409947,437.01203357339193,11.354810591646956,0.2571484890093752,-0.3658529005847466,0.03510108209706726,20.00392574589103,85.00931226068981,,,,,0,-0.36371142693740155,0.4501188634040313,0.03630372261857093
88.30000000000001,975.2174560794515,437.3008134752521,11.31754275983952,0.2606585972190819,-0.3794168580861701,0.03682880030906738,20.00392834004503,85.00932275859955,,,,,0,-0.2841911732303925,0.458280905366084,0.03307770388712042
88.4,976.3109802121,437.5924857442855,11.278927220029722,0.26434147724998863,-0.39279636892116443,0.03872016991521071,20.0039309601816,85.00933321233111,,,,,0,-0.3998221599462204,0.46967664507209694,0.03378332071678406
88.5,977.39969531515,437.88717442194087,11.238983486055288,0.2682134942415097,-0.405970161252025,0.040769350209797814,20.003933607415032,85.00934362008995,,,,,0,-0.3255151710653247,0.4561552579457441,0.028430126177501187
88.60000000000001,978.483409662132,438.1850178575639,11.197733187779317,0.2722904292624895,-0.4189172010571518,0.04296871214231589,20.003936282988136,85.0093539800432,,,,,0,-0.45686106335330257,0.5958404860302714,0.06329499106624717
88.7,979.5619276645662,438.48616766060593,11.155200045843857,0.2765873004767211,-0.43161672125793693,0.045308892367586596,20.003938988262846,85.00936429032109,,,,,0,-0.34795382966847904,0.4829087610486091,0.06401956627527322
88.80000000000001,980.6350500543779,438.7907874516779,11.11140984352773,0.28111818971347974,-0.44404825048625085,0.047778866182761,20.003941724708987,85.0093745490187,,,,,0,-0.4343549327598001,0.582272374959712,0.05878631781160858
88.9,981.7025741099752,439.0990514259426,11.066390395746607,0.28589607633175584,-0.456191641453918,0.050366038620114635,20.00394449389138,85.00938475419808,,,,,0,-0.4776168535009815,0.5713582089423678,0.04640515054235683
89.0,982.7642939282372,439.41114274498335,11.020171515236946,0.29093268019376733,-0.46802709888488003,0.053056352765884746,20.0039472974554,85.00939490389085,,,,,0,-0.4488842795386957,0.702667470925431,0.07616902958147594
89.10000000000001,983.820000744981,439.7272517757513,10.972784975969631,0.2962383154703558,-0.47953520697165963,0.05583441418666308,20.00395013711114,85.00940499610131,,,,,0,-0.43566799798564887,0.5974848942682902,0.057317222571446516
89.2,984.869483306747,440.04757419744175,10.924264473842614,0.3018217568890221,-0.49069695631950516,0.058683630168273604,20.003953014616414,85.00941502880993,,,,,0,-0.48543437784579074,0.6343123331553734,0.06099337185600708
89.30000000000001,985.9125282969117,440.3723089991449,10.87464558470573,0.30769011990584944,-0.5014937703400246,0.06158636230947009,20.00395593175877,85.00942499997747,,,,,0,-0.4437960950402584,0.6512389598036751,0.08095895311383085
89.4,986.9489208191751,440.7016563928281,10.823965719774609,0.31384875613679647,-0.5119075310596077,0.06452409086603086,20.003958890336744,85.00943490754962,,,,,0,-0.511057225242811,0.7445798001810706,0.07611319671083959
89.5,987.978444941336,441.0358156676022,10.772264078493809,0.3203011652233996,-0.5219206043062741,0.0674775891114828,20.003961892140584,85.0094447494621,,,,,0,-0.46090198460970616,0.688233876310559,0.09448862049902873
89.60000000000001,989.0008843019206,441.37498301227936,10.719581598913354,0.32704892413454784,-0.531515864240637,0.07042710587017484,20.00396493893268,85.00945452364661,,,,,0,-0.47940476113880703,0.7610226834127606,0.07791432847336503
89.7,990.0160227816747,441.7193493339197,10.665960905645681,0.33409163472156533,-0.5406767171981386,0.07335255428797699,20.00396803242798,85.00946422803707,,,,,0,-0.5137228699335353,0.7047571852221008,0.07438224629218974
89.80000000000001,991.0236452411181,442.06909810036893,10.611446255473727,0.34142689015036304,-0.5493871248089377,0.07623370483647218,20.003971174274604,85.00947386057688,,,,,0,-0.5414562404272352,0.8509709294342767,0.07511565600187423
89.9,992.0235383243274,442.4244032346946,10.556083480683894,0.34905026063401023,-0.5576316263647652,0.07905038049889573,20.00397436603493,85.00948341922636,,,,,0,-0.5200545865765018,0.8394516727883563,0.06558041872698947
90.0,993.0154913278449,442.7854270889265,10.499919930200774,0.3569552986838998,-0.5653953604014195,0.08178265206083743,20.003977609167393,85.0094929019713,994.1845664438049,443.55540328106326,20.003984525981213,85.00950407794546,1,-0.5078826732497345,0.8143084611216697,0.08399669433277539
90.10000000000001,993.9992971321454,443.15231852359176,10.44300440860361,0.3651335638899835,-0.5726640854671672,0.08441103142603287,20.00398090500923,85.00950230683169,994.3069566833242,438.0088608371034,20.003934700542697,85.00950524795596,1,-0.43957412783058675,0.9657852434655422,0.10085696481430668
90.2,994.9747531914633,443.5252111182103,10.38538711310734,0.3735746670325868,-0.5794242000502337,0.08691666089758819,20.003984254760397,85.00951163187125,994.5324257217088,441.38375262655416,20.003965017711465,85.00950740336592,1,-0.5024531789603246,0.8672798250808862,0.09790500262414889
90.30000000000001,995.9416625760235,443.904221536194,10.327119568593563,0.3822663331223456,-0.5856627616357724,0.08928149640739749,20.003987659468912,85.00952087520741,1000.7064908974713,446.21984441330346,20.00400846106314,85.0095664254013,1,-0.5068632641449803,0.9918678731635614,0.09448457647300156
90.4,996.8998350589135,444.2894480654891,10.268254560780186,0.3911944827630853,-0.5913675048675504,0.09148848274088027,20.0039911200177,85.00953003502167,995.0332127230294,443.45041757209043,20.003983582878544,85.00951219072518,1,-0.40694189512453616,0.9343749889635129,0.08653913830271698
90.5,997.849088238005,444.68096935384324,10.208846067620053,0.40034333103717334,-0.596526858790476,0.09352171888986383,20.003994637113276,85.00953910957031,1004.0299827495772,443.1447850958859,20.003980837335295,85.00959819689191,1,-0.5407289349520837,1.0648274010206258,0.1007904490699912
90.60000000000001,998.7892486815921,445.0788433548007,10.14894918902209,0.40969550292615975,-0.6011299631474909,0.09536661177239156,20.00399821127624,85.00954809719538,998.1129543339077,449.2814889357396,20.00403596428383,85.00954163204352,1,-0.5468977875819058,1.0353484241535051,0.11049474882434529
90.7,999.7201530847861,445.48310649747805,10.088620074990555,0.4192321641033989,-0.6051666837113334,0.09701001668342511,20.004001842833837,85.00955699633575,995.8891037498755,442.3412450583266,20.003973619012324,85.0095203727623,1,-0.5399659299952507,0.9582948082438698,0.10631720924812496
90.80000000000001,1000.6416494222992,445.8937730898922,10.027915852279824,0.42893316577174145,-0.608627626628806,0.09844036298339771,20.004005531914604,85.0095658055381,1000.8514081652837,443.4993130166277,20.003984022113794,85.00956781076279,1,-0.6290759255082186,0.9712975488548785,0.1051077146797313
90.9,1001.5535980820903,446.3108349621717,9.966894549664794,0.43877720207008125,-0.6115041517578224,0.09964776369079319,20.004009278445146,85.00957452346779,998.324862481134,446.9449943873165,20.00401497519619,85.00954365781583,1,-0.6036992335787601,1.0534550130772673,0.09667818715798113
91.0,1002.4558729635257,446.7342613524357,9.90561502192826,0.4487419784391606,-0.6137883849797188,0.10062410781868653,20.00401308214913,85.00958314891933,1000.2006054200853,447.9056261485973,20.004023604698123,85.0095615893023,1,-0.6090968483143354,1.0136247674414016,0.11429592595980666
91.10000000000001,1003.3483625232394,447.16399903454953,9.84413687266885,0.45880438922102923,-0.6154732294687815,0.10136313448153558,20.004016942548407,85.0095916808264,1004.5394624232858,448.6530281375717,20.004030318724425,85.00960306735027,1,-0.5530925306078034,1.0193654443279074,0.07504408629409379
91.2,1004.2309707518206,447.5999726834312,9.782520376034503,0.4689407026691828,-0.6165523759051528,0.10186048799545867,20.00402085896633,85.00960011827121,1005.8977170177709,450.333686817138,20.00404541633822,85.00961605181811,1,-0.5952611040162127,1.0900642424169973,0.11068894508411013
91.30000000000001,1005.103618064821,448.0420854701591,9.72082639748782,0.4791267514687287,-0.617020311615537,0.10211375340059964,20.004024830533066,85.00960846049293,1003.2371149640583,448.63782133220366,20.00403018211937,85.00959061733627,1,-0.5801091403418219,0.9851956259346127,0.13281697321004562
91.4,1005.9662420923645,448.4902198758965,9.659116313711396,0.48933812680878863,-0.6168723286296629,0.10212247204573469,20.004028856192928,85.00961670689533,1008.9284575275037,449.95837169271175,20.00404204482509,85.00964502470204,1,-0.5324995976222396,1.0209775243422645,0.09203873817241622
91.5,1006.8187983528524,448.9442387106612,9.597451931761887,0.4995503740133621,-0.6161045306421187,0.10188813709070707,20.00403293471351,85.00962485705318,1010.2913216269158,448.1666109327159,20.00402594916433,85.00965805323524,1,-0.5429469937069117,1.0555978878274417,0.10447444254369341
91.60000000000001,1007.6612607978651,449.4039863202993,9.535895407582972,0.5097391877224328,-0.6147138388688234,0.10141416899921948,20.004037064696558,85.00963291071747,1011.9701660675549,449.5920812300094,20.00403875438188,85.00967410243672,1,-0.5927998890208857,1.0375307828427804,0.10633505909797222
91.7,1008.4936222173216,449.8692899627136,9.474509163988122,0.5198806046223547,-0.6126979967911783,0.10070587131061606,20.004041244590294,85.00964086781929,1010.0818624386987,450.1918925028745,20.00404414257822,85.00965605087418,1,-0.6161977516350894,0.9761580672238068,0.1010800431700503
91.80000000000001,1009.3158944962223,450.33996133249974,9.413355808224736,0.5299511917534163,-0.6100555737806168,0.09977036719217201,20.004045472703147,85.00964872847221,1013.4061806324794,450.98525573995687,20.004051269481437,85.00968783026434,1,-0.5232918371979574,0.9547286714545141,0.11513410961776181
91.9,1010.1281087168143,450.81579821168276,9.352498049231999,0.5399282284726336,-0.6067859675984533,0.09861651748076858,20.00404974721856,85.00965649297342,1004.4857134328921,453.13341763443105,20.004070566748062,85.00960255352757,1,-0.53809140855296,0.8653700142348948,0.10834102762432159
92.0,1010.9303151026968,451.2965862232411,9.291998614705046,0.5497898802207104,-0.6028894057683232,0.09725482112238049,20.004054066210752,85.009664161803,1009.9765954568114,452.9620232690756,20.004069027086285,85.00965504455641,1,-0.6532022466830922,0.8808794135092867,0.10377782484785368
92.10000000000001,1011.7225828041704,451.7821006635603,9.231920168078334,0.5595153623329484,-0.5983669458183005,0.09569729910738578,20.004058427661178,85.00967173562204,1009.1215670352002,451.9147516722609,20.004059619285464,85.00964687076551,1,-0.5840246427637146,0.9293877869888363,0.10867002471907859
92.2,1012.5049995269342,452.272108389864,9.172325225541385,0.569085092243687,-0.5932204743933234,0.09395736317723916,20.004062829475476,85.00967921526895,1012.8626771103163,449.8447304350409,20.004041023968306,85.00968263454918,1,-0.5549447012924852,0.8849133829488323,0.09912487026795658
92.30000000000001,1013.2776710089867,452.7663697390042,9.11327607319967,0.5784808285614109,-0.5874527052379186,0.09204967074158901,20.00406726950072,85.00968660175455,1011.5633233513964,452.9693835131923,20.004069093204482,85.00967021315397,1,-0.518511219381867,0.8726204158435422,0.12884831562982416
92.4,1014.0407203532089,453.26464045472557,9.054834684493802,0.5876857956355698,-0.581067176053045,0.08998996759270883,20.004071745542714,85.00969389625568,1013.5422468273597,453.18058710003834,20.00407099047858,85.00968913101248,1,-0.5055621013060565,0.8968069602966362,0.09650343692927625
92.5,1014.7942872255373,453.7666736016036,8.99706263798906,0.5966847923948406,-0.5740682442303413,0.08779492013449287,20.004076255383204,85.00970110010749,1020.4408118661495,454.3462183410432,20.004081461522176,85.00975507902864,1,-0.5298729441715676,0.7605302402941656,0.09474774111938992
92.60000000000001,1015.5385269308111,454.27222144524745,8.940021035647733,0.6054642844082899,-0.5664610814695958,0.08548193895488665,20.004080796796753,85.00970821479466,1015.02936754155,460.89179736666864,20.004140261458996,85.00970334739812,1,-0.507198704901653,0.7824013173130097,0.0733772584591539
92.7,1016.2736093802579,454.78103727999877,8.883770421695141,0.6140124783037786,-0.5582516672884363,0.08306899566217639,20.004085367567164,85.00971524194145,1017.5149863318285,453.2097189443751,20.00407125217439,85.00972710909743,1,-0.5250448271695286,0.7774014347941255,0.08263449238914215
92.80000000000001,1016.9997179661196,455.29287718718825,8.828370702190046,0.6223193778699962,-0.5494467814298876,0.08057443497614776,20.00408996550328,85.00972218330107,1016.302909976347,456.55974424456434,20.004101345963686,85.00971552204552,1,-0.5531393658389155,0.7061329842102141,0.09704821179414586
92.9,1017.7170483601004,455.807501708975,8.773881065409164,0.630376821367611,-0.5400539951808447,0.07801678411391373,20.004094588454016,85.00972904074405,1017.944188223971,459.0128879107079,20.00412338292818,85.00973121212655,1,-0.5231172147329074,0.786083840617553,0.069662215610315
93.0,1018.4258072531153,456.3246774248315,8.720359903153877,0.6381784997790023,-0.5300816616124493,0.07541456153668516,20.004099234322517,85.00973581624629,1018.4438572944235,456.6186831671297,20.004101875421036,85.00973598879877,1,-0.49913210228044386,0.7330714586190973,0.058838989793665614
93.10000000000001,1019.1262110542452,456.84417841979507,8.667864733086674,0.6457199559326708,-0.5195389047541799,0.07278608712767275,20.004103901079354,85.00974251187661,1020.4711832521647,463.8577137773116,20.004166904739428,85.0097553693691,1,-0.4912728672551093,0.6754066240277663,0.0781092418395485
93.2,1019.8184845668537,457.3657876356373,8.616452122203041,0.6529985646454382,-0.5084356077189778,0.0701492958525772,20.004108586774663,85.00974912978403,1023.3144071734953,456.23166976044286,20.004098398820453,85.00978254965602,1,-0.5727142529411513,0.7241496380864172,0.08885674092732698
93.30000000000001,1020.5028596595273,457.889298098064,8.566177611542878,0.6600134942306959,-0.4967823997935561,0.0675215569129778,20.004113289549164,85.00975567218515,1025.4450416523373,458.8615657650241,20.00412202357822,85.0098029178219,1,-0.48665656654002765,0.5334568851439616,0.07294536919993906
93.4,1021.1795739488787,458.414514014914,8.51709564224433,0.6667656499219937,-0.4845906425119306,0.06491950033987265,20.004118007644017,85.00976214135152,1022.1084341946062,456.01809678023506,20.004096480261726,85.00977102095041,1,-0.451780359857473,0.5825392793861246,0.06655825431360922
93.5,1021.8488695103484,458.9412517420498,8.469259483040492,0.673257599955981,-0.4718724147316422,0.06235885289024055,20.004122739409528,85.00976853959727,1023.6175101684553,457.8866775366199,20.004113266008257,85.0097854472211,1,-0.45594091432692724,0.5764501546388998,0.04877397351283075
93.60000000000001,1022.5109916319813,459.46934061520955,8.422721159298002,0.6794934852450051,-0.4586404967321478,0.05985428500486475,20.00412748331259,85.0097748692673,1019.0583981044246,460.2161423463995,20.004134191946683,85.00974186360708,1,-0.44098168650772707,0.48840820044543126,0.06937682623188668
93.7,1023.1661876247945,459.99862364750356,8.377531383694063,0.6854789137454915,-0.4449083533578513,0.05741927046179059,20.004132237942965,85.00978113272582,1022.9025573975476,462.53753583442676,20.00415504537919,85.00977861250742,1,-0.39050878481762186,0.5260674674133545,0.06903202155062103
93.80000000000001,1023.8147057018341,460.52895809349076,8.333739488626431,0.6912208407916706,-0.4306901162279875,0.05506596021816238,20.00413700201835,85.00978733234565,1026.6355740964848,461.48624259556146,20.004145601451345,85.00981429892107,1,-0.45463797558041913,0.43357624245983806,0.042248635227151374
93.9,1024.4567939363799,461.06021588185797,8.291393360448465,0.6967274368134868,-0.41600056503831695,0.052805071775273535,20.004141774388263,85.0097934704983,1027.0546998516313,464.83756042986215,20.00417570685167,85.00981830562564,1,-0.46740267573587746,0.5023554874292203,0.06915039626224573
94.0,1025.0926993080545,461.5922839196616,8.250539375618768,0.7020079439910142,-0.40085510797940316,0.05064579522925795,20.004146554036765,85.00979954954481,1025.7275285064397,461.3073879878836,20.004143994773067,85.00980561830345,1,-0.38826359752123685,0.5007468661549632,0.06330275048817904
94.10000000000001,1025.7226668438625,462.12506427188407,8.211222338852584,0.70707252351394,-0.3852697612984013,0.048595716984818384,20.0041513400841,85.00980557182756,1028.3818487225662,461.12855868236704,20.004142388322084,85.00983099273299,1,-0.31706404102331176,0.4426469069347151,0.06491887641029184
94.2,1026.3469388594622,462.65847422072255,8.173485423359088,0.7119320952124218,-0.36926112803248756,0.04666076191376462,20.004156131787198,85.009811539663,1027.8192389864437,470.7704295425607,20.004229002721697,85.00982561436868,1,-0.2548834760581556,0.3187411665917367,0.057496012832098035
94.30000000000001,1026.9657543043008,463.19244620958307,8.137370113246087,0.7165981714037983,-0.3528463759422884,0.04484515453607049,20.00416092853919,85.00981745533542,1030.5666730790788,464.37515915790914,20.00417155303037,85.00985187893629,1,-0.28373996398755136,0.34658194418742044,0.056381981624183675
94.4,1027.5793482126478,463.72692767721225,8.10291614817063,0.7210826868574054,-0.33604321467610276,0.043151399590909426,20.004165729867903,85.00982332109167,1028.4474256835192,461.5684830392766,20.00414634022982,85.00983161962719,1,-0.3794564026695451,0.40788767272200155,0.05335860857792681
94.5,1028.1879512610585,464.26188078778165,8.070161470310866,0.7253978268164963,-0.31886987219548857,0.041580282150959096,20.004170535433456,85.00982913913693,1027.1208563143455,462.1790895010374,20.004151825400992,85.0098189380597,1,-0.30048823416432713,0.36661952311494306,0.05526500536597105
94.60000000000001,1028.791789431433,464.7972820630582,8.039142173731532,0.7295558550315923,-0.3013450704942322,0.04013088721759488,20.004175345024944,85.00983491163153,1029.799313202232,461.9692423194642,20.004149940311688,85.00984454322789,1,-0.2585133514401557,0.21791777701560622,0.02694330952635569
94.7,1029.3910837775802,465.33312192306363,8.00989245621202,0.7335689437533518,-0.2834880006444207,0.038800638519702585,20.004180158556306,85.00984064068865,1020.5993006500219,468.14282999063397,20.004205398593317,85.00975659412936,1,-0.24460844479824106,0.4029304609685873,0.028790044183487434
94.80000000000001,1029.9860502921063,465.8694041418567,7.982444573602648,0.7374490076053221,-0.2653182972030166,0.037585356027175124,20.004184976061442,85.00984632837314,1031.1347075012613,464.77627226317696,20.0041751562907,85.00985730915882,1,-0.20835306955587288,0.3368558465787393,0.035225277025277404
94.9,1030.5768998694778,466.40614522527244,7.956828796771417,0.7412075432080396,-0.2468560120142005,0.03647933148396438,20.004189797688632,85.00985197670106,1019.6316613938334,466.7882326522419,20.004193230038386,85.00974734381586,1,-0.2627084593372385,0.27930606203857566,0.040181129767238845
95.0,1031.1638383603045,466.94337371762674,7.933073371199808,0.744855476356436,-0.2281215874429421,0.035475421067156565,20.00419462369429,85.00985758764025,1025.9934481380883,466.7528476943119,20.004192912169902,85.0098081604078,1,-0.19487443306540495,0.3611768980782937,0.044356790300238355
95.10000000000001,1031.7470667111995,467.48112944455187,7.911204479282828,0.7484030184631517,-0.2091358290760903,0.03456515409006815,20.004199454436176,85.00986316311175,1033.1023725140224,469.67560666837466,20.004219167760482,85.00987611939011,1,-0.15811968758728384,0.2695750012191034,0.04281197062235664
95.2,1032.3267811840274,468.0194626992595,7.89124620538459,0.7518595338721585,-0.18991987792905007,0.03373885649089963,20.004204290366083,85.00986870499172,1033.7593691958277,465.47923042060745,20.00418147107127,85.00988240006262,1,-0.1186363302638671,0.26181901737761626,0.049909914605459946
95.30000000000001,1032.9031736479146,468.55843337964376,7.873220503697018,0.7552334195212485,-0.17049518219476312,0.03298578768596394,20.00420913202208,85.00987421511438,1029.4158873074948,465.33171652121473,20.004180145931365,85.00984087780226,1,-0.18078109052540273,0.3076220124904298,0.049470740671767446
95.4,1033.4764319370593,469.09811008372253,7.857147168945637,0.7585319982898449,-0.15088346857424106,0.03229428921973435,20.0042139800204,85.00987969527536,1031.3401258114225,469.7710020052673,20.004220024711376,85.0098592728904,1,-0.13814131193638596,0.37279290607806215,0.02857043813679642
95.5,1034.0467402671284,469.6385691709794,7.84304380998217,0.7617614272118183,-0.13110671322785983,0.03165194351448254,20.004218835046984,85.00988514723569,1038.1583632329707,471.44144702507907,20.0042350305743,85.0099244530009,1,-0.23629759723152685,0.35942693855381186,0.03903770461498725
95.60000000000001,1034.6142797028547,470.1798937971958,7.830925826300065,0.7649266215632665,-0.11118711238617518,0.031045740911598584,20.004223697848836,85.0098905727263,1033.1621893081367,471.1774907364887,20.004232659414615,85.00987669121902,1,-0.11226021076506389,0.29110246924646316,0.027567425434380198
95.7,1035.1792286693194,470.7221729303556,7.820806387504935,0.7680311956544263,-0.09114705266122236,0.03046225310594242,20.004228569225173,85.00989597345288,1041.9079896065284,468.29381174306366,20.004206754885473,85.00996029819758,1,-0.08736779730977451,0.29135866661126253,0.033579782722406755
95.80000000000001,1035.7417634993242,471.26550035515567,7.812696415767821,0.7710774209650206,-0.07100908109834769,0.029887811004806853,20.00423345001847,85.0099013511011,1035.7360039397952,473.29795488142986,20.004251707868125,85.00990129604162,1,-0.09198830650671985,0.3030793405166418,0.038105724695291804
95.9,1036.3020590092062,471.8099736735613,7.806604571285265,0.7740662020655014,-0.05079587500926852,0.029308684995036385,20.00423834110551,85.00990670734217,1037.5261675398501,469.5783908922744,20.004218294456308,85.00991840941771,1,-0.012515267497635938,0.19595213049214347,0.00022156423031947925
96.0,1036.860289095411,472.35569330870374,7.802537240765967,0.776997070565005,-0.030530211627795012,0.028711265576036323,20.0042432433884,85.00991204383847,1041.710912290907,470.7910773743446,20.004229188204324,85.00995841420317,1,-0.0033274832300584246,0.28622813574414446,0.057823705972433165
96.10000000000001,1037.4166273441167,472.90276151922455,7.800498528959706,0.7798681971226087,-0.010234937629469698,0.028082242313156668,20.00424815778575,85.00991736224941,1037.8097086926969,470.07090094505855,20.00422271874939,85.009921119978,1,-0.09319563150835028,0.2123518164464922,0.038746329087131416
96.2,1037.9712476461848,473.45128143092955,7.800490253240073,0.7826764213539243,0.01006706144341063,0.02740877908522863,20.004253085223954,85.00992266423735,1034.9642157041123,477.35475647688565,20.004288150736905,85.00989391799955,1,0.05084245990849845,0.25972581744736534,0.026451746331094567
96.30000000000001,1038.5243248096972,474.00135609232564,7.8025119412483885,0.7854172992624472,0.03035289180970402,0.026678683641688766,20.00425802662871,85.00992795147339,1038.1951424546144,475.90162071540766,20.00427509699626,85.00992480459819,1,0.013936685270252644,0.2267873663106978,0.05095238119399104
96.4,1039.076035162334,474.553087560276,7.806560831602014,0.7880851676266161,0.050599682088399156,0.025880569548270862,20.004262982916813,85.00993322564317,1038.9692029537637,476.36806768731265,20.0042792871607,85.00993220436234,1,0.1048841300479249,0.25709865689079386,0.02740625784340892
96.5,1039.6265571358451,475.10657602163405,7.812631877666068,0.7906732245814432,0.07078461390692681,0.02500400868498691,20.004267954988258,85.00993848845243,1035.5323321792405,478.8482102850614,20.004301566660722,85.00989934900647,1,0.03669205152049353,0.23125228857209096,0.03132920254326749
96.60000000000001,1040.1760718248884,475.66191895630146,7.8207177543833994,0.7931736254499419,0.09088495243712469,0.024039672565120317,20.00427294371872,85.00994374163238,1039.408575610866,484.0998667010176,20.004348743092976,85.00993640462065,1,0.12238527936367169,0.064355980498535,0.024168514461144045
96.7,1040.724763512545,476.21921034671936,7.830808868153493,0.7955775927064539,0.11087807681732009,0.0229794608680683,20.004277949952456,85.00994898694472,1038.4981872305527,471.0915320349889,20.004231887234464,85.00992770160671,1,0.1267199103729948,0.21889235153631448,0.04449937924250169
96.80000000000001,1041.2728201549046,476.7785399383387,7.8428933697468635,0.7978755387932607,0.1307415104188525,0.02181661572072103,20.004282974495666,85.00995422618622,1044.0458934264668,474.5634101957074,20.004263075646627,85.00998073585598,1,0.17589660466636903,0.2332130384013213,0.025766768657662226
96.9,1041.8204338172325,477.3399925551498,7.856957170237264,0.8000572003653328,0.15045295091581146,0.020545820420114214,20.004288018110337,85.00995946119299,1041.9242694397883,475.49146730262623,20.004271412525462,85.00996045382745,1,0.1866878147983788,0.21372404848514623,0.027040661427509306
97.0,1042.3678010544165,477.9036474738785,7.872983959930026,0.8021117824073443,0.1699903001172265,0.019163281462578965,20.00429308150862,85.00996469384401,1041.5194138069737,475.35118860673043,20.0042701523805,85.00995658354056,1,0.18723209136615376,0.1757429102640796,0.036201102992833425
97.10000000000001,1042.9151232286436,478.46957785999723,7.890955230260709,0.8040281105536021,0.18933169352077783,0.017666792929666386,20.00429816534778,85.00996992606424,1042.5965774367758,475.23682811718606,20.00426912506274,85.00996688087109,1,0.1425180778185656,0.25151595666680415,0.02851818750427715
97.2,1043.4626067575957,479.037850268254,7.910850298634181,0.8057947898465687,0.20845552954793956,0.01605578247669114,20.004303270225677,85.00997515982698,1044.1319728128142,478.1388910760879,20.004295194737857,85.00998155874663,1,0.16459513137488796,0.1725835480566206,0.02051230182535042
97.30000000000001,1044.0104632868827,479.60852421000317,7.932646336170297,0.8074003680942379,0.22734049842056514,0.014331338373689722,20.00430839667692,85.00998039715547,1045.860905885952,475.95871306413494,20.004275609865555,85.009998086779,1,0.2281461514659542,0.16556910385212187,0.03043524809726435
97.4,1044.5589097809639,480.18165178923635,7.956318398318294,0.8088335019316069,0.24596561063948919,0.01249621725867092,20.00431354516956,85.00998564012384,1041.5597730949557,481.1867788918486,20.004322574379948,85.0099569693621,1,0.27555161644300985,0.18164847798707448,0.04288104955295044
97.5,1045.1081685274485,480.7572774088575,7.981839458298195,0.8100831236574739,0.2643102250267182,0.010554832476946583,20.004318716102482,85.00999089085707,1041.9834056295847,480.91237237314334,20.00432010934425,85.00996101915,1,0.2638978276667624,0.13237662832504946,0.018728936964940796
97.60000000000001,1045.6584670504212,481.33543754843345,8.009180443323638,0.8111386069051686,0.28235407629241926,0.008513223095715183,20.004323909803382,85.00999615153022,1048.972504696629,482.77852354272443,20.00433687326543,85.01002783264173,1,0.3436146728213926,0.05328305225714297,0.014680823974440848
97.7,1046.2100379292965,481.91616061437276,8.038310273556679,0.8119899292147401,0.300077302089754,0.006379003897581389,20.00432912652744,85.01000142436668,1044.9730273126822,483.4393459692875,20.00434280953429,85.00998959895144,1,0.3161162561291699,-0.04064045812399454,0.013085274733772205
97.80000000000001,1046.7631185206856,482.4994668632408,8.069195903741589,0.8126278296044982,0.3174604695200145,0.004161296867933409,20.00433436645663,85.01000671163548,1042.512592242895,484.30848742352083,20.004350617164814,85.00996607800023,1,0.299209833281039,0.0397222745400769,0.022265591876248585
97.9,1047.3179505818305,483.0853683987015,8.101802367460682,0.8130439592912916,0.33448460105264033,0.0018706448968135378,20.004339629699672,85.01001201564777,1048.6493887099798,481.96514158822987,20.004329566531016,85.010024743759,1,0.3505797864032449,0.08320287154773799,0.000878667546484314
98.0,1047.8747797953317,483.673869242376,8.136092823952117,0.8132310237809729,0.35113119982429275,-0.00048109138625016326,20.0043449162927,85.01001733875218,1049.2648892134298,490.037299450277,20.004402079958847,85.01003062774167,1,0.3924241916401204,0.008430979253774576,0.0017357330166332266
98.10000000000001,1048.4338551961403,484.264965478712,8.17202860742554,0.8131829146423479,0.367382274282253,-0.0028808525380839157,20.004350226200533,85.0100226833294,1043.84170942437,484.9682588281583,20.00435654399218,85.00997878392397,1,0.41362651022348224,0.04651650925909024,-0.013255282029350328
98.2,1048.9954285030994,484.8586454737571,8.209569278808567,0.8128948293885395,0.3832203621399888,-0.005314513706253226,20.004355559318665,85.01002805178578,1049.6838736494904,479.2711912158827,20.004305366363074,85.01003463309529,1,0.5071393187396452,-0.006193459658649897,-0.012153192332652964
98.30000000000001,1049.5597533586727,485.4548901675011,8.248672679853538,0.8123633780179143,0.39862855361018745,-0.007767031068050255,20.004360915475882,85.01003344654606,1051.7665026359577,482.44776293020243,20.004333901992293,85.01005454234442,1,0.3951830866100165,0.030335606538509446,-0.00794503109502996
98.4,1050.1270844818664,486.05367343918573,8.289294989530605,0.8115866749111093,0.4135905138852003,-0.010222599714120987,20.004366294437528,85.01003887004528,1051.2502438369852,480.8321644721023,20.004319388824417,85.01004960707985,1,0.4399165808056803,-0.06949897994627316,-0.005781969654725214
98.5,1050.6976767407277,486.65496254465995,8.331390782630578,0.8105644149396971,0.42809050483396227,-0.012664821258164403,20.004371695909466,85.01004432471989,1052.5936211920118,486.70696643211386,20.004372163068336,85.01006244932617,1,0.47939670217493363,-0.05213483376555031,0.010026011999536795
98.60000000000001,1051.2717841521328,487.25871862446274,8.374913090497397,0.8092979328138806,0.4421134058845677,-0.015076879344287666,20.004377119542607,85.01004981299819,1047.0589768578604,486.89330295230275,20.004373836957775,85.01000953994402,1,0.470942257924527,-0.07097330095755663,-0.004716951295035421
98.7,1051.8496588178587,487.864897280839,8.419813463807492,0.8077902448794518,0.45564473406626504,-0.017441721133799958,20.004382564938126,85.01005533729021,1052.8427792828472,486.4596201871406,20.00436994111921,85.01006483119569,1,0.46061382676683243,-0.0417759448027849,-0.021562506235697894
98.80000000000001,1052.4315498071264,488.47344922131913,8.46604203731065,0.8060460727660719,0.4686706631818982,-0.019742242784441512,20.00438803165322,85.01006089997696,1051.5236905287152,494.50622755852066,20.00444222502308,85.01005222114041,1,0.4212078043646861,-0.22247052264058859,-0.022022047638082666
98.9,1053.017701996874,489.0843209658197,8.513547596443871,0.8040718484876277,0.48117804208504644,-0.021961476887978587,20.00439351920747,85.01006650339939,1051.5693315207,490.73126958805045,20.004408313998663,85.01005265745331,1,0.4856363141323957,-0.1798904925016656,-0.0032139900556720415
99.0,1053.608354881955,489.6974556134417,8.56227764572766,0.8018757007988299,0.49315441203741095,-0.02408277980738479,20.00439902708972,85.01007214984699,1056.220021710214,491.87575069778075,20.004418595047397,85.01009711652415,1,0.46946929140152094,-0.13377764192232708,-0.007816676321092866
99.10000000000001,1054.2037413682253,490.31279366426566,8.612178478851353,0.7994674228180914,0.5045880231221389,-0.026090016852631417,20.00440455476548,85.01007784154626,1058.641564900248,487.51957320043937,20.004379462839132,85.01012026568176,1,0.44825768906595,-0.117397057662169,-0.020808517750389385
99.2,1054.80408656206,490.9302738904716,8.663195250352087,0.7968584211328282,0.5154678496916798,-0.027967743254551498,20.004410101684726,85.01008358064915,1060.1871967258612,487.93283921647856,20.00438317527092,85.0101350414144,1,0.5056839076081505,-0.20028644489379316,-0.02739300790993982
99.30000000000001,1055.4096065702142,491.5498342500671,8.71527204878969,0.7940616468073731,0.5257836048280762,-0.029701378939053474,20.004415667290132,85.01008936922156,1059.354030184732,491.66025074735796,20.004416659178403,85.01012707661589,1,0.5034290187897534,-0.24349080589911784,-0.013452050582007045
99.4,1056.0205073240968,492.17141283540434,8.768351971317703,0.7910915089134678,0.5355257537968772,-0.0312773751686934,20.00442125102557,85.01009520923213,1055.6913047792063,492.69043425436104,20.0044259134743,85.01009206216392,1,0.5947150810615246,-0.20639511578433395,-0.03621064643594027
99.5,1056.6369834424493,492.7949488475401,8.822377199549065,0.7879637713965985,0.5446855264760497,-0.03268337120457945,20.004426852344867,85.01010110254137,1057.6951439315283,487.22601414619675,20.004376825753283,85.01011121820812,1,0.6047401183467644,-0.2149098951580961,-0.023763067224004224
99.60000000000001,1057.2592171461165,493.4203835863672,8.877289076612913,0.7846954342761405,0.5532549287425947,-0.03390833924782339,20.00443247072072,85.01010705089122,1059.5596857614692,492.87946251781864,20.004427611544084,85.01012904261566,1,0.538060964263551,-0.28899721354415286,-0.006181749338890076
99.7,1057.887377238063,494.04766144536046,8.933028185297584,0.7813046003513582,0.5612267528023107,-0.03494271604513509,20.0044381056536,85.0101130558954,1058.2509110859614,494.08987769398095,20.004438484888613,85.0101165311596,1,0.5782153212741546,-0.2656289016931646,-0.027889159222620512
99.80000000000001,1058.5216181610365,494.6767308987748,8.989534427173375,0.7778103287468446,0.5685945864476682,-0.03577851968629642,20.004443756680647,85.01011911903032,1058.913910724771,494.0312834014614,20.004437958527127,85.01012286921839,1,0.5056824533420415,-0.23260587135266356,-0.03853461447891246
99.9,1059.162079144328,495.3075454682442,9.046747102587117,0.7742324767782149,0.575352821232098,-0.03640945028059055,20.00444942338434,85.01012524162698,1061.6333385399564,492.86737423120417,20.004427502953156,85.0101488660552,1,0.5806358237229633,-0.20486413916899965,-0.02730576325387517
100.0,1059.8088834499451,495.94006465500195,9.104604991419794,0.7705915317501559,0.5814966595491722,-0.03683097337307762,20.00445510540087,85.01013142486373,1059.6310355118674,494.3214591092385,20.004440565219863,85.01012972469584,1,0.6314457545842895,-0.2682012160496074,-0.0365310605632311
100.10000000000001,1060.4621377272301,496.574254823411,9.163046434496952,0.7669084344128482,0.5870221206065995,-0.03704038514797116,20.00446080242808,85.01013766976007,1058.274276918109,496.04367724269264,20.00445603616858,85.01011675452928,1,0.6582690150873047,-0.3071958242292313,-0.045981543585505304
100.2,1061.1219314835405,497.21009002119524,9.222009415541114,0.763204395898051,0.5919260452881225,-0.037036858663283066,20.004466514232845,85.0101439771717,1059.878512286033,497.4824900920254,20.004468961244314,85.01013209049253,1,0.5862736912035569,-0.3142580181167573,-0.025026498394562002
100.30000000000001,1061.7883366771234,497.8475527217268,9.281431643554576,0.7595007100317227,0.596206099895662,-0.036821470566179466,20.004472240657716,85.01015034778648,1063.6900678103248,499.6619274693785,20.004488539463384,85.01016852771156,1,0.678798842922038,-0.2838861342154704,-0.02064312656068225
100.4,1062.461407436761,498.48663447397826,9.341250635520247,0.7558185629751047,0.5998607787674892,-0.036397207949914974,20.004477981626774,85.0101567821219,1062.4703873103608,501.72920308883084,20.004507110116236,85.01015686796654,1,0.5540761826918157,-0.3157790840172784,-0.034506274670640706
100.5,1063.1411799112047,499.127336446306,9.401403799308074,0.7521788421801132,0.602889405768332,-0.035768955228451076,20.004483737150515,85.0101632805235,1064.1618098418098,498.24429327572426,20.004475804638748,85.01017303741044,1,0.5705080158111424,-0.29679636663092096,-0.03454131196941381
100.60000000000001,1063.8276722498804,499.7696698511014,9.461828516673913,0.7486019466572681,0.605292134649229,-0.034943461121587555,20.004489507329666,85.0101698431648,1065.837909976487,498.40120126275536,20.004477214167178,85.01018906037727,1,0.6707752279311229,-0.35352285013806706,-0.03955911503280585
100.7,1064.5208847148533,500.41365623853187,9.52246222623792,0.7451076005451094,0.6070699482782693,-0.03392928605924905,20.004495292357813,85.01017647004831,1063.3963603261604,501.7266232591348,20.004507086941235,85.01016571996446,1,0.7206260097064318,-0.22823748503786195,-0.03042864206392472
100.80000000000001,1065.2207999226484,501.05932764907925,9.583242506329567,0.7417146719391845,0.6082246567410632,-0.032736730526139075,20.004501092522776,85.01018316100782,1067.489544413538,502.8918623983118,20.004517554462517,85.01020484946005,1,0.6628962561502479,-0.34073326385378666,-0.03336041435537098
100.9,1065.9273832132228,501.70672661635706,9.644107157586133,0.7384409988865706,0.6087588943152333,-0.0313777450749512,20.00450690820665,85.01018991571202,1067.063911023598,500.4041253165804,20.004495206740085,85.01020078054464,1,0.6367417749885328,-0.29421592388890044,-0.03648807194198375
101.0,1066.6405831422162,502.3559060137148,9.704994285192614,0.7353032243790755,0.6086761153231812,-0.029865822935470476,20.004512739884397,85.01019673366912,1062.9361438814817,504.7270864446133,20.004534040560625,85.0101613204464,1,0.5289169279970708,-0.2549679778687247,-0.005944134631474415
101.10000000000001,1067.3603320915809,503.0069287403878,9.765842380650769,0.7323166420855284,0.6079805888671697,-0.0282158763360111,20.004518588121055,85.0102036142327,1071.6872464651397,505.94568476385575,20.004544987415578,85.01024497811306,1,0.5368582360649957,-0.1460024569349864,-0.01855094816851603
101.2,1068.0865469927887,503.6598672453795,9.826590402966048,0.7294950544519273,0.6066773924563673,-0.026444097830670463,20.00452445356744,85.01021055660864,1066.584312761518,507.5349266423555,20.004559263818273,85.01019619574275,1,0.6431478693011607,-0.250989467200578,-0.01572014675037694
101.30000000000001,1068.8191301560678,504.31480288981845,9.887177859142042,0.7268506446688603,0.604772404532774,-0.02456780808886441,20.004530336954435,85.0102175598631,1063.8538441265123,509.6497656099779,20.004578261739955,85.01017009335935,1,0.6168692710542153,-0.24620707888189075,-0.010733812399540136
101.4,1069.557970198482,504.9718251511677,9.947544883872602,0.7243938638599738,0.6022722959070226,-0.022605291750822407,20.00453623908583,85.01022462293125,1066.422839069723,502.3725767351894,20.004512889640036,85.0101946521073,1,0.5769805367994167,-0.22240800017103068,-0.009894929583224353
101.5,1070.3029430631575,505.6310306753132,10.007632318323447,0.7221333346848916,0.5991845201161183,-0.020575623082469862,20.004542160829807,85.01023174462718,1067.2398075811225,505.6727253033107,20.004542535379024,85.01020246205796,1,0.6324611491576209,-0.09296841214920167,-0.01970672261043701
101.60000000000001,1071.0539131215269,506.2925221851757,10.067381787895826,0.7200757723766447,0.5955173027151428,-0.018498483274073323,20.004548103109144,85.0102389236543,1071.2104330774994,506.3263552750317,20.00454840703696,85.01024041993367,1,0.6312738710905333,-0.2968486432924024,-0.01077295704435865
101.7,1071.8107343501088,506.956407257007,10.126735778866475,0.7182259240492374,0.5912796295196809,-0.016393971317895353,20.00455406689021,85.01024615861668,1070.98918283347,506.6621865514095,20.004551423860647,85.010238304854,1,0.6685004229466947,-0.186154316510071,-0.014084276160501955
101.80000000000001,1072.5732515730233,507.62279697789745,10.185637713799762,0.7165865269174478,0.586481233813192,-0.0142824104699439,20.004560053170927,85.01025344803091,1071.5627556701015,505.675008219067,20.004542555886804,85.01024378802194,1,0.623311347963827,0.021088976731348408,-0.004897774222177301
101.9,1073.3413017611554,508.29180450018555,10.244032025629114,0.7151582858704535,0.5811325825372649,-0.012184152348924083,20.00456606296775,85.01026079033846,1075.200407657603,503.83511849049233,20.00452602787616,85.01027856278027,1,0.6725523009539841,-0.06527074319294064,-0.0037672434893424402
102.0,1074.1147153785812,508.96354351036825,10.301864230307215,0.7139398706355611,0.5752448614847605,-0.010119380751185375,20.00457209730195,85.01026818391864,1075.1343414621592,509.24158184845527,20.004574594962836,85.01027793120913,1,0.6056445629622011,-0.12954773406045697,-0.008945983359827395
102.10000000000001,1074.893317766567,509.6381266317253,10.359080997926066,0.7129279325604425,0.5688299595146695,-0.008107917263527767,20.004578157185232,85.01027562710176,1075.8414613784998,507.33305965308153,20.004557450416254,85.01028469104331,1,0.5930632097743027,-0.05608647076610577,-0.016400904492745758
102.2,1075.6769305551043,510.3156637811545,10.41563022221015,0.7121171408340897,0.5619004518116011,-0.006169030736157544,20.004584243605002,85.01028311818267,1076.9064159270904,510.57364422339737,20.004586561082746,85.01029487165904,1,0.6451160611239602,-0.030881614673872747,0.00029333983349753324
102.30000000000001,1076.4653730915777,510.9962605016415,10.471461088288386,0.711500237760474,0.554469582211965,-0.00432125263605463,20.004590357509365,85.01029065543437,1078.3137770955843,508.6141298765449,20.00456895846587,85.01030832556961,1,0.5355475382098933,0.027056433464170623,-0.0013639475141276193
102.4,1077.2584638757437,511.68001629233447,10.526524138652542,0.7110681124968685,0.5465512446209608,-0.002582200237037178,20.00459649979214,85.0102982371218,1070.9346038504113,508.38104125480146,20.00456686459516,85.01023778309684,1,0.717273617284269,0.09479350701512201,-0.01648592271412476
102.5,1078.0560219897754,512.3670229583564,10.580771337212578,0.7108098924731648,0.5381599635468515,-0.0009684095175261555,20.004602671278022,85.01030586151545,1076.962707232982,513.0699180394871,20.00460898549197,85.01029540978544,1,0.5869228374551883,0.03918106439823617,0.009108208171361019
102.60000000000001,1078.8578685116786,513.0573630022592,10.634156131361912,0.7107130515214122,0.5293108737779839,0.0005048204685839316,20.00460887270815,85.01031352690485,1072.3172383182102,513.5101275826787,20.00461293996158,85.01025100062827,1,0.5783523364198676,0.00837892453058077,0.015158241591011687
102.7,1079.663827899966,513.751108078417,10.686633511968175,0.7107635335682706,0.5200196992312645,0.001823570107361179,20.004615104726202,85.01032123161191,1079.7720076803594,515.4889539923798,20.004630716061662,85.01032226577509,1,0.5762744979298944,0.08884204752565959,0.03210713485945069
102.80000000000001,1080.4737293370922,514.4483175306851,10.738160071208165,0.7109458905790067,0.5103027310004027,0.002975427128592379,20.004621367865273,85.01032897400366,1080.4598304204192,521.005908829938,20.004680275710186,85.01032884113458,1,0.6341595547669848,0.027037977943897194,0.004063452095385769
102.9,1081.2874080188474,515.1490370323446,10.788694058168256,0.7112434332918659,0.500176804634469,0.0039495985587776755,20.004627662535658,85.01033675250463,1084.4240048432164,515.9809056259771,20.004635135338376,85.01036673734015,1,0.5698021752180994,0.02094413570378314,0.0035624795932869997
103.0,1082.1047063767205,515.8532973457413,10.838195432135059,0.7116383931477437,0.4896592766775498,0.004737005557679615,20.00463398901369,85.01034456560852,1085.667609554884,517.3085426469337,20.004647061704652,85.01037862579277,1,0.43940647772735364,-0.006654851600580672,-0.0013572047467128
103.10000000000001,1082.9254752202003,516.5611132171547,10.886625913503766,0.7121120937035117,0.4787680005011907,0.005330360158785798,20.00464034743185,85.0103524118891,1083.5338003649574,513.3284292305527,20.00461130773751,85.0103582272777,1,0.578941519739566,0.009773217307925464,0.012416779223655867
103.2,1083.7495747861283,517.2724824203418,10.933949032235297,0.7126451297193903,0.467521301464382,0.005724223130674097,20.004646737770127,85.0103602900103,1082.2484915539376,513.4117600987327,20.004612056311434,85.01034594014759,1,0.48047647249213116,0.047766106153719345,0.012747404936257648
103.30000000000001,1084.5768756825776,517.9873849599438,10.980130173796642,0.7132175520324577,0.4559379514327766,0.005915042381349522,20.004653159848907,85.01036819873516,1086.0323590202147,522.7358733002638,20.00469581624543,85.01038211267787,1,0.4912957050747428,0.03605844694569828,0.0028020790334820304
103.4,1085.4072597153347,518.7057824435678,11.025136622521853,0.7138090562705927,0.44403714269344086,0.005901171538881898,20.0046596133233,85.01037613693381,1083.8235068033619,515.9353431037679,20.004634726043275,85.01036099677611,1,0.4100744440846775,0.11072304881784631,0.009151872718843497
103.5,1086.2406205859265,519.4276176289247,11.06893760233533,0.7143991734244809,0.43183846130111725,0.005682868556856305,20.0046660976791,85.01038410359004,1086.2364426315964,516.2957854145188,20.004637963951645,85.01038406365016,1,0.48814856220731206,0.0329332261669141,-0.009103788112037263
103.60000000000001,1087.0768644512732,520.1528141499548,11.111504314782076,0.7149674602801666,0.41936185989056796,0.005262274409832492,20.004672612230287,85.01039209780676,1090.0352734021556,520.0355173863052,20.00467155853553,85.01042037922473,1,0.41679314538719037,-0.06871153029081617,0.01952604188816496
103.7,1087.915910336454,520.8812764234701,11.152809974313444,0.7154936877211499,0.4066276299947358,0.004643372159888576,20.00467915611823,85.01040011880986,1086.2425962984858,520.6106991833379,20.004676725481527,85.0103841224772,1,0.4416361118944095,0.02959105860978138,0.0019365795631669071
103.80000000000001,1088.7576903937545,521.612889735516,11.192829840781023,0.7159580249371387,0.3936563739047205,0.003831926887999019,20.00468572831243,85.01040816595075,1091.174726311482,518.9053702161862,20.00466140625077,85.01043127202033,1,0.4094514236366814,0.049297123233615625,0.008485363373869225
103.9,1089.6021500030738,522.3475205044571,11.231541249094388,0.7163412176259386,0.3804689761106239,0.0028354071911532684,20.00469232761291,85.01041623870728,1091.6343541091508,521.4326008483177,20.004684108749803,85.01043566591112,1,0.5067196161974166,0.03157351843181851,-0.0064315270218245225
104.0,1090.4492477109177,523.0850167157469,11.268923636003148,0.7166247583450539,0.36708657436268055,0.0016628891455099364,20.004698952654095,85.01042433668316,1087.5848722595251,526.7731438686972,20.00473208366401,85.01039695419456,1,0.49619958936996006,0.12471520476134922,0.0008393531508942027
104.10000000000001,1091.2989550075063,523.8252085214734,11.304958563966924,0.7167910472596049,0.3535305303915326,0.00032494382529191755,20.00470560191022,85.01043245960585,1094.2206373921586,521.407227694978,20.004683880818888,85.01046038992992,1,0.3858561889022697,0.0029963485160845217,0.002529032290116645
104.2,1092.151255943977,524.5679089961072,11.339629742081454,0.716823541642134,0.33982240032853994,-0.0011664903554635918,20.004712273702097,85.01044060732289,1094.2469549800915,520.3868915430087,20.004674714983285,85.01046064151741,1,0.3730212858969827,0.060818604431293784,0.0037206011749281068
104.30000000000001,1093.0061465941822,525.3129150384094,11.372923044032632,0.7167068926065877,0.32598390486575646,-0.002798249047775885,20.004718966205242,85.01044877979675,1093.3119242563,528.1406959011088,20.004744368592934,85.01045170293078,1,0.3373117565482807,-0.002773401062435818,0.0069990761074492334
104.4,1093.8636343681262,526.0600084082041,11.404826523054606,0.7164270677018101,0.3120368991970679,-0.004556095540989211,20.00472567745917,85.01045697709826,1091.5766639940432,527.5368991440182,20.00473894459438,85.01043511441256,1,0.3973372137722072,-0.024076715551074518,0.01483465529387299
104.5,1094.7237371865904,526.8089568856574,11.435330423872045,0.7159714581477111,0.298003342781179,-0.0064248847959118005,20.004732405377815,85.01046519939872,1092.1461191308636,524.9474010237114,20.004715682736983,85.01044055821664,1,0.3115573492645102,-0.085239695018965,0.005902224631781762
104.60000000000001,1095.5864825288934,527.5595155398381,11.464427191610842,0.71532896966812,0.2839052689678745,-0.008388736117744263,20.004739147760922,85.01047344696084,1093.9734947981842,522.8130144914574,20.004696509216544,85.01045802732789,1,0.29283840523558957,-0.06911118703055365,0.006232909313718186
104.7,1096.4519063679782,528.3114280926401,11.49211147766562,0.7144900960563456,0.26976475452920035,-0.01043121255718416,20.004745902306308,85.01048172012852,1098.079689757854,526.0775580233244,20.004725835110047,85.01049728120314,1,0.3486943977124486,-0.1281314638992567,0.009029828542247223
104.80000000000001,1097.3200520090327,529.0644283636022,11.518380142516682,0.7134469748006272,0.2556038891370882,-0.012535505057536521,20.00475266662283,85.01049001931574,1094.4531765068284,528.9003150530544,20.004751192367877,85.01046261292748,1,0.25868893437125573,-0.10588749681841758,-0.0018384262423095463
104.9,1098.190968849603,529.8182417807595,11.543232255493038,0.7121934242948736,0.24144474482944212,-0.01468461931685623,20.00475943824397,85.01049834499472,1099.5035055954627,533.315258050411,20.004790852475608,85.01051089241494,1,0.2695569931070156,-0.15132045298915536,-0.010051691273046184
105.0,1099.0647110805867,530.5725869423653,11.56666909148257,0.710724962363188,0.22730934550613924,-0.01686156330765703,20.00476621464185,85.01050669768348,1095.3394444939515,527.4628410177563,20.004738279318914,85.01047108535838,1,0.17824380643058962,-0.2122635198043332,-0.0017704442451064763
105.10000000000001,1099.9413363485698,531.3271772141367,11.588694124594266,0.7090388060324223,0.21321963649649334,-0.019049533392749562,20.004772993241595,85.01051507793315,1099.3291305952532,531.0736175696022,20.004770715476553,85.01050922544721,1,0.2784291537526517,-0.14116449871978937,-0.0033194405331329942
105.2,1100.8209044006621,532.0817223465658,11.609313018781869,0.7071338526931473,0.19919745424052948,-0.021232096994453734,20.004779771435846,85.01052348631485,1101.1498476643842,534.1071563262506,20.004797966218856,85.01052663090442,1,0.32624080119962295,-0.19514803605267986,-0.009746438614793379
105.30000000000001,1101.7034757332742,532.8359300968123,11.628533615442372,0.705010642993702,0.18526449612463303,-0.023393369815461137,20.00478654659934,85.01053192340694,1109.038866168451,525.6921280764465,20.004722372733923,85.01060204733042,1,0.25132576476462265,-0.2644337239846771,-0.03293964578582216
105.4,1102.5891102661587,533.5895078397276,11.646365918006795,0.7026713060121559,0.1714422905135926,-0.02551818567261193,20.00479331610338,85.01054038978222,1098.4571632995976,536.6908663435444,20.00482117608084,85.01050088972623,1,0.27453224889095784,-0.2599194755551114,-0.028932787203558404
105.5,1103.477866062504,534.3421641526777,11.66282207354509,0.7001194874448947,0.15775216701939598,-0.027592257089070444,20.004800077330078,85.01054888599575,1107.8939097619746,530.7948124360584,20.004768210927427,85.0105911019232,1,0.14544706021052944,-0.2959947111124399,-0.025340798129375283
105.60000000000001,1104.3697981149483,535.0936103590121,11.677916351410675,0.6973602617359876,0.144215227047777,-0.0296023248948917,20.004806827686203,85.01055741257323,1104.81932535691,536.0895968393829,20.004815774784984,85.01056170990604,1,0.18603144114918704,-0.35907302079299075,-0.01680611468753271
105.7,1105.2649572160763,535.8435620153027,11.691665118954646,0.6944000292464985,0.13085231466277492,-0.03153629520965835,20.004813564616555,85.01056597000026,1106.498472970124,536.583611464135,20.004820212593863,85.01057776200575,1,0.11369431844430544,-0.33518699123276086,-0.02674975940036395
105.80000000000001,1106.1633889303298,536.5917403278468,11.70408681434323,0.6912463997255326,0.11768398780883871,-0.033383362322322925,20.004820285616688,85.01057455871239,1106.5184326704943,539.8454995022383,20.00484951463266,85.01057795281393,1,0.13629571052977157,-0.39177235851551107,-0.017014675987817293
105.9,1107.065132682318,537.3378734844125,11.715201916516413,0.6879080634933002,0.10473048993056011,-0.03513411614108486,20.004826988244872,85.01058317908651,1108.3993131369039,538.9906466270932,20.004841835358626,85.01059593341348,1,0.17334106379818537,-0.4288499565321525,-0.016981749853642047
106.0,1107.9702209743295,538.0816978878247,11.725032912329342,0.6843946518791918,0.09201172202768504,-0.036780633058329175,20.004833670133177,85.01059183143333,1107.5091656612435,530.9498264126347,20.00476960344167,85.01058742389596,1,0.12710275268284996,-0.4823924996585444,-0.019788928371557116
106.10000000000001,1108.8786787434515,538.8229592787484,11.73360426092195,0.6807165885733589,0.0795472151846699,-0.038316549260437545,20.004840328997545,85.01060051599124,1113.2408292878238,536.4686215372805,20.004819179621776,85.01064221671783,1,0.038915164054608806,-0.43752159334302726,-0.02126114361563468
106.2,1109.7905228661775,539.5614137359555,11.740942355366276,0.6768849336473152,0.0673561036118997,-0.03973711570766095,20.004846962646802,85.0106092329216,1108.4211094335033,539.9760291240153,20.004850687200204,85.01059614177892,1,0.03160464833501202,-0.4082026519129808,-0.04510705475424813
106.30000000000001,1110.705761815761,540.2968285434524,11.74707548164433,0.6729112220765491,0.055457098235365265,-0.04103923421302423,20.00485356899042,85.01061798230536,1114.1024655322988,539.711888885093,20.004848314388067,85.01065045367736,1,0.016398901660826568,-0.48682394967821907,-0.031212879218466476
106.4,1111.6243954749323,541.0289829151201,11.752033775013349,0.6688072986552467,0.04386846087095719,-0.04222147425920496,20.004860146045043,85.01062676414145,1109.6912941142932,542.4618151043904,20.004873017395596,85.0106082843273,1,0.0984410903679367,-0.34015275691713487,-0.043296764668759126
106.5,1112.5464151039905,541.7576685689667,11.755849173818522,0.6645851512293262,0.03260797901891266,-0.04328407040618704,20.004866691939643,85.0106355783463,1112.3656595647867,544.1257682359758,20.004887964940895,85.0106338503827,1,0.16580270580174608,-0.43455672064144,-0.054774733719779034
106.60000000000001,1113.4718034617524,542.4826901447109,11.758555370817131,0.6602567441887075,0.021692941312583258,-0.044228900357858474,20.004873204919274,85.01064442475509,1110.2559158048819,544.3080453539999,20.004889602364106,85.01061368192524,1,0.1198158535125939,-0.4248514672152085,-0.042103611678416836
106.7,1114.4005350744508,543.2038654601928,11.760187762081038,0.6558338541529216,0.011140113655105921,-0.04505944397025945,20.004879683347358,85.01065330312429,1115.7656062354934,542.5610406325294,20.00487390875368,85.01066635275626,1,-0.0536591463021973,-0.4601453709415334,-0.026812074313986935
106.80000000000001,1115.3325766454666,543.9210256040188,11.760783393548152,0.6513279097558957,0.0009657160769638296,-0.045780723695540926,20.00488612570654,85.0106622131356,1119.6679545162463,538.3820145706574,20.00483636792384,85.01070365792422,1,0.10201951298045303,-0.41577392623620546,-0.03617330359435629
106.9,1116.267887596773,544.6340148638717,11.760380905296431,0.6467498373863416,-0.00881459965449416,-0.04639922716149961,20.004892530598035,85.01067115440112,1116.0358190573106,543.2675711173073,20.00488025562501,85.0106689359021,1,0.0680054211962382,-0.5550226843042385,-0.021221133445440687
107.0,1117.2064207312167,545.3426904920176,11.759020473617253,0.6421099146701916,-0.018185771642320603,-0.04692281278462094,20.00489889673952,85.01068012646965,1116.615763635105,546.5917949364344,20.004910117635657,85.0106744799818,1,-0.06545076891875849,-0.6498031854969981,-0.04015051133193982
107.10000000000001,1118.1481230032539,546.0469223116831,11.756743750967967,0.6374176333917295,-0.02713334865509509,-0.04736059950264009,20.00490522296159,85.0106891288341,1114.80427211405,542.7755805540318,20.004875835998586,85.01065716271779,1,-0.012293429490619968,-0.5491127126624047,-0.01788257196671102
107.2,1119.092936384541,546.7465921701164,11.753593803886234,0.6326815734414655,-0.035643510081078134,-0.04772284188871583,20.004911508202866,85.01069816093973,1118.405058423884,548.6404163604811,20.004928520715023,85.01069158505234,1,0.04913261049371234,-0.5030039699496759,-0.04094762963354532
107.30000000000001,1120.0407988098134,547.4415932462481,11.749615048951751,0.6279092892525939,-0.043703085014197285,-0.04802079207142874,20.004917751503758,85.01070722219322,1115.2624160306489,550.16677313805,20.004942232211246,85.01066154242316,1,0.013818590532541981,-0.5266499725976431,-0.04279598910989137
107.4,1120.9916451878078,548.1318292228825,11.744853186883395,0.623107210045451,-0.05129957044577971,-0.04826655003119927,20.004923951999032,85.01071631197232,1118.2530112276513,548.51243015177,20.00492737099535,85.01069013153108,1,-0.086754323065179,-0.5231099134054084,-0.056060450910414235
107.5,1121.9454084615538,548.8172133352367,11.739355134862596,0.618280555042331,-0.05842114853729541,-0.04847290397277263,20.00493010890927,85.01072542963598,1122.6257665998812,539.6258737362996,20.004847541700837,85.01073193363634,1,0.0021159592525143017,-0.47299513402097626,-0.032367276569844956
107.60000000000001,1122.902020702177,549.4976673093703,11.733168957175936,0.6134332646450538,-0.0650567029501925,-0.04865316258370113,20.00493622153132,85.01073457453482,1126.8590602954012,545.6634022212348,20.004901777742,85.01077240253377,1,-0.14193173275422188,-0.5217528981723908,-0.04867441387310592
107.7,1123.8614142203915,550.17312020557,11.726343794272557,0.6085679483866836,-0.07119583421086872,-0.04882098107905992,20.004942289227923,85.01074374602177,1132.28904680408,555.8316876812382,20.00499312100442,85.01082431142147,1,-0.05233694299872929,-0.5025459621271811,-0.05029145747314719
107.80000000000001,1124.8235226801032,550.8435071830432,11.718929790333762,0.6036858502787776,-0.0768288740893297,-0.04899018300199252,20.004948311416605,85.01075294346268,1123.0637674248906,549.2038938039581,20.00493358251902,85.01073612078038,1,0.010068964380672736,-0.5910906521085908,-0.0311778773643668
107.9,1125.7882821989563,551.508768203313,11.710978019454691,0.5987868319785784,-0.08194689897239371,-0.04917457979729342,20.00495428755803,85.01076216624683,1130.0941826688927,545.556338533926,20.004900815972533,85.01080332924118,1,-0.05102718819382772,-0.6006521075828258,-0.03259235310933385
108.0,1126.7556324212217,552.1688466904677,11.702540410539283,0.5938693739988491,-0.08654174221278232,-0.04938779020061038,20.004960217143967,85.01077141379726,1127.4868898624266,555.8745888553985,20.004993506392225,85.01077840437824,1,-0.08148861971087962,-0.4672569144586547,-0.033067276528503595
108.10000000000001,1127.725517549133,552.8236881669027,11.693669671012135,0.5889305949787881,-0.09060600543698172,-0.049643061488679065,20.004966099685035,85.01078068558056,1127.2717746088938,552.8637549415337,20.004966459610998,85.01077634794706,1,-0.016138692748364256,-0.5454644857490034,-0.048264972829228876
108.2,1128.6978873195728,553.4732388833846,11.684419209451887,0.5839662888299202,-0.09413306879737071,-0.049953094616283604,20.0049719346984,85.01078998111622,1129.9956706747512,556.7880603502578,20.00500171224628,85.01080238749887,1,-0.015395478043041637,-0.5848343574783785,-0.04546285326933612
108.30000000000001,1129.672697913927,554.1174444621844,11.67484305725266,0.5789709793682918,-0.09711710015321451,-0.05032987522354885,20.004977721695575,85.01079929998535,1129.8584473649669,554.9483204878425,20.00498518558191,85.0108010756891,1,-0.0016151155098669961,-0.5886631190033979,-0.045928419200507366
108.4,1130.649912789899,554.7562485716687,11.664995789421244,0.5739379918459369,-0.09955306316941304,-0.05078451243320473,20.00498346017053,85.01080864183862,1130.9810999667357,556.1319259803053,20.00499581809095,85.01081180787926,1,-0.025835941747093666,-0.5948572797830569,-0.037959330626480756
108.5,1131.6295034251325,555.3895916501301,11.654932444618778,0.5688595406026163,-0.1014367243207559,-0.05132708727230485,20.0049891495882,85.01081800640338,1130.4045039366524,556.4786193932737,20.004998932490867,85.01080629581058,1,-0.017367984623898575,-0.6036616857900574,-0.030791440587362558
108.60000000000001,1132.611449963608,556.0174096957949,11.644708444557093,0.5637268318753859,-0.10276465879252683,-0.05196651244745517,20.00499478937366,85.0108273934898,1128.4171209842116,558.1098746315579,20.005013586305996,85.01078729708226,1,-0.0361192309206501,-0.6392922764612454,-0.0432850468954711
108.7,1133.595741756948,556.639633138901,11.634379512860272,0.5585301806306403,-0.10353425526980153,-0.05271040507809749,20.005000378901954,85.01083680299608,1128.9648661493818,563.4719244845693,20.005061754419366,85.01079253334615,1,-0.060257822813977936,-0.6582738770662089,-0.027961494224523906
108.80000000000001,1134.5823777940034,557.2561858105164,11.624001593503133,0.5532591401228305,-0.10374371960816475,-0.05356497385012466,20.005005917488837,85.01084623491256,1136.5421124438471,560.169204818394,20.005032085583814,85.0108649693322,1,-0.06926826961997405,-0.6023895602725237,-0.03959302966979405
108.9,1135.5713670133778,557.8669840214002,11.61363076893864,0.5479026427378181,-0.10339207738134348,-0.05453492189366671,20.005011404382522,85.0108556893247,1134.7412667431206,553.1259660678636,20.004968815093623,85.01084775383873,1,-0.08525506333621359,-0.6329947404019731,-0.051882915834810896
109.0,1136.5627284948948,558.4719357627288,11.603323178026864,0.5424491505484514,-0.10247917530185724,-0.05562336651600495,20.005016838756475,85.01086516641489,1134.7744617959263,559.8119203085655,20.005028876042456,85.01084807117255,1,-0.13309758995484353,-0.5600579336628788,-0.0423362524547152
109.10000000000001,1137.5564915274183,559.0709400389467,11.593134933878268,0.536886813896851,-0.1010056815131044,-0.05683177673514621,20.00502221970344,85.0108746664631,1137.5820084075879,562.4953823432563,20.005052981992055,85.0108749103961,1,-0.11877125695409485,-0.6142046235592479,-0.034772373948058474
109.2,1138.552695551891,559.6638863413853,11.583122041724243,0.5312036362233363,-0.09897308475233402,-0.05815992936363517,20.005027546230703,85.01088418984641,1140.937492310638,563.2719887609937,20.005059958366203,85.0109069877202,1,-0.0830738088490945,-0.6304076757531484,-0.03317703953022183
109.30000000000001,1139.5513899799762,560.2506542696555,11.573340316927801,0.5253876432869728,-0.09638369238563982,-0.05960588418789545,20.005032817256684,85.01089373703715,1140.0924818090555,558.9708393204781,20.005021320483387,85.01089890969733,1,-0.05431108440551835,-0.6969952029756221,-0.04273697074190464
109.4,1140.552633890239,560.8311133061742,11.563845303247115,0.5194270548681833,-0.09324062731743687,-0.06116597857793353,20.005038031608926,85.01090330860009,1138.584469080316,564.3259466417386,20.005069426230936,85.0108844935909,1,0.008800002582776287,-0.6833653348859491,-0.05590923404135354
109.5,1141.556495605401,561.405122747565,11.554692191464314,0.5133104570103899,-0.08954782377910142,-0.062834841648021,20.00504318802347,85.0109129051884,1145.235374472348,564.1883499462186,20.00506819017879,85.01094807406216,1,-0.06163768517287705,-0.6779871989607129,-0.06000177418858021
109.60000000000001,1142.5630521558214,561.9725317950789,11.545935738491295,0.5070269728455878,-0.08531002200194315,-0.06460542787323267,20.00504828514567,85.01092252753845,1147.3006086647663,569.6900841059881,20.00511761309764,85.01096781702277,1,-0.005136207458059955,-0.680120331596445,-0.053844732837618765
109.7,1143.5723886359663,562.5331798046378,11.537630187063925,0.5005664300582646,-0.08053276178243252,-0.06646906985193188,20.00505332153243,85.01093217646373,1145.0560586019349,560.2831745958923,20.005033109391746,85.01094635986132,1,0.00343302103917352,-0.7415901381556282,-0.04472932489922142
109.80000000000001,1144.584597462243,563.0868966956047,11.529829186134808,0.4939195230730714,-0.07522237494782757,-0.06841554969272788,20.005058295655893,85.01094185284767,1147.5055879962752,561.5646949664034,20.0050446214851,85.01096977655787,1,-0.056794714832267126,-0.7048634126664598,-0.05907785847058336
109.9,1145.599777542117,563.633503515944,11.52258571207436,0.4870779681037986,-0.0693859767329208,-0.0704331882984697,20.005063205908503,85.01095155763583,1149.3256575325584,562.7151463705641,20.005054956165903,85.01098717582488,1,-0.009651466164411603,-0.7811729836983928,-0.06088786957978159
110.0,1146.6180333659165,564.1728131600439,11.515951990788224,0.4800346492739516,-0.06303145607947869,-0.07250895162171402,20.005068050609463,85.01096129182709,1150.0083313151301,562.7021467099275,20.005054839387963,85.01099370196205,1,-0.045207858165721766,-0.7653672498521604,-0.06699497307854309
110.10000000000001,1147.6394740340995,564.7046312341288,11.509979420858464,0.4727837541117802,-0.056167464871759165,-0.0746285727779921,20.00507282801251,85.01097105646441,1149.4817715654374,562.034568984838,20.005048842435226,85.01098866822377,1,0.03993932983216468,-0.8534659473121847,-0.07290748340430422
110.2,1148.6642122339874,565.2287570628915,11.504718497813872,0.465320896833981,-0.048803406122779336,-0.07677668872717919,20.005077536314936,85.01098085262507,1150.459253375212,556.9407305458703,20.00500308370598,85.01099801262885,1,0.012988760790517272,-0.9439236093289083,-0.07339803379361837
110.30000000000001,1149.6923631810291,565.7449848297122,11.500218739633908,0.45764322796126305,-0.04094942112704558,-0.07893699007126224,20.005082173667866,85.01099068141045,1151.2513449010687,564.4408864085427,20.005070458752428,85.0110055847637,1,-0.07047360886146335,-0.8643747030668997,-0.07258273021880694
110.4,1150.724043540499,566.2531048415976,11.496528613588463,0.44974952895413683,-0.032616375598246705,-0.08109238237058994,20.005086738187593,85.01100054393586,1147.4320305168578,567.3611790206974,20.005096692187305,85.01096907337252,1,0.00545985700944563,-0.8660146911102126,-0.058911382408191715
110.5,1151.7593703461412,566.7529049087736,11.493695464514259,0.44164029071707783,-0.023815844809753628,-0.08322515725189382,20.005091227967988,85.01101044132011,1153.8615398167199,565.273239372256,20.005077935906318,85.01103053736985,1,0.08858976328144036,-0.8977972458491995,-0.08062229503720184
110.60000000000001,1152.798459932605,567.2441718276807,11.491765444626513,0.43331777499188845,-0.01456009775909095,-0.08531717147137681,20.005095641093806,85.0110203746753,1148.7310180192253,573.050315378268,20.00514779856874,85.01098149126643,1,0.0063783505135739885,-0.9293355898761709,-0.079791050712263
110.7,1153.8414268985516,567.7266929549771,11.49078344496244,0.42478605784475076,-0.004862080377465716,-0.08735003200623083,20.00509997565484,85.01103034509696,1151.4576285331764,567.7668203931247,20.00510033612575,85.01100755676747,1,0.04752367112728769,-0.9911496499918858,-0.09100380861029592
110.80000000000001,1154.8883831170422,568.200257859034,11.49079302855102,0.41605105464412767,0.005264602192420753,-0.08930528517902295,20.005104229760754,85.01104035365456,1158.7990783204664,572.0733450245864,20.00513902229473,85.01107773861636,1,0.06255854407937801,-1.0365258609201573,-0.07713897451429139
110.9,1155.939436809212,568.6646600343369,11.491836365400925,0.4071205261262254,0.015805704226217188,-0.09116460777225512,20.005108401556473,85.01105040138268,1158.4600972972946,569.4489212725267,20.005115446695044,85.0110744980691,1,-0.006025440732012839,-0.990062341382524,-0.07249781598507228
111.0,1156.994691696307,569.1196986631957,11.493954169396263,0.3980040653489999,0.026746358929869984,-0.09290999806559068,20.005112489238027,85.01106048927284,1161.4568865653646,571.5989205928754,20.00513476046755,85.01110314639031,1,0.08228175639054568,-1.016580888834681,-0.07166501960602312
111.10000000000001,1158.054246243899,569.5651804082303,11.497185637186899,0.38871306554244084,0.038071098807010983,-0.09452396472600008,20.00511649106863,85.01107061826633,1157.239223092837,570.402905070031,20.005124016477307,85.01106282691268,1,-0.0016206587947203005,-1.0848045241599205,-0.08749031947904297
111.2,1159.118193010531,570.0009212182681,11.501568389157665,0.37926066906984085,0.049763876854251876,-0.09598971150148308,20.005120405394926,85.011080789248,1155.6614464867007,574.1072751139787,20.00515729339959,85.0110477438865,1,0.04848267153418207,-1.0185610220302188,-0.08524616866869072
111.30000000000001,1160.1866181111823,570.4267481295865,11.50713841255775,0.36966169791969256,0.06180808855474673,-0.09729131571181995,20.005124230663153,85.01109100304106,1159.4653065199711,570.5945661799836,20.005125738198352,85.01108410753915,1,0.14559423692945633,-1.1336879119631467,-0.09382681893352032
111.4,1161.259600803826,570.8425010438813,11.513930006868614,0.35993256634851056,0.07418659464084598,-0.0984138985945347,20.00512796543513,85.01110126040322,1161.5656946955478,572.3308631681476,20.005141335619573,85.01110418656029,1,0.12202440915626388,-1.13230690906009,-0.08813371179758947
111.5,1162.3372132050233,571.2480344639795,11.521975731485918,0.3500911764890571,0.08688174459401843,-0.09934378565026383,20.005131608403822,85.01111156202387,1162.5741793540433,572.3470332649296,20.005141480878024,85.01111382734243,1,0.10165785420669207,-1.0328154267191958,-0.09120413412527169
111.60000000000001,1163.419520137993,571.6432191681563,11.531306355787418,0.3401567979240307,0.09987540085026225,-0.1000686552379905,20.00513515840842,85.0111219085227,1166.8205615742631,570.7783627937744,20.005127389271422,85.01115442136185,1,0.15219845191252163,-1.080493223274244,-0.09448601136547562
111.7,1164.5065791139875,572.0279438039934,11.54195081165597,0.33014993240023166,0.11314896367802696,-0.10057767379606711,20.005138614448626,85.01113230044949,1163.4227678389773,573.2428907607674,20.005149528502834,85.01112193956965,1,0.1401443512902704,-1.1487630289995374,-0.09420013687329581
111.80000000000001,1165.5984404451422,572.4021163830479,11.553936148523023,0.32009216502062493,0.12668339669431816,-0.10086161620816965,20.00514197569809,85.01114273828523,1166.654543860551,579.105275121641,20.00520219119756,85.01115283428703,1,0.15731232181190982,-1.1209796380238495,-0.09134239337423315
111.9,1166.6951474843179,572.7656656582006,11.567287490994834,0.31000600339980794,0.14045925298439066,-0.10091296999277923,20.005145241516797,85.01115322244435,1163.729266036014,571.9544748319144,20.00513795446562,85.01112486959175,1,0.20330017932039754,-1.1295497232504204,-0.09885449434123486
112.0,1167.796736984897,573.1185423664244,11.582027999119902,0.29991470640053003,0.15445670178925397,-0.10072602216872303,20.0051484114622,85.01116375327818,1169.1476888190284,574.3769370449842,20.00515971581393,85.01117666793404,1,0.14808831475629736,-1.2738923022469908,-0.09815099008950336
112.10000000000001,1168.9032395710747,573.4607203208666,11.598178831352685,0.28984210418365774,0.16865555572447732,-0.1002969278358264,20.005151485299063,85.01117433107952,1168.9125652216317,577.2340571734749,20.005185381760732,85.01117442022966,1,0.20067237600221186,-1.1785854027488587,-0.07822330769911086
112.2,1170.0146803069879,573.792197337556,11.615759110264797,0.2798124114000751,0.18303529849331035,-0.09962375970679578,20.00515446300777,85.01118495608793,1167.7652402921344,577.2129571803888,20.00518519221627,85.01116345218014,1,0.1974218887629777,-1.1297479252685083,-0.06751829201833195
112.30000000000001,1171.131079351102,574.1129959837161,11.634785891051347,0.26985003542939556,0.1975751130558212,-0.09870653803192267,20.005157344791037,85.01119562849614,1170.4235912645775,574.1481452368743,20.005157660542153,85.01118886514239,1,0.14829494432580842,-1.1362600098763025,-0.1057502075172631
112.4,1172.2524526806696,574.4231641365634,11.655274132875961,0.2599793816262033,0.21225391021592266,-0.09754724056981949,20.005160131078963,85.0112063484569,1171.699925441124,567.2729980276913,20.005095900043965,85.01120106647794,1,0.19623112240345766,-1.0945847015053245,-0.10514195261358007
112.5,1173.378812869847,574.7227753435651,11.677236673094532,0.25022465756922135,0.22705035758731285,-0.0961497924728643,20.005162822532228,85.01121711609038,1172.5683474818356,576.2728837995105,20.005176747393406,85.01120936830745,1,0.3354606799405045,-1.0362897671271636,-0.1007213207509458
112.60000000000001,1174.510169904227,575.0119289773887,11.700684204393424,0.24060967832193492,0.24194290889812287,-0.09452003617298642,20.005165420043515,85.01122793149207,1179.82419363103,568.3535062015195,20.005105606414038,85.01127873181368,1,0.29117907462738457,-1.0920258834806535,-0.09055292032337196
112.7,1175.646532014139,575.2907501811479,11.725625254874156,0.23115767470463627,0.2569098335952358,-0.09266568156950264,20.005167924737002,85.01123879474063,1175.3511940072153,579.7005618739717,20.005207538749442,85.01123597140628,1,0.22073041852516634,-1.10944579587763,-0.07870787645913006
112.80000000000001,1176.7879065090972,575.5593896020016,11.752066171112471,0.221891106547686,0.2719292467065948,-0.09059623703354319,20.00517033796598,85.01124970590595,1176.0562181785651,576.0678112155814,20.00517490519504,85.01124271120582,1,0.2249115279141743,-1.0184503895464374,-0.07968370761306047
112.9,1177.9343005962298,575.8180229136411,11.780011104215475,0.2128314828443317,0.2869791389217724,-0.08832292195088726,20.00517266130855,85.01126066505694,1171.6419477233994,578.8170449732571,20.005199601982085,85.01120051223,1,0.31137094391624326,-1.0267761680165988,-0.08160261058308257
113.0,1179.0857221663869,576.0668501306643,11.809461998896825,0.203999190649243,0.30203740684908276,-0.0858585617244597,20.00517489656147,85.01127167226899,1176.4031001104483,573.3605167161212,20.005150585154766,85.01124602728316,1,0.4100967335079069,-0.9917465970060395,-0.0755692062548807
113.10000000000001,1180.2421805328634,576.3060947202384,11.840418585585292,0.195413334476797,0.31708188340795473,-0.08321746634717929,20.005177045732186,85.01128272763117,1179.4529602594944,571.6485723003383,20.005135206496426,85.01127518294456,1,0.33774397666773714,-0.9699183211401141,-0.08513832791346299
113.2,1181.4036871092535,576.5360025187605,11.872878375578416,0.18709158784207908,0.33209036831538974,-0.08041529383320478,20.00517911102908,85.01129383125259,1179.3461290807236,577.318265671184,20.005186138218537,85.01127416167357,1,0.42744034598559055,-0.8126691132174921,-0.07785652155073097
113.30000000000001,1182.570256014815,576.7568404633942,11.90683665924837,0.1790500584587586,0.34704065862427136,-0.07746889995896554,20.005181094850087,85.01130498326819,1186.7153787949483,576.6560301435258,20.005180189255576,85.01134460928064,1,0.39463719716520423,-1.0044447510329526,-0.07266984544272351
113.4,1183.7419045978081,576.9688951503744,11.94228650730327,0.17130316846286203,0.3619105792721733,-0.07439617591291522,20.00518299976975,85.01131618384386,1183.2470912716194,575.4942726719029,20.005169753010644,85.01131145359096,1,0.415473102164468,-0.8778771429564004,-0.08523833930163374
113.5,1184.9186538695242,577.1724712337949,11.979218775102805,0.1638635508715705,0.37667801359897446,-0.07121587558307915,20.005184828524822,85.01132743318043,1188.7839866174788,577.4264550759932,20.005187110100497,85.01136438449204,1,0.339891988133746,-0.8232950051526268,-0.07782897763030511
113.60000000000001,1186.1005288440522,577.3678896802179,12.017622110023066,0.1567419633132626,0.3913209337910484,-0.0679474343227707,20.005186583998597,85.01133873151703,1186.2856427462034,585.6701973563147,20.005261164897384,85.01134050114514,1,0.4681970798785363,-0.8256237136508081,-0.07416309493554729
113.7,1187.2875587811939,577.5554858958576,12.057482961861014,0.14994721988098553,0.40581743121110847,-0.06461078112613654,20.005188269204073,85.0113500791334,1187.3992422904587,580.0590625379648,20.0052107592157,85.01135114679106,1,0.4190708293474281,-0.7040521009745083,-0.051969698889298796
113.80000000000001,1188.4797773322466,577.7356077442868,12.098785596265287,0.14348614176837188,0.4201457465719294,-0.06122614621538361,20.005189887266166,85.01136147635118,1188.2133879891092,580.8841035618767,20.005218170685318,85.01135892975655,1,0.49330036925247484,-0.6700991320095336,-0.05377259672965945
113.9,1189.6772225905652,577.9086134735974,12.1415121111754,0.13736352714683353,0.43428429991235085,-0.057813866090011955,20.005191441403078,85.0113729235346,1189.6886113454295,580.4404241482574,20.005214185045332,85.01137303240735,1,0.42357580081304524,-0.6743354862501799,-0.046703254089272526
114.0,1190.879937050844,578.0748695727165,12.185642456247757,0.13158214053783235,0.4482117203352942,-0.05439418811441848,20.005192934907026,85.01138442108984,1196.0363220599936,582.513256004273,20.00523280561071,85.01143371443706,1,0.48706418771078985,-0.6463618158273696,-0.06779073801244312
114.10000000000001,1192.087967482852,578.2347485771471,12.231154455242459,0.1261427217263905,0.4619068754662603,-0.05098707672378073,20.00519437112456,85.01139596946403,1185.1291353025983,577.6645335584449,20.005189248795894,85.0113294453138,1,0.5095070231631419,-0.5992286523414421,-0.06082274358429676
114.2,1193.3013647268867,578.388626844777,12.27802383134101,0.12104401405401241,0.4753489005932998,-0.04761202330891356,20.005195753436556,85.01140756914317,1187.2967274935706,572.2243429217511,20.00514037873192,85.01135016678327,1,0.4976472347645065,-0.5598208895275948,-0.035979868906348605
114.30000000000001,1194.520183419445,578.5368823225864,12.326224235361119,0.11628281172312105,0.48851722744721826,-0.0442878617992314,20.005197085238173,85.0114192206496,1192.8906709262767,577.9711239235684,20.005192002944003,85.01140364304533,1,0.5387444871015261,-0.519820766848298,-0.06707455821589191
114.4,1195.7444816585132,578.6798923250989,12.375727276830453,0.11185402554319791,0.501391612583415,-0.041032591899379134,20.005198369918883,85.01143092453867,1195.788065304326,581.1150994550884,20.005220245756732,85.01143134118402,1,0.5180717588237896,-0.48720812188403856,-0.02378629832338109
114.5,1196.9743206184637,578.818031345266,12.426502557877802,0.10775076635326,0.5139521653269785,-0.03786321185023374,20.005199610842816,85.01144268139522,1199.0446338927557,575.9086301599208,20.00517347524729,85.0114624729102,1,0.5114991776749146,-0.427884833176779,-0.051096383285461636
114.60000000000001,1198.2097641247885,578.9516689181609,12.478517709895849,0.10396444516823664,0.5261793752413535,-0.034795562479817424,20.00520081132956,85.01145449182941,1199.629025718871,578.4225710666929,20.00519605836269,85.01146805950414,1,0.6364535443810517,-0.36653643938879604,-0.02136211356056764
114.7,1199.4508781988368,579.0811675573855,12.531738432926073,0.1004848889202549,0.538054139084716,-0.031844184185281385,20.005201974635625,85.01146635647235,1198.298140460195,577.0058583283785,20.00518333181563,85.01145533667815,1,0.6205017824027881,-0.4305759941997962,-0.035730030432851015
114.80000000000001,1200.6977305823607,579.2068807834747,12.586128537712792,0.09730047050172676,0.5495577872162727,-0.029022188344906236,20.00520310393675,85.01147827597164,1203.754861662086,583.7129685390041,20.005243582811772,85.01150750114074,1,0.5415145499638638,-0.38781018791635735,-0.01353315119319041
114.9,1201.950390251051,579.329151262803,12.641649990369327,0.09439825166723613,0.5606721094165312,-0.026341144500640675,20.005204202311155,85.01149025098668,1205.0409764605092,581.5775223090227,20.005224399771905,85.01151979597583,1,0.6190943246962619,-0.3904214305970174,0.010740464638524273
115.0,1203.208926925401,579.4483090745723,12.698262959596098,0.09176413721717207,0.5713793800861655,-0.023810984478665892,20.005205272723988,85.01150228218395,1203.7611004192158,581.4029309365042,20.00522283139092,85.01150756078121,1,0.5642454373511079,-0.22903827221908077,-0.04154276077987715
115.10000000000001,1204.473410586214,579.5646701223843,12.75592586638656,0.08938303876930548,0.581662382789041,-0.02143992442989052,20.005206318013066,85.01151437023248,1207.3613833036745,581.4294740617472,20.00522306983187,85.01154197830319,1,0.5524281506059249,-0.23096992194909047,-0.009486152951284035
115.2,1205.743911000918,579.6785347056601,12.814595436153907,0.08723904632631643,0.5915044341062714,-0.01923440557602888,20.00520734087602,85.01152651579918,1206.5618467912143,579.5667869480037,20.005206337028834,85.01153433499671,1,0.6731949061762202,-0.19121775011507441,-0.03231603271196627
115.30000000000001,1207.020497265636,579.7901862647889,12.874226753207815,0.08531560576871354,0.6008894067676707,-0.01719905424227077,20.005208343859042,85.01153871954462,1205.3360481852874,580.3828551123714,20.005213667893884,85.01152261676461,1,0.5456844254853004,-0.2628994361738881,-0.00793136502009573
115.4,1208.303237366701,579.8998903123435,12.93477331750744,0.08359570034448646,0.6098017520303056,-0.015336661546654997,20.005209329347267,85.0115509821187,1210.3966878837011,576.3443365707465,20.00517738926457,85.01157099481811,1,0.6861445477091327,-0.07912883440930854,-0.012404383182173935
115.5,1209.5921977640871,580.0078935610138,12.996187103613876,0.08206203418982096,0.6182265212725557,-0.013648182901494985,20.005210299556957,85.01156330415678,1209.924037131823,573.4485676247621,20.005151376129536,85.01156647643215,1,0.6355904056439028,-0.1778168840194404,-0.00735035967687655
115.60000000000001,1210.887442998079,580.1144232570741,13.058418621761952,0.08069721589967147,0.6261493867739265,-0.012132757265885008,20.0052112565295,85.01157568627583,1210.8914625383425,580.5646666481092,20.005215301134697,85.01157572470132,1,0.6455720566199001,-0.12002433305858762,-0.016249620029167376
115.7,1212.1890353194576,580.2196867262347,13.121416980968661,0.07948394017308297,0.633556661653456,-0.010787745872812516,20.005212202127332,85.01158812907096,1216.6078960360264,581.1916574950511,20.005220933489305,85.01163037192816,1,0.6840442226346205,-0.06883127884797814,0.0020176652221524875
115.80000000000001,1213.4970343425896,580.3238711366358,13.185129954092643,0.07840516558580171,0.6404353189380174,-0.00960878994208409,20.005213138031813,85.01160063311205,1206.1444179569694,583.9516648419119,20.005245727057144,85.01153034451414,1,0.6994952595377301,-0.14604213187776066,-0.0190923683217879
115.9,1214.8114967200806,580.4271434815477,13.249504044756264,0.0774442865915933,0.6467730097354352,-0.008589886683469904,20.005214065743072,85.01161319894068,1210.558444209602,585.1411509297948,20.005256412392477,85.01157254115547,1,0.6354558508939898,-0.1111279562822658,0.0088264859455175
116.0,1216.1324758371236,580.529650782051,13.31448455603973,0.07658529792324631,0.6525580804872355,-0.007723482695415946,20.00521498658182,85.0116258270672,1212.5712645580004,585.2396462370479,20.005257297190873,85.01159178305694,1,0.7184443609247387,-0.063875602336912,-0.006815985761517772
116.10000000000001,1217.4600215233213,580.6315205076239,13.380015660853712,0.07581294965370472,0.6577795892767124,-0.0070005836755808164,20.005215901693134,85.01163851796797,1216.370239580615,577.6374497277423,20.0051890054977,85.01162810001051,1,0.6934481161779736,0.07920573455884716,-0.016027490449611714
116.2,1218.7941797796223,580.7328612101616,13.446040473895073,0.07511289128614664,0.6624273211713927,-0.00641087918237307,20.005216812052154,85.01165127208274,1218.0303552703242,579.6760661053122,20.005207318700208,85.01164397017129,1,0.6296245815279908,-0.04114470381683844,0.014538489051033913
116.30000000000001,1220.1349925180375,580.8337633645474,13.51250112508799,0.07447180336790933,0.6664918025773936,-0.005942881023520779,20.00521771847163,85.01166408981217,1215.6130155747185,582.2747662521915,20.005230663220814,85.0116208611977,1,0.6879980783984067,0.030014871014947334,-0.0016163075516123099
116.4,1221.4824973119999,580.9343004064937,13.579338834410551,0.07387751526555725,0.6699643145874568,-0.005584073700313306,20.005218621611245,85.01167697151546,1218.5270232150674,588.5300144397202,20.005286855071343,85.01164871815372,1,0.769028265365403,0.014455628406722681,0.018492286004106958
116.5,1222.8367271555644,581.0345299560117,13.646493988005481,0.07331910789552591,0.6728369053032068,-0.005321075206090968,20.005219521988607,85.01168991750801,1220.2542021199938,585.4748275671535,20.00525940986071,85.01166522941682,1,0.7866666452154917,-0.024213518984919486,0.011892486087042454
116.60000000000001,1224.1977102300823,581.1344952125876,13.713906215471193,0.07278700037491681,0.6751024011148399,-0.005139806366277035,20.005220419991787,85.01170292805922,1231.56998250631,584.4926866985827,20.005250587139173,85.01177340456098,1,0.7409698239952738,-0.08994661105433897,-0.008121263414141384
116.7,1225.5654696774966,581.2342265059533,13.78151446822845,0.0722730197382891,0.6767544169244033,-0.005025666815914193,20.005221315893237,85.01171600339033,1230.970695520738,580.0708626393055,20.005210865217812,85.01176767557422,1,0.6472372425159848,0.0137263806048947,-0.0008755648252816818
116.80000000000001,1226.9400233799463,581.3337429842948,13.849257098856073,0.07177045305669769,0.6777873652956412,-0.004963715640346423,20.00522220986497,85.0117291436723,1225.7047751268924,578.6841440908294,20.005198408113145,85.01171733510469,1,0.7323177104184356,-0.11364929115117298,0.0012466637562893203
116.9,1228.3213837459157,581.4330544198458,13.917071941287578,0.07127408149266304,0.6781964645208394,-0.004938854656070352,20.005223101994776,85.01174234902373,1227.2306338749952,583.7997780699956,20.005244362635057,85.0117319218132,1,0.750739509713799,0.0413093606277604,0.015324177343794043
117.0,1229.7095575036644,581.5321631101189,13.984896391760241,0.070780196027056,0.6779777455923242,-0.004936012282449683,20.00522399230329,85.01175561950896,1226.2619455120996,578.2301793174158,20.0051943300782,85.01172266147059,1,0.7442631447582603,-0.02902935494760204,0.004439164851221467
117.10000000000001,1231.104545503119,581.6310658515407,14.052667490406042,0.07028659479881103,0.6771280580679306,-0.004940325951201283,20.00522488076173,85.01176895513609,1225.3801542634433,580.9157567985998,20.00521845503118,85.01171423183584,1,0.7463757725023266,-0.17193593525136439,0.0018226002597633096
117.2,1232.506342527745,581.7297559610212,14.120322003373827,0.0697925622036909,0.6756450748249332,-0.0049373210193441736,20.00522576731007,85.01178235585527,1232.1557019685192,581.3854221140155,20.00522267410649,85.01177900384668,1,0.7238082287873098,-0.05674186737875757,-0.0019361168903272506
117.30000000000001,1233.9149371181543,581.828225320008,14.187796505371029,0.06929883010175648,0.6735272956936367,-0.004913084192481569,20.005226651875372,85.01179582155694,1230.9213811684222,586.6069615873764,20.005269579993648,85.0117672041452,1,0.6999066787521095,-0.007008447690536629,-0.00041865455102795966
117.4,1235.3303114093062,581.9264664148943,14.255027462512555,0.06880752168250832,0.6707740499663029,-0.004854429528352293,20.00522753439014,85.01180935207033,1235.0757598143202,580.8623745060153,20.005217975489888,85.01180691864069,1,0.670355675171102,-0.051051219893482144,0.013191491328430952
117.5,1236.7524409831367,582.0244743472589,14.32195131536429,0.0683220787296731,0.6673854977785698,-0.004749055174890141,20.00522841481038,85.011822947162,1231.9518234360062,574.706725431541,20.005162678353415,85.01177705483487,1,0.602488721853495,-0.002265446459076767,0.00028799833308460274
117.60000000000001,1238.1812947383055,582.1222487873565,14.388504562068269,0.06784717321218409,0.6633626303603091,-0.004585689101598067,20.005229293133116,85.01183660653463,1235.8953713633748,583.6355827303439,20.005242887643227,85.01181475385792,1,0.7103447186959766,-0.07848241694418531,-0.003535661814579814
117.7,1239.616834778486,582.219795844539,14.454623841436351,0.06738860430202429,0.6587072691567109,-0.004354222206761809,20.00523016941324,85.01185032982596,1240.0627160643944,580.1227302852272,20.005211331152804,85.01185459230462,1,0.6980099113393203,-0.09823776276015121,-0.004999293862898677
117.80000000000001,1241.0590163202708,582.3171298288908,14.52024601589961,0.06695318208134811,0.6534220638197841,-0.004045827324500928,20.0052310437793,85.01186411660785,1242.1576451136225,582.445022902204,20.005232192662323,85.01187461913831,1,0.7113008559610249,-0.03231867824198265,-0.004583478862862548
117.9,1242.5077876213404,582.4142748793026,14.585308254200308,0.06654859934889802,0.647510489072971,-0.0036530628133426835,20.005231916448135,85.0118779663857,1243.7602034975664,582.1541607767763,20.005229579803395,85.01188993907014,1,0.6106333044083263,-0.021702763840063505,-0.012674022773770333
118.0,1243.9630899290835,582.511266434491,14.649748113714205,0.06618329306756375,0.6409768404541083,-0.003169959580176202,20.005232787738098,85.01189187859781,1240.0016229766125,581.6901544470377,20.005225411563615,85.01185400827477,1,0.7032276749198614,-0.03385832693335267,-0.005673712663440992
118.10000000000001,1245.4248574493836,582.6081525250743,14.71350362229113,0.06586629710954613,0.6338262289410235,-0.0025920905781837943,20.00523365808066,85.01190585261523,1247.9889146397902,584.9791742704284,20.00525495733139,85.01193036415988,1,0.7665534836720623,0.05322582322069566,0.017392112178319437
118.2,1246.8930173348488,582.7049948667568,14.77651335950241,0.06560708805172774,0.62606457446857,-0.0019166220126556124,20.005234528030215,85.01191988774156,1244.4923822450432,578.1064002316987,20.005193218151753,85.01189693845852,1,0.6599870810074656,-0.04083135953207494,0.0010173853816694218
118.30000000000001,1248.367489691379,582.8018697368939,14.838716537184844,0.06541542585046219,0.6176985983447381,-0.0011423456922813949,20.00523539827198,85.01193398321304,1250.266063435201,581.2508270620308,20.00522146501857,85.0119521329545,1,0.644615332384411,0.02870733645137967,0.010901770993279589
118.4,1249.848187601668,582.8988686192306,14.900053079171357,0.06530119128123404,0.6087358145762067,-0.0002696921733957025,20.005236269627765,85.01194813819878,1249.8162715718136,584.9509823585828,20.005254704079135,85.01194783309201,1,0.6541859323804918,0.029380070859548208,-0.020057257352404045
118.5,1251.3350171640627,582.9960986043704,14.960463700100085,0.06527422206389448,0.5991845201161006,0.0006992754416400015,20.005237143059585,85.01196235180109,1247.2058546668288,581.1538442783374,20.0052205938074,85.0119228783637,1,0.7308013713516175,-0.037374312745777474,0.011382388531298793
118.60000000000001,1252.8278775451458,583.0936825365147,15.019889983194577,0.06534414960805848,0.5890537840460119,0.00176088697549758,20.005238019670962,85.01197662305604,1251.8792844314023,578.2672624087048,20.005194663201276,85.01196755481742,1,0.5678713959610174,-0.009503180538611718,0.0051473599318064426
118.7,1254.3266610445082,583.1917589001905,15.078274456909288,0.06552023830560824,0.5783534357078057,0.002909909625588198,20.005238900705926,85.01199095093406,1255.4227522706994,585.1974249299607,20.00525691791042,85.01200142920621,1,0.618513782377501,0.07447196679185256,0.0030955093966831115
118.80000000000001,1255.831253170409,583.290481444002,15.135560670336139,0.06581122926816706,0.5670940518009449,0.0041396108904774385,20.005239787545626,85.01200533434066,1257.6701493118328,586.6597653353266,20.005270054337785,85.01202291358383,1,0.5571111806860627,0.19171533171875368,0.010949210464688755
118.9,1257.341532725393,583.390018541866,15.191693267269477,0.0662251903572148,0.55528694246334,0.005441839265425368,20.00524068170259,85.0120197721172,1256.9185690330598,583.255032918937,20.005239469106108,85.0120157287232,1,0.5579367064210903,0.1416342435250658,0.005483586727305089
119.0,1258.8573719014314,583.4905522956768,15.246618058828806,0.06676937428375734,0.5429441363538245,0.006807121801673796,20.005241584812666,85.01203426304188,1263.4527085732345,577.6080155002683,20.00518874108554,85.01207819295126,1,0.5704646209597276,0.04750384493281534,-0.009431627397209763
119.10000000000001,1260.3786363847298,583.5922773868441,15.300282094540242,0.06745008646392472,0.5300783647569407,0.008224777436213063,20.005242498624707,85.01204880583073,1263.4011686976894,585.7101866269405,20.005261524127114,85.01207770024699,1,0.6274445268376186,0.000317011682902435,0.022447256847932435
119.2,1261.9051854710056,583.6953996876132,15.352633731780195,0.06827256420754603,0.516703044732898,0.009683044822976812,20.005243424988095,85.01206339913865,1261.1352231218063,578.7157360433541,20.005198691908483,85.01205603855146,1,0.6367525747673348,0.21531292022579238,0.017113220436458743
119.30000000000001,1263.4368721927005,583.8001346464627,15.403622703486821,0.06924086868984371,0.5028322613335678,0.011169223234536424,20.00524436583824,85.01207804156067,1265.6872376291115,584.7265324770071,20.00525268781154,85.01209955431518,1,0.5552393685649032,0.19723582644940782,0.013029798687057906
119.4,1264.9735434602535,583.9067054651289,15.453200184046908,0.07035779101329735,0.4884807489098808,0.012669824957282708,20.00524532318019,85.01209273163332,1270.7749239158181,581.2443139909024,20.005221406510657,85.01214819092519,1,0.49965101275870655,0.28285263983724174,0.008007971236558335
119.5,1266.5150402201427,584.0153410878931,15.501318853268797,0.07162477350902563,0.4736638715365604,0.014170737474334763,20.005246299070595,85.01210746783609,1272.3964940224919,580.5358232305922,20.00521504202987,85.01216369260285,1,0.6283008148684863,0.20562922394005606,0.004472162313263412
119.60000000000001,1268.0611976328958,584.1262740266267,15.54793295835422,0.07304184725645911,0.45839760257914364,0.015657393620446335,20.00524729559814,85.01212224859316,1264.3771979904282,582.8005439753877,20.00523538636246,85.01208703076648,1,0.46701987851266763,0.290950731206189,0.022896320691126914
119.7,1269.6118452745923,584.2397380476908,15.592998373784626,0.07460758661850374,0.4426985034332276,0.017114947803199512,20.005248314862783,85.01213707227535,1266.8322459411208,583.689845378409,20.00524337509289,85.0121105002186,1,0.44414170771524075,0.33918202641409184,0.0382493574054531
119.80000000000001,1271.1668073655374,584.3559657490883,15.636472659040866,0.0763190813988237,0.4265837014635654,0.018528456315773677,20.00524935895399,85.01215193720226,1275.621563725739,582.423340997929,20.005231997890466,85.01219452321004,1,0.36783654923462905,0.297346518685504,0.02556012108318406
119.9,1272.7259030297162,584.4751860582138,15.67831511407734,0.07817192703040106,0.41842455036473325,0.019883059719298907,20.005250429928246,85.01216684164477,1269.5510598772032,586.2412958928593,20.005266295162826,85.01213649118692,1,0.5182291288269705,0.3204285971996331,0.011055443658370646
